flowtime, sM2R1, sM2R2, sM2R3, sM2R4, sM2R5, sM2R6, sM2R7, sM2R8, sM2R9, sM2R10, sM2R11, sM2R12, sM2R13, sM2R14, sM2R15
0.0, 0.8661281321181226, 0.8980979336450337, 0.85264034617639, 0.8956503853005707, 0.8594258448730601, 0.869320693922801, 0.9063300062145804, 0.8462912318699757, 0.8483013157192987, 0.887284810857083, 0.8940999991781505, 0.8513888410313065, 0.8652377347621633, 0.8597860587725434, 0.8461877556422716
0.1, 0.8055011331128662, 0.8356529207614304, 0.7809794367520726, 0.818286149722568, 0.8049321720089542, 0.8126818032268388, 0.8314474426963124, 0.795293248882142, 0.7948365017926712, 0.8264301382089232, 0.8263113881695345, 0.7989714419330775, 0.8054618640255661, 0.8004119501998243, 0.7953505989717866
0.2, 0.7432473444626808, 0.7701703076846982, 0.7115885616212446, 0.7425030328919966, 0.7481365135212286, 0.7551762542894922, 0.756541240127135, 0.7426245762410085, 0.7389830147620067, 0.765046483011165, 0.7592863647144318, 0.7445146535770546, 0.7445741508454694, 0.7401709800785675, 0.742850279799497
0.3, 0.6793334873501585, 0.701774724978335, 0.6459199461463688, 0.6696454163449075, 0.6889162480024069, 0.6967773637683998, 0.6834031339617838, 0.6886087413778916, 0.6804746101086417, 0.7031666063258276, 0.6926691293993834, 0.6879978963911649, 0.6826440909974772, 0.6790714983564674, 0.6890209320708283
0.4, 0.6143524194025015, 0.6329603206243734, 0.5847153385014979, 0.6013234745934809, 0.6276566301898472, 0.6375653665977152, 0.6144872373499617, 0.6336101120749649, 0.6194598868245309, 0.6413956946436021, 0.6272711519943464, 0.6294781881999753, 0.6202393999005184, 0.6175185178327638, 0.6342424998661981
0.5, 0.5497674317679976, 0.5674263914753577, 0.5281991207273763, 0.5387840054755755, 0.5658730096175821, 0.577903093981284, 0.5513843061906379, 0.5779854804718098, 0.5572905394470752, 0.5809002710571062, 0.5651597555283385, 0.5694350405556129, 0.5585976867469236, 0.5563751457044713, 0.5788862677440689
0.6, 0.4876924778414545, 0.5075482865299762, 0.4763869484845821, 0.48258288499268903, 0.5060960931608287, 0.5188365865012915, 0.49443815563975135, 0.5220980139562039, 0.49658790990984303, 0.5231105888541843, 0.5081682558869801, 0.5093732379971525, 0.49947954696836805, 0.4969351627087964, 0.5233089731113544
0.7, 0.4300671833365023, 0.453860618154947, 0.42918437880721066, 0.43262857445331176, 0.45051156589557145, 0.4622409306398941, 0.44322534270285385, 0.46646615867898017, 0.43982273758459345, 0.46924146213762946, 0.45677499263005744, 0.45179863367945217, 0.44453458507880467, 0.4407043911759211, 0.46796523917462934
0.8, 0.3779999806506981, 0.4059802951586878, 0.3863958108478801, 0.3884368915803847, 0.3999981064863109, 0.4100710427832365, 0.39706390078453185, 0.4119987326253231, 0.3882135593132756, 0.419954321449719, 0.4105439633661869, 0.3989444773203986, 0.3946821986765788, 0.3889625745018694, 0.41361669697737674
0.9, 0.33177169869466716, 0.3632783877502738, 0.3477421938417664, 0.34937954682212197, 0.3544895897193791, 0.36336335075420767, 0.35531890768875585, 0.3600547773177859, 0.3419411555877235, 0.3753481359168116, 0.3688549121766481, 0.3517270584747002, 0.35004401154952597, 0.342411835421219, 0.36144852114071097
1.0, 0.2911370459881268, 0.3251331385260315, 0.31289426975549833, 0.31483028547749303, 0.31362323386826596, 0.3221132571962048, 0.3175417951935514, 0.31209113872570426, 0.3006994802061216, 0.33516799663031543, 0.3311879062315676, 0.31000273987425553, 0.31027090792128215, 0.30120603027478243, 0.3128728017596884
1.1, 0.2555761779959946, 0.29100701329902334, 0.2815041109835936, 0.28422274255099644, 0.27702773718559964, 0.2857836266045598, 0.2834725194503076, 0.2691171507876718, 0.2640282519007833, 0.2990248623278066, 0.2971386043110093, 0.27322962850701155, 0.2748641016067728, 0.2651601478584621, 0.26907219573414215
1.2, 0.22445707436748596, 0.2604567593030473, 0.25322664458647853, 0.2570618382886451, 0.2443685400726414, 0.25373025801779, 0.25293556797004146, 0.23144411051070238, 0.23146118671958235, 0.266523765756433, 0.26637622780748516, 0.24082439380337486, 0.24333895622240556, 0.23387365579823333, 0.230630162080969
1.3, 0.19714623209542687, 0.23311632146770564, 0.22773224667251044, 0.23291764471815904, 0.21533069781523273, 0.22537424619521543, 0.22571984864270328, 0.19883516306586116, 0.2025780947606769, 0.23730651855032403, 0.23861218679461144, 0.21226153553108984, 0.21527181960284125, 0.20680042279718028, 0.1974942036144709
1.4, 0.17307880877775242, 0.20867405365671063, 0.204714155688416, 0.21141508707955534, 0.1896045707262696, 0.2002335369387001, 0.20153227283431208, 0.1707837747271144, 0.17701043665594335, 0.21105170144162277, 0.21358503216879327, 0.18708192607952215, 0.19029708538231455, 0.18334153476189155, 0.16919158561669126
1.5, 0.1517901082218562, 0.18685423817874602, 0.18389344019713083, 0.19222428433234684, 0.16688277463389983, 0.17790906915608254, 0.1800275176434304, 0.14671326145225055, 0.15442982841410033, 0.187465935376111, 0.19105480274749148, 0.16488355106634456, 0.16809292894811514, 0.1629317540169962, 0.14508308217364438
1.6, 0.13291718389157772, 0.1674050538433226, 0.16502262847456542, 0.17505286653941163, 0.14686362392338084, 0.15806507344526508, 0.16085923874952107, 0.1260723935286061, 0.13453620874712183, 0.166280726653752, 0.17080085446815274, 0.14531261172863244, 0.14836983603799303, 0.14508274742769164, 0.12453137563086782
1.7, 0.11618271843569615, 0.1500916638863165, 0.14788796700407966, 0.1596404312793791, 0.12925653092401987, 0.14041422493754097, 0.14371474939030535, 0.10836928802659765, 0.11705179585576424, 0.14725472517415264, 0.15262010827649572, 0.12805718747075884, 0.1308644091198089, 0.12938840360666448, 0.10697527469463362
1.8, 0.10137120959017941, 0.13469248706918902, 0.13230976439103637, 0.14575496117602724, 0.11378708207499047, 0.12470807081096932, 0.1283282371567502, 0.09317798522728775, 0.10171993983153284, 0.1301760037705616, 0.1363248167200296, 0.11284263620980088, 0.11533699426672611, 0.11551321688594486, 0.09194575267000385
1.9, 0.08830474586026794, 0.12099723149873205, 0.11814033811304363, 0.1331909617695087, 0.10020104247451818, 0.11073078278615253, 0.11448083401895845, 0.0801345019316978, 0.0883055671164472, 0.11486074592494598, 0.1217401614722782, 0.09942777895818103, 0.1015710717765886, 0.10317845696002227, 0.07905694035605126
2.0, 0.07682377542370486, 0.10880596502396862, 0.10525958965915098, 0.12176906953152977, 0.08826716900210979, 0.09829456102458133, 0.1019950296688066, 0.06892936873350186, 0.07659484663186795, 0.10114871790813179, 0.10870240639109009, 0.08760125501836862, 0.08937287431923713, 0.0921521762158285, 0.06799064522527673
2.1, 0.06677584450312953, 0.09792905106527308, 0.09356892566725263, 0.1113367888145554, 0.07777882271155351, 0.08723576592514591, 0.09072742638529477, 0.059299589723492835, 0.06639362435157997, 0.08889804861701284, 0.09705817154072637, 0.07717780190754817, 0.07857041465758004, 0.08224400088294169, 0.05848199086510544
2.2, 0.05801202887241602, 0.08818814182116869, 0.08298474439068824, 0.10176975711416866, 0.06855432781567823, 0.07741139650626018, 0.0805615877492741, 0.05102126196456174, 0.057525380783958004, 0.07798114241784246, 0.08666492569203178, 0.06799451371316237, 0.06901171018368613, 0.07330310072733741, 0.05030817270042681
2.3, 0.05038831934198734, 0.0794185607884376, 0.07343272525942031, 0.09297253101346627, 0.06043603970032049, 0.06869581171239056, 0.07140161566536493, 0.0439032765468947, 0.0498295615651581, 0.06828179615948964, 0.07739228145063295, 0.05990731243680816, 0.060562401888802936, 0.06521639006754139, 0.043280155316516175
2.4, 0.04376875516047221, 0.07147322211737733, 0.06484368606244696, 0.08487754930006065, 0.05328822526843455, 0.060977712006727164, 0.06316653543936505, 0.037782119458939264, 0.04316059876035256, 0.059692804880094257, 0.06912333358544914, 0.052787906840452294, 0.0531031635373011, 0.057903887259587006, 0.0372365799143676
2.5, 0.03802814602588634, 0.06422761688054308, 0.057151094757158356, 0.07744107634381901, 0.04699408049912449, 0.05415745136021174, 0.05578540516148151, 0.03251762256204484, 0.037387422183363585, 0.05211376632601829, 0.061755240593872864, 0.046521432079430616, 0.04652729744935508, 0.05130982828707406, 0.032039191156046226
2.6, 0.033053560707394035, 0.05758444899088081, 0.05028981477051756, 0.07063588967291662, 0.04145239899346077, 0.048144770082652694, 0.04919320565855281, 0.02798947694875665, 0.03239307409363847, 0.04544939546342856, 0.0551985393993663, 0.04100481682083253, 0.04073877479346111, 0.04539109371797574, 0.02756928116936283
2.7, 0.02874463101852558, 0.05147576645884326, 0.04419553208556869, 0.06444202312560304, 0.036574449536263084, 0.04285702941980001, 0.043327770793965756, 0.024094341338290713, 0.028074139672098635, 0.03960870793144955, 0.04937519755631526, 0.036145778312956435, 0.03565079272596756, 0.040106666732442536, 0.02372482442308088
2.8, 0.02501304414574547, 0.04586072079384687, 0.038804502506912024, 0.058838075263678215, 0.03228148461996133, 0.03821798468126878, 0.03812802187380447, 0.020743415319547015, 0.024339898189155225, 0.03450506462700036, 0.044215916424582606, 0.03186224675695902, 0.031184773369624552, 0.035411372776821166, 0.020418102406631
2.9, 0.02178159733075673, 0.04071872084611607, 0.03405354015304896, 0.053795484263251925, 0.02850305048100035, 0.0341570625151235, 0.0335335189348707, 0.017860382068687834, 0.021111245054581344, 0.030056744787778176, 0.039657452069002064, 0.028081983897487794, 0.027269661807464683, 0.03125463444594842, 0.0175736957088532
3.0, 0.018983079335811892, 0.03603988258783885, 0.029880328132123605, 0.04927676101704757, 0.025176019740501793, 0.030609035047606745, 0.029485012343106014, 0.015379651680507754, 0.01831949409648916, 0.026187648637133187, 0.03564060911402122, 0.024742179240318136, 0.023841384303033026, 0.027582656405006227, 0.015126767033414283
3.1, 0.016559133434784074, 0.03181582360191986, 0.026224100848391454, 0.045236990057368504, 0.022244112404709245, 0.027513938895310754, 0.025925488623887986, 0.01324485452530197, 0.015905165458133336, 0.022827852043226585, 0.0321091953710008, 0.02178886520961831, 0.020842370054060394, 0.024341771299424674, 0.013021584410896925
3.2, 0.014459180138105064, 0.028033291634422888, 0.02302660608528752, 0.0416269990916572, 0.01965763453476714, 0.024817085990384673, 0.022801234400330526, 0.011407546080952194, 0.013816833318741239, 0.019913895926540744, 0.029009834897123384, 0.019176075428583, 0.01822108701406439, 0.02148132676288436, 0.011210248081541738
3.3, 0.012639433001046698, 0.02467149580742618, 0.02023313589499882, 0.03839668995577665, 0.017373215552559815, 0.022469048942812066, 0.02006261871089353, 0.00982609259484237, 0.012010074019744042, 0.01738880650594818, 0.026292308347840708, 0.016864763034755145, 0.015931576539991468, 0.018955469798114844, 0.00965159257800141
3.4, 0.011062017333047767, 0.021702506048034302, 0.017793396311798278, 0.035497655860118674, 0.015353415906763344, 0.020425555556194984, 0.01766449352773965, 0.008464712299063691, 0.010446529764586808, 0.015201896279584407, 0.023910062113713645, 0.01482157804600958, 0.013932989322141605, 0.016723853916392452, 0.008310240451821736
3.5, 0.009694190280624064, 0.01909338741971107, 0.015662059198187837, 0.032884843587566416, 0.013566167637911675, 0.018647274691249178, 0.01556625258635527, 0.0072926507776753064, 0.00909308747576085, 0.013308409498367233, 0.021820630099501057, 0.013017650707763125, 0.012189130618723839, 0.01475156602586488, 0.007155787448929823
3.6, 0.008507655731255965, 0.016808810188428686, 0.01379894866609114, 0.030517398515350094, 0.01198407992015399, 0.017099507722755414, 0.013731650488064377, 0.0062834720836499715, 0.007921164486239215, 0.011669070825521719, 0.019985847468202905, 0.011427525983578636, 0.010668022241871786, 0.013008596523801486, 0.006162101530796866
3.7, 0.007477965550383493, 0.014813334675368753, 0.01216890597371239, 0.028358957888760458, 0.010583681903016284, 0.015751814925103795, 0.012128487722210963, 0.005414449665333871, 0.006906089702054231, 0.01024958458685375, 0.018371841696873323, 0.0100283466473642, 0.009341486359738123, 0.011469108582684713, 0.005306720318407886
3.8, 0.0065839981935736985, 0.013073047528770627, 0.010741425993983622, 0.02637763670139659, 0.009344685908982563, 0.01457760849861064, 0.01072824253813844, 0.004666043265055285, 0.006026568465500111, 0.009020120149860025, 0.016948844337341947, 0.008799311850944637, 0.008184754073130072, 0.010110680898932297, 0.004570333457626898
3.9, 0.005807505954228124, 0.011556544322254992, 0.009490167318370225, 0.024545874778286403, 0.008249340406405901, 0.013553739232657134, 0.009505699969424667, 0.004021449785857732, 0.005264220145507552, 0.00795480847873841, 0.01569088537634691, 0.007721374252582316, 0.007176100402198061, 0.0089136285660377, 0.003936338125619122
4.0, 0.005132722647108362, 0.010235396719216115, 0.008392421491796342, 0.022840236602460293, 0.007281913607424254, 0.012660096502258565, 0.008438603264587131, 0.003466217733005215, 0.004603178695909234, 0.007031266290062358, 0.014575427468610003, 0.006777102355007497, 0.006296506578283446, 0.007860452989966456, 0.0033904574402639303
4.1, 0.004546024211171868, 0.009084269167245317, 0.00742860024179787, 0.021241198123829113, 0.006428316475700296, 0.01187923412783026, 0.007507336714645776, 0.00298791625230425, 0.004029747677165455, 0.006230157487359054, 0.013582983383707605, 0.00595062947858571, 0.005529350050599369, 0.006935432523565737, 0.0029204129079980286
4.2, 0.00403563544917019, 0.008080823189149388, 0.006581773587098531, 0.019732921359302533, 0.00567584819639941, 0.011196028807782487, 0.006694640268421843, 0.002575851027053666, 0.003532102383346217, 0.005534796520787137, 0.012696745046335682, 0.005227627426852284, 0.0048601221761577626, 0.0061243395960494385, 0.0025156432589342743
4.3, 0.003591376854429442, 0.007205507267997276, 0.0058372716438226105, 0.01830300521764591, 0.005013033000856852, 0.010597373636798151, 0.005985352884800914, 0.0022208203765335948, 0.003100032714438163, 0.004930794761968865, 0.01190224022813983, 0.0045952677302416945, 0.0042761730987455225, 0.005414256405056594, 0.002167063081807765
4.4, 0.003204446177017092, 0.0064412952554224415, 0.0051823500226933, 0.01694220377704701, 0.0044295146732654484, 0.010071906469646001, 0.0053661809465565, 0.0019149058374754325, 0.0027247212903185325, 0.004405748629409541, 0.011187024161805338, 0.004042155758766998, 0.003766482862428653, 0.004793457614822214, 0.0018668555976263637
4.5, 0.002867230034783697, 0.005773410931780527, 0.004605911936299161, 0.015644113174006668, 0.003915980560011468, 0.009609771249706148, 0.004825488618945455, 0.0016512923215034258, 0.0023985520368351924, 0.003948966770847956, 0.010540407707433539, 0.0035582380468256562, 0.00332145739821916, 0.004251331847902586, 0.0016082947133296208
4.6, 0.0025731414706681257, 0.005189059844442917, 0.004098277702496515, 0.014404836345421652, 0.003464095884565782, 0.009202409563740724, 0.004353107854799169, 0.0014241136410215367, 0.0021149451069337136, 0.0035512328547464304, 0.009953220426740806, 0.003134690602790419, 0.002932747710236746, 0.0037783206812181088, 0.0013855921890437671
4.7, 0.0023164798929788785, 0.004677179396256614, 0.0036509924593402603, 0.013222634187120004, 0.0030664379852305005, 0.00884237934189058, 0.003940166417400519, 0.0012283197974052114, 0.0018682145478290905, 0.0032046002344871464, 0.00941760525563279, 0.0027637978450554854, 0.002593090387686358, 0.003365861533796142, 0.001193766347998818
4.8, 0.0020923103107101226, 0.004228212126720441, 0.0032566642338266094, 0.012097561280634814, 0.002716426764145718, 0.008523197598200851, 0.0035789327054643934, 0.001059562941454838, 0.0016534456020949684, 0.002902214762149178, 0.008926840820173072, 0.002438830594464435, 0.002296167477631152, 0.0030063274559433174, 0.0010285292693012764
4.9, 0.0018963591943053878, 0.003833903640936428, 0.002908826159059511, 0.011031070958884802, 0.002408251684644464, 0.008239204267994753, 0.003262676354516483, 0.0009140993584065222, 0.0014663889463871506, 0.0026381622235033715, 0.008475187403881639, 0.0021539291816115324, 0.0020364837536902066, 0.0026929616123939314, 0.0008861898418577213
5.0, 0.0017249246579947373, 0.0034871246841773657, 0.002601818153453075, 0.010025569655214712, 0.002136797498320382, 0.007985444456976961, 0.002985543633488317, 0.0007887052086071434, 0.00130336953429357, 0.0024073371578021826, 0.008057752878497325, 0.0019039953328167825, 0.0018092594846603877, 0.0024198071557302745, 0.0007635704329198261
5.1, 0.0015747989779003036, 0.0031817158177368733, 0.0023306845847990585, 0.009083913128436562, 0.0018975712605520786, 0.0077575667189890875, 0.002742446628314634, 0.000680604079218211, 0.0011612080260233182, 0.002205330159011751, 0.0076703753888862514, 0.0016845945822857426, 0.001610336922008393, 0.002181634571975774, 0.0006579352458518686
5.2, 0.0014432017356872735, 0.0029123526563377576, 0.0020910853251682004, 0.00820886619392683, 0.0016866327949752705, 0.007551735292852425, 0.0025289651587732764, 0.0005874046798207594, 0.0010371530628587979, 0.002028331094043409, 0.007309520132281923, 0.0014918696315006533, 0.0014360988668349766, 0.0019738689313246647, 0.0005669287165397234
5.3, 0.0013277221156443903, 0.0026744294571703236, 0.0018792182148144054, 0.007402580298827195, 0.001500530087772606, 0.007364554535791558, 0.002341260341571425, 0.000507047252294656, 0.0009288228833656111, 0.00187304599753851, 0.0069721881266243, 0.001322464264949898, 0.0012833978303365828, 0.0017925192337323803, 0.0004885225330493357
5.4, 0.0012262690883960282, 0.002463958870227154, 0.001691751367802083, 0.0066661619081767, 0.0013362404176504195, 0.007193004082107897, 0.0021759987052593567, 0.0004377574686394939, 0.0008341549856296543, 0.0017366257008440483, 0.0066558353780578495, 0.0011734569996967742, 0.0011494944563894562, 0.0016341115297348495, 0.0004209700644510701
5.5, 0.0011370283912469307, 0.0022774857850348653, 0.0015257640345213502, 0.005999397402287944, 0.0011911174849201915, 0.0070343835263029725, 0.002030285783245693, 0.00037800676446223723, 0.0007513627191735318, 0.0016166045202489266, 0.006358301302464877, 0.0010423034659187648, 0.0010320040237418767, 0.0014956269308622886, 0.00036276715708048437
5.6, 0.001058425367262236, 0.0021120133877460872, 0.0013786949356595054, 0.005400668623633183, 0.0010628444240678172, 0.006886265676974989, 0.0019016081562264564, 0.00032647820493100473, 0.0006788978452012691, 0.0015108475654257922, 0.006077745609153691, 0.0009267864858798063, 0.000928849984332797, 0.001374445114695568, 0.00031261840411907693
5.7, 0.0009890928559656417, 0.0019649397423607867, 0.0012482971312965637, 0.004867050983502063, 0.0009493923511270993, 0.006746457648872098, 0.0017877829784683442, 0.0002820371077165634, 0.0006154182375668833, 0.001417505434633533, 0.005812593105199571, 0.0008249728705238642, 0.0008382236213908969, 0.0012682935242602738, 0.0002694081208476312
5.8, 0.0009278434409521035, 0.0018340034109532591, 0.0011325986075622154, 0.004394550169573459, 0.0008489839755304792, 0.006612969251541325, 0.001686914097024013, 0.00024370575691264797, 0.0005597600121474908, 0.0013349752410150833, 0.005561486025537434, 0.0007351760423084101, 0.0007585490254973168, 0.0011752021678914605, 0.000232175366319568
5.9, 0.0008736454563279061, 0.0017172368188949811, 0.0010298678630296287, 0.003978415261648768, 0.0007600617608210409, 0.006483988287891259, 0.0015973539533103087, 0.00021064163578706933, 0.0005109134715903349, 0.0012618670671901537, 0.005323243546140378, 0.0006559236945865008, 0.0006884526888676765, 0.0010934637317217655, 0.00020009244514044327
6.0, 0.0008256022369331257, 0.0016129262462804689, 0.0009385838637173153, 0.0036134671140263786, 0.0006812601209619555, 0.006357862485766631, 0.0015176705379765546, 0.00018211868672336914, 0.0004680023378618165, 0.0011969750762991357, 0.0050968281137860234, 0.0005859297981979755, 0.0006267371083776667, 0.0010215986026705214, 0.0001724464027557713
6.1, 0.0007829341686868855, 0.0015195774835972818, 0.0008574098122588816, 0.0032943953745113203, 0.0006113811681434475, 0.0062330878387508275, 0.0014466187493184688, 0.00015751117579192972, 0.0004302658185497816, 0.0011392526195772668, 0.004881318150300957, 0.0005240703584920884, 0.0005723578672397448, 0.0009583243446280545, 0.00014862309604824953
6.2, 0.0007449631567734887, 0.0014358863277376692, 0.0007851702450322304, 0.0030159971269260602, 0.0005493735701082805, 0.006108303115640495, 0.0013831155804583353, 0.00013627979868261332, 0.00039704311610725307, 0.0010877907760614932, 0.004675886588227885, 0.00046936240835577787, 0.0005244037347636112, 0.0009025291563774346, 0.00012809347975359495
6.3, 0.0007110991821746007, 0.0013607132145472339, 0.0007208310317040463, 0.002773348096144611, 0.0004943141215457752, 0.005982290198604338, 0.0013262186298126648, 0.0001179597156408843, 0.00036776004360740644, 0.0010417998415032704, 0.004479784593266808, 0.00042094579465121483, 0.0004820793843429118, 0.0008532488522950532, 0.00011040179961045797
6.4, 0.0006808286624645712, 0.0012930613877030648, 0.000663481905387109, 0.0025619101394643395, 0.0004453916801609178, 0.005853979719150738, 0.0012751074923764343, 0.000102150246774337, 0.0003419174573436357, 0.0010005933530340845, 0.004292329746355513, 0.0003780673774561285, 0.0004446903827060383, 0.0008096469353041742, 9.515542645090164e-5
6.5, 0.0006537043718655496, 0.0012320580925441573, 0.0006123211990081363, 0.0023775857794163485, 0.00040189316109097233, 0.005722461178684045, 0.0012290676459144514, 8.8505996661096e-5, 0.00031908125682336767, 0.0009635742953842688, 0.0041128979078630485, 0.0003400673147193121, 0.00041163014948193065, 0.0007709973683483256, 8.201610262814812e-5
6.6, 0.0006293367091999895, 0.0011769383593286165, 0.0005666425051187967, 0.002216732923959445, 0.00036319132232708073, 0.005586996381049962, 0.0011874764964294347, 7.67292094718983e-5, 0.0002988737372902555, 0.0009302231850146022, 0.0039409179739390635, 0.0003063671505377233, 0.0003823686261098254, 0.0007366696907082619, 7.06924041354466e-5
6.7, 0.0006073861313467058, 0.0011270310049803218, 0.0005258230128295524, 0.0020761523270126747, 0.0003287341084230966, 0.0054470346020813985, 0.0011497912916331161, 6.656318356369713e-5, 0.00028096610965863797, 0.0009000877716857551, 0.003775868760254173, 0.0002764594643111205, 0.00035644242782649174, 0.0007061161655531924, 6.093324923660417e-5
6.8, 0.0005875565947599924, 0.0010817465372876002, 0.0004893133073698257, 0.001953058255467886, 0.00029803535018340505, 0.005302227532149611, 0.0011155386500495185, 5.7786598356435945e-5, 0.0002650720283374596, 0.0008727741338695887, 0.0036172773063394624, 0.00024989887149514013, 0.00033344628257152655, 0.0006788606832491191, 5.252230804086984e-5
6.9, 0.0005695898691126483, 0.0010405666921351796, 0.000456628445515236, 0.0018450402960702296, 0.00027066664455851873, 0.005152441728768804, 0.00108430548734558, 5.020862681629938e-5, 0.0002509419894432505, 0.0008479389759376834, 0.003464717977073292, 0.0002262941953826358, 0.00031302558675798983, 0.0006544891800935429, 4.527318775726756e-5
7.0, 0.0005532606056565214, 0.0010030353739215033, 0.00042734014427008997, 0.0017500218590560015, 0.00024625026205462225, 0.0049977661952009715, 0.0010557311510373266, 4.3664724509730165e-5, 0.00023835848085555184, 0.0008252829620429684, 0.0033178118383046656, 0.000205301654000435, 0.00029486993048581596, 0.0006326413638430354, 3.9025285823092015e-5
7.1, 0.000538372058873069, 0.0009687508029032546, 0.00040106994120141416, 0.0016662189826721367, 0.0002244529489979429, 0.004838512839822947, 0.0010295006003653829, 3.8013001367084977e-5, 0.00022713178188465011, 0.0008045449447140961, 0.0031762258932433985, 0.00018661892741041064, 0.00027870746438770114, 0.0006130035655545657, 3.364021811855436e-5
7.2, 0.0005247523737674538, 0.000937358701732062, 0.0003774832030919904, 0.0015921015738181766, 0.00020498050937622683, 0.004675208023395448, 0.0010053384903451969, 3.3131095349799235e-5, 0.00021709632437089308, 0.0007854969659820383, 0.0030396718782176374, 0.0001699799889530611, 0.00026429999729143114, 0.0005953025619991555, 2.8998742397991626e-5
7.3, 0.0005122513630485307, 0.0009085463776839569, 0.0003562838754694312, 0.0015263581889093988, 0.0001875730660573907, 0.004508574169443504, 0.000983004038206276, 2.8913478447965734e-5, 0.00020810753913508273, 0.0007679399258387216, 0.0029079044250447487, 0.0001551505996942163, 0.0002514387286071131, 0.0005793002344738363, 2.4998108182440054e-5
7.4, 0.0005007377086965526, 0.00088203757769036, 0.0003372098793878262, 0.0014678647789525187, 0.00017200091426712442, 0.00433950143173974, 0.000962286567030318, 2.5269135101806697e-5, 0.00020003912212337245, 0.0007516998274004412, 0.002780718498043913, 0.00014192437889168894, 0.00023994053210532796, 0.0005647889485372426, 2.1549773921787147e-5
7.5, 0.0004900965312760172, 0.0008575880108190564, 0.0003200290738596595, 0.0014156574028081406, 0.00015806089156017862, 0.004169010550336853, 0.0009430016357254773, 2.2119561460049117e-5, 0.00019278066357210778, 0.0007366245206640088, 0.002657946103003467, 0.0001301193749951869, 0.00022964471880558448, 0.0005515875553432847, 1.8577440464492525e-5
7.6, 0.00048022727799719163, 0.000834981447796094, 0.0003045357127947978, 0.0013689086740278453, 0.00014557319837593685, 0.003998209104792385, 0.0009249876768377093, 1.9397041049178516e-5, 0.0001862355912594266, 0.000722580877498337, 0.0025394523403194837, 0.00011957507179077503, 0.00022041021627173377, 0.0005395379291564993, 1.6015356955686802e-5
7.7, 0.0004710418871331316, 0.0008140263199022396, 0.0002905473344055162, 0.0013269075881798182, 0.0001343786118274377, 0.0038282442024143723, 0.00090810307436672, 1.7043158591892968e-5, 0.00018031938558410148, 0.0007094523397618446, 0.002425130932864678, 0.00011014977302374031, 0.00021211310990989422, 0.0005285019675908522, 1.3806861380719739e-5
7.8, 0.00046246319210330893, 0.000794552750456, 0.00027790202895969517, 0.0012890423345923215, 0.00012433604280704408, 0.00366025506993856, 0.0008922236229555383, 1.5007519019996046e-5, 0.0001749580299666806, 0.0006971367903922295, 0.002314899399551365, 0.00010171831637177215, 0.00020464449905617822, 0.0005183589913832853, 1.1903123218789592e-5
7.9, 0.00045442353346379253, 0.0007764099613917515, 0.000266456037662819, 0.0012547856981271254, 0.00011532039295068944, 0.0034953289749285743, 0.0008772403177608622, 1.3246643296102073e-5, 0.00017008666503114, 0.0006855447041639148, 0.00220869406759421, 9.417007415768711e-5, 0.00019790862687458027, 0.0005090034893271976, 1.0262060188641139e-5
8.0, 0.00044686355130378825, 0.000759464005394512, 0.0002560816414571193, 0.0012236826825782606, 0.00010722067361512733, 0.003334463409806366, 0.000863057431160126, 1.1723016592757197e-5, 0.000165648419306882, 0.0006745975407069116, 0.002106465120831907, 8.740720382798188e-5, 0.0001918212484881795, 0.0005003431615540904, 8.84740495735232e-6
8.1, 0.0004397311342308827, 0.0007435957808638614, 0.00024666530375923193, 0.0011953400246805562, 9.993835390067751e-5, 0.003178536635887703, 0.0008495908383616905, 1.0404267765374639e-5, 0.00016159339288536654, 0.0006642263474632601, 0.002008171869948249, 8.13431161011688e-5, 0.000186308206450612, 0.000492297220841576, 7.627901031549275e-6
8.2, 0.0004329805043116152, 0.0007286992928183216, 0.00023810603571703567, 0.0011694173087172018, 9.338590899244365e-5, 0.0030282876724805926, 0.0008367665590862936, 9.262461972839503e-6, 0.00015787777365423294, 0.0006543705446385041, 0.001913778405897215, 7.590113291198093e-5, 0.00018130418672591253, 0.00048479491719668853, 6.5766099333472405e-6
8.3, 0.00042657142008797774, 0.0007146801278620407, 0.0002303139565393557, 0.0011456194319040978, 8.748554377986225e-5, 0.0028843058051637623, 0.0008245194868930121, 8.273490812213434e-6, 0.00015446306848432352, 0.0006449768679841219, 0.0018232497639167745, 7.101331093366463e-5, 0.00017675163186656675, 0.0004777742557470828, 5.670314245723633e-6
8.4, 0.0004204684821729615, 0.0007014541156397191, 0.0002232090249151891, 0.0011236902078018763, 8.216806992062687e-5, 0.002747028827895547, 0.0008127922815277073, 7.416546497986045e-6, 0.00015131543412172418, 0.0006359984485068198, 0.001736548686241952, 6.661940962773457e-5, 0.00017259979113424254, 0.00047118088208255964, 4.8890032496524825e-6
8.5, 0.00041464052798974787, 0.0006889461529065456, 0.00021671992055803438, 0.001103406927966648, 7.737191730369787e-5, 0.0026167486208882, 0.0008015344029593967, 6.673668480237029e-6, 0.0001484050945895875, 0.0006273940110143177, 0.001653633030992426, 6.266598551520743e-5, 0.00016880388995751033, 0.0004649671127224528, 4.215429716139986e-6
8.6, 0.0004090601040034219, 0.0006770891695250801, 0.0002107830575434429, 0.0010845757306617422, 7.304226329219738e-5, 0.002493622332829996, 0.0007907012686113378, 6.0293525015940875e-6, 0.00014570583367766118, 0.0006191271758366814, 0.001574453836258648, 5.910559674270093e-5, 0.00016532440342007673, 0.0004590910914234948, 3.634728001583727e-6
8.7, 0.0004037030053386716, 0.000665823218445015, 0.00020534171340391114, 0.0010670276498935317, 6.913026523810598e-5, 0.0023776873607235876, 0.0007802535177505032, 5.470213475893005e-6, 0.0001431945526295484, 0.0006111658501607879, 0.0014989540149267348, 5.589610408034221e-5, 0.00016212642046839742, 0.0004535160546587127, 3.1340849601613215e-6
8.8, 0.0003985478740143995, 0.0006550946740877917, 0.00020034525994830243, 0.001050615238687949, 6.559238359820981e-5, 0.00226887844668382, 0.0007701563691241485, 4.9846947628595844e-6, 0.00014085088446183784, 0.0006034816972286127, 0.00142706762910456, 5.3000056278750934e-5, 0.0001591790872595086, 0.00044820969185094473, 2.702456362812846e-6
8.9, 0.00039357584818455825, 0.0006448555256001429, 0.00019574848352090434, 0.0010352096778509896, 6.238978458058328e-5, 0.0021670454673235195, 0.0007603790597710831, 4.56281743953559e-6, 0.00013865685749385394, 0.0005960496732173433, 0.0013587196740041088, 5.0384149266291666e-5, 0.00015645511957365713, 0.0004431435878864745, 2.3303225251365377e-6
9.0, 0.000388770255778035, 0.0006350627532045673, 0.0001915109839409433, 0.0010206982959246017, 5.9487812644218914e-5, 0.0020719708093371184, 0.0007508943545269792, 4.19596405345655e-6, 0.00013659660165650633, 0.0005888476229744169, 0.0012938262897820448, 4.8018750017083406e-5, 0.00015393037552212935, 0.00043829273710889525, 2.0094777188221215e-6
9.1, 0.00038411634679995534, 0.0006256777773999402, 0.0001875966426954699, 0.0010069824380967128, 5.685552438826823e-5, 0.0019833855494925585, 0.000741678117121483, 3.876692104471459e-6, 0.00013465609200466867, 0.000581855926952666, 0.0012322953154341463, 4.5877477092353974e-5, 0.00015158348091492605, 0.0004336351194385341, 1.7328486926040977e-6
9.2, 0.0003796010593104331, 0.0006166659720852084, 0.00018397315212202552, 0.000993975631841961, 5.446527642524455e-5, 0.0019009839510997074, 0.0007327089349589322, 3.5985731585442254e-6, 0.0001328229245980127, 0.0005750571927048779, 0.0011740271002123436, 4.39368308763532e-5, 0.00014939550063836283, 0.0004291513305105399, 1.4943382759183036e-6
9.3, 0.00037521281475019096, 0.0006079962338221965, 0.0001806115983339566, 0.000981602005397461, 5.229236075483095e-5, 0.001824436031848009, 0.0007239677907093594, 3.3560540625097584e-6, 0.00013108612055596372, 0.0005684359851747944, 0.0011189154937904738, 4.2175867413670665e-5, 0.000147349650249045, 0.0004248242588028733, 1.2886905959447593e-6
9.4, 0.00037094133884902394, 0.0005996406004443302, 0.0001774860915296564, 0.0009697949221041843, 5.0314681959336305e-5, 0.0017533981430420157, 0.0007154377747334825, 3.144337216158131e-6, 0.0001294359546470319, 0.0005619785907814968, 0.0010668489451239518, 4.057591052516153e-5, 0.00014543104273505636, 0.00042063880365733776, 1.111374918964402e-6
9.5, 0.000366777504844532, 0.0005915739130777717, 0.0001745734381037059, 0.0009584957994115644, 4.851247124371796e-5, 0.0016875216303142203, 0.0007071038331434876, 2.959277278026823e-6, 0.00012786380525291337, 0.0005556728109522206, 0.0010177116503293849, 3.912029755008196e-5, 0.00014362646604242288, 0.00041658162890284594, 9.584855406639951e-7
9.6, 0.0003627131961648951, 0.0005837735163877679, 0.000171852849657244, 0.0009476530861523213, 4.6868032955757954e-5, 0.0016264597286599436, 0.0006989525469763226, 2.7972920432267998e-6, 0.00012636202296355373, 0.000549507781328843, 0.000971384700867331, 3.7794154645717304e-5, 0.00014192418752781097, 0.00041264094748760783, 8.266555064206349e-7
9.7, 0.0003587411860994869, 0.0005762189925117106, 0.0001693056845992825, 0.0009372213757128629, 4.536551975705292e-5, 0.001569872889972197, 0.000690971938542114, 2.6552855435533387e-6, 0.00012492381541955898, 0.0005434738133673549, 0.0009277471940145021, 3.658419808422022e-5, 0.000140313781988125, 0.0004088063331307987, 7.129822496316144e-7
9.8, 0.00035485503230230065, 0.0005688919247044969, 0.00016691521855100922, 0.000927160636089349, 4.399073308296877e-5, 0.0015174327589821902, 0.0006831513015188683, 2.5305816889597476e-6, 0.00012354314633043818, 0.0005375622554780126, 0.0008866772774869969, 3.547855842948081e-5, 0.00013878598034378992, 0.0004050685555273152, 6.149635006706366e-7
9.9, 0.0003510489842520507, 0.0005617756872128446, 0.00016466644022076452, 0.0009174355406431146, 4.273094593839102e-5, 0.0014688250122751104, 0.0006754810518064017, 2.4208670011668736e-6, 0.00012221464686768024, 0.0005317653712252624, 0.0008480531087769543, 3.4466624863217e-5, 0.00013733253642345697, 0.0004014194360924947, 5.304420469411486e-7
10.0, 0.00034731790203504056, 0.0005548552583230303, 0.00016254586981657816, 0.0009080148857446666, 4.157474543352754e-5, 0.0014237512618321653, 0.0006679525965362624, 2.3241411898802508e-6, 0.00012093353786621434, 0.0005260762324288156, 0.0008117537171313951, 3.353890726653352e-5, 0.00013594610962084955, 0.00039785172162663644, 4.575581208377568e-7
10.1, 0.00034365718502731913, 0.000548117053899474, 0.00016054139741306973, 0.0008988710834983907, 4.051189277679275e-5, 0.001381930204619741, 0.0006605582189679512, 2.238674494215709e-6, 0.00011969556147122737, 0.0005204886252867978, 0.0007776597621128136, 3.268691395741284e-5, 0.0001346201614758046, 0.0003943589736199544, 3.9470836158904297e-7
10.2, 0.00034006270923553036, 0.000541548779057094, 0.00015864213899638793, 0.0008899797194333671, 3.953319871564865e-5, 0.0013430981768573003, 0.0006532909772918563, 2.1629708603059517e-6, 0.00011849692104379815, 0.0005149969678846651, 0.0007456541874100058, 3.1903043241535857e-5, 0.00013334886447667022, 0.000390935471214308, 3.405104427047696e-7
10.3, 0.0003365307722148546, 0.0005351392958945834, 0.00015683830818007393, 0.000881319166480198, 3.8630412656169985e-5, 0.0013070092482573052, 0.0006461446156115702, 2.0957361539590648e-6, 0.00011733422829198383, 0.0005095962376643084, 0.0007156227721459013, 3.1180487158348705e-5, 0.00013212702159488273, 0.0003875761260947624, 2.937725823306998e-7
10.4, 0.00033305804462065256, 0.0005288785054642093, 0.00015512110182110304, 0.000872870247772109, 3.7796123902373864e-5, 0.0012734349693091242, 0.0006391134855977617, 2.0358507174951913e-6, 0.00011620445672696869, 0.0005042819076108594, 0.0006874545845155029, 3.051314600057793e-5, 0.00013094999524880673, 0.00038427640780685075, 2.534672620184863e-7
10.5, 0.00032964152757070537, 0.0005227572423710402, 0.00015348259797292368, 0.0008646159418454946, 3.702367364075874e-5, 0.0012421638644521406, 0.0006321924774968986, 1.982345674937638e-6, 0.00011510490065938872, 0.0004990498900738226, 0.0006610423443469414, 2.989555235710406e-5, 0.00012981364455640423, 0.0003810322781890931, 2.1870857265243805e-7
10.6, 0.000326278515099546, 0.0005167671805847982, 0.0001519156647947389, 0.0008565411246995564, 3.630707645733315e-5, 0.0012130007461584255, 0.0006253769593444509, 1.934382471679993e-6, 0.00011403313905128523, 0.0004938964872774155, 0.00063628270227098, 2.9322803579394627e-5, 0.00012871426987804996, 0.00037784013377852586, 1.8873268661225018e-7
10.7, 0.00032296656107748054, 0.0005109007492141879, 0.00015041387919666058, 0.0008486323439305478, 3.5640950316498255e-5, 0.0011857659096184718, 0.0006186627233771501, 1.891235205401306e-6, 0.0001129870036263578, 0.0004888183476952952, 0.0006130764437517721, 2.8790501703318606e-5, 0.00012764856377455176, 0.00037469675519327125, 1.6288102447639396e-7
10.8, 0.00031970345004615715, 0.0005051510571397796, 0.0001489714541414689, 0.0008408776208035122, 3.5020454055993725e-5, 0.0011602942548017826, 0.0006120459387652102, 1.8522753659166732e-6, 0.00011196455071702727, 0.0004838124275694708, 0.0005913286263992442, 2.8294699973499783e-5, 0.0001266135676134759, 0.0003715992626233781, 1.4058574422286311e-7
10.9, 0.00031648717149164923, 0.0004995118255297994, 0.00014758317364790965, 0.000833266276679603, 3.444123156186557e-5, 0.001136434371946832, 0.0006055231098954426, 1.8169586541750166e-6, 0.00011096403639277564, 0.0004788759569442137, 0.0005709486588550263, 2.7831855218494426e-5, 0.00012560663315125755, 0.000368545076671779, 1.2135723228740787e-7
11.0, 0.0003133158971361669, 0.0004939773273758482, 0.00014624433464985957, 0.0008257887806942888, 3.389936188395684e-5, 0.0011140476177719278, 0.0005990910395322923, 1.7848135959063987e-6, 0.00010998389447164812, 0.00047400640966511, 0.0005518503292053036, 2.73987854138006e-5, 0.00012462538850105704, 0.00036553188388355055, 1.047733201356636e-7
11.1, 0.000310187960881985, 0.0004885423332846579, 0.0001449506949620918, 0.0008184366159924068, 3.339131463740404e-5, 0.001093007202624269, 0.000592746796267523, 1.7554317044772342e-6, 0.00010902271706676899, 0.00046920147686237975, 0.0005339517903933478, 2.699263184759059e-5, 0.00012366770796842628, 0.00036255760638544696, 9.046998817811215e-8
11.2, 0.0003071018410869058, 0.0004832020628490966, 0.00014369842668837183, 0.000811202162180006, 3.2913910110463306e-5, 0.0010731973031421922, 0.0005864876857424172, 1.7284589811923428e-6, 0.00010807923736326212, 0.0004644590434977916, 0.0005171755095356273, 2.6610825372469563e-5, 0.00012273168529991995, 0.00035962037513070027, 7.813335175278202e-8
11.3, 0.00030405614489047557, 0.00047795214099840855, 0.00014248407448263147, 0.0008040785919584619, 3.24642835649615e-5, 0.001054512210557668, 0.0005803112251901959, 1.70358857032965e-6, 0.00010715231435889828, 0.0004597771676069127, 0.0005014481874291124, 2.6251056286692473e-5, 0.0001218156099449583, 0.0003567185063076788, 6.749275224990529e-8
11.4, 0.0003010495943449932, 0.0004727885587952633, 0.0001413045181401684, 0.0007970597801703782, 3.20398532738349e-5, 0.0010368555213020154, 0.0005742151209020636, 1.6805544112451235e-6, 0.0001062409193348557, 0.0004551540619141872, 0.0004867006539050156, 2.5911247441152234e-5, 0.00012091794597957714, 0.0003538504805264239, 5.831480088426669e-8
11.5, 0.0002980810141357314, 0.0004677076382068105, 0.0001401569390543285, 0.0007901402237153096, 3.163829189155574e-5, 0.0010201393739136743, 0.0005681972482690855, 1.6591257514930598e-6, 0.00010534412385183798, 0.00045058807753822544, 0.0004728677440577859, 2.5589530214988128e-5, 0.00012003731338297363, 0.00035101492444539737, 5.03982436765127e-8
11.6, 0.0002951493207013529, 0.00046270600042960444, 0.00013903879012581465, 0.0007833149709912039, 3.125750079857579e-5, 0.0010042837342278195, 0.000562255634094609, 1.6391024035444277e-6, 0.00010446108909195228, 0.000446077689539521, 0.00045988815977438495, 2.5284223043637305e-5, 0.00011917247139485818, 0.00034821059454293133, 4.3569534351059644e-8
11.7, 0.0002922535125886789, 0.0004577805373947096, 0.00013794776875751067, 0.0007765795596891327, 3.0895587100966274e-5, 0.0009892157293223615, 0.000556388440909237, 1.6203106437630453e-6, 0.00010359105638874131, 0.0004416214840932079, 0.00044770432041809716, 2.4993812219259175e-5, 0.00011832230371409338, 0.00034543636277462075, 3.767901749768208e-8
11.8, 0.00028939266189624893, 0.0004529283861204217, 0.000136881792608168, 0.0007699299619178313, 3.055084300184631e-5, 0.0009748690295960585, 0.0005505939530529378, 1.6025996661682828e-6, 0.00010273333880695697, 0.000437218147096071, 0.0004362622059906194, 2.4716934715292046e-5, 0.00011748580532761074, 0.0003426912038900176, 3.259763782294461e-8
11.9, 0.00028656590667883533, 0.00044814690561641385, 0.00013583897781415508, 0.0007633625357639561, 3.022172729251914e-5, 0.0009611832775736202, 0.0005448705643173817, 1.5858385154778547e-6, 0.00010188731365044856, 0.00043286645404023473, 0.000425511195609615, 2.445236281498225e-5, 0.00011666207078359534, 0.0003399741842099819, 2.821410293498567e-8
12.0, 0.00028377244420058783, 0.0004434336560752647, 0.0001348176194202077, 0.0007568739825065595, 2.990684873897166e-5, 0.000948103561498404, 0.0005392167669665958, 1.5699134342471867e-6, 0.0001010524157912143, 0.0004285652610062599, 0.0004154039036979115, 2.4198990348514582e-5, 0.00011585028374488323, 0.0003372844516905264, 2.443243711809816e-8
12.1, 0.0002810115249380513, 0.0004387863801159189, 0.00013381617378829697, 0.0007504613088021563, 2.9604951163957106e-5, 0.0009355799314282576, 0.0005336311419758959, 1.5547255678284901e-6, 0.00010022813172550995, 0.0004243134966461578, 0.0004058960158849013, 2.3955820365268325e-5, 0.00011504970767779831, 0.00033462122712039715, 2.1169872183788576e-8
12.2, 0.00027828244724618847, 0.0004342029858688791, 0.0001328332427786965, 0.0007441217932420434, 2.9314900046658735e-5, 0.0009235669553484405, 0.0005281123503482188, 1.5401889785582516e-6, 9.94139942741528e-5, 0.00042011015504240926, 0.00039694612626922887, 2.372195408707474e-5, 0.00011425967754859331, 0.00033198379631829586, 1.8355028923618017e-8
12.3, 0.0002755845526109584, 0.0004296815317154055, 0.00013186755951950872, 0.000737852956757918, 2.9035670481247043e-5, 0.0009120233127213536, 0.0005226591253838451, 1.5262289272137584e-6, 9.860957785400766e-5, 0.0004159542893426679, 0.00038851557738211426, 2.3496581005466496e-5, 0.00011347959241456582, 0.00032937150321202783, 1.5926349100759372e-8
12.4, 0.0002729172214211273, 0.0004252202125129484, 0.00013091797560061248, 0.0007316525364165283, 2.8766336352780492e-5, 0.0009009114228775927, 0.0005172702657941759, 1.5127803855027742e-6, 9.781449425628191e-5, 0.0004118450060817997, 0.0003805683039201944, 2.3278970001054617e-5, 0.00011270890881001198, 0.0003267837436961493, 1.3830743443737416e-8
12.5, 0.0002702798691999789, 0.00042081734715675016, 0.00012998344954549842, 0.0007255184622008073, 2.8506060604125387e-5, 0.000890197105694593, 0.0005119446295632511, 1.499786748290089e-6, 9.70283888748307e-5, 0.0004077814601133698, 0.00037307068108229547, 2.306846137657941e-5, 0.00011194713483872848, 0.0003242199601772112, 1.2022425869511322e-8
12.6, 0.000267671943244649, 0.0004164713673433165, 0.0001290630364300253, 0.0007194488364242141, 2.8254086481092423e-5, 0.0008798492720907187, 0.000506681128472024, 1.4871987185281843e-6, 9.625093733431454e-5, 0.0004037628500818812, 0.0003659913781430164, 2.2864459707063503e-5, 0.00011119382489492205, 0.00032167963672666993, 1.0461908269278158e-8
12.7, 0.00026509291962692374, 0.00041218080741552447, 0.0001281558785309924, 0.0007134419154682118, 2.8009729655013058e-5, 0.0008698396419711623, 0.0005014787232104014, 1.4749733415395556e-6, 9.548184247390314e-5, 0.00039978841437512464, 0.000359301217724135, 2.2666427421029156e-5, 0.00011044857494333555, 0.00031916229477111854, 9.115133729922177e-9
12.8, 0.0002625423005148076, 0.0004079442951815921, 0.000127261196899748, 0.000707496093570537, 2.7772371132679084e-5, 0.0008601424873873269, 0.000496336419010841, 1.4630731684751386e-6, 9.472083164733916e-5, 0.00039585742750310394, 0.0003529730410795028, 2.247387903608554e-5, 0.00010971101829729378, 0.0003166674892579345, 7.952729115162947e-9
12.9, 0.00026001961177889036, 0.00040376054361131137, 0.00012637828376705766, 0.0007016098884249158, 2.754145087308664e-5, 0.0008507343988063425, 0.0004912532617450191, 1.4514655315161956e-6, 9.39676543046935e-5, 0.0003919691968561955, 0.00034698157958727125, 2.228637598048672e-5, 0.0001089808218403267, 0.0003141948052418061, 6.949360560600896e-9
13.0, 0.0002575244008517413, 0.00039962834332288555, 0.00012550649569523337, 0.0006957819283817629, 2.731646203891257e-5, 0.0008415940725260564, 0.0004862283344318772, 1.440121915755136e-6, 9.322207982511511e-5, 0.0003881230598007095, 0.0003413033325422004, 2.2103521939626845e-5, 0.00010825768264317477, 0.0003117438548440745, 6.0831777041482224e-9
13.1, 0.0002550562348122308, 0.0003955465557825579, 0.00012464524740228575, 0.0006900109410646883, 2.7096945818203806e-5, 0.0008327021174098786, 0.0004812607541113065, 1.4290174147355883e-6, 9.248389557337393e-5, 0.00038431838107480493, 0.00033591645125775595, 2.1924958672983275e-5, 0.00010754132493339747, 0.0003093142745425218, 5.335334427854158e-9
13.2, 0.0002526146986699329, 0.00039151410714719127, 0.00012379400619063518, 0.0006842957432398418, 2.6882486758503527e-5, 0.000824040879251615, 0.00047634966904304974, 1.4181302583980202e-6, 9.175290515607353e-5, 0.00038055455045198035, 0.00033080062942038524, 2.1750362252839992e-5, 0.00010683149737960208, 0.00030690572275421634, 4.68957557206093e-9
13.3, 0.00025019939382759304, 0.0003875299826870019, 0.0001229522869198943, 0.0006786352317944855, 2.6672708561647027e-5, 0.0008155942812117288, 0.0004714942561949734, 1.4074414037021302e-6, 9.102892685613544e-5, 0.0003768309806430695, 0.0003259369995845975, 2.1579439681300586e-5, 0.00010612797065655384, 0.0003045178776784114, 4.13188053536855e-9
13.4, 0.000247809936702188, 0.00038359322173201323, 0.00012211964746944862, 0.0006730283756983031, 2.6467270292828314e-5, 0.000807347678891345, 0.00046669371898901406, 1.3969341795147067e-6, 9.031179222654543e-5, 0.00037314710541100615, 0.00032130803565525443, 2.1411925846708723e-5, 0.00010543053526115666, 0.00030215043537035283, 3.6501559261135965e-9
13.5, 0.00024544595748728884, 0.00037970291309146305, 0.00012129568464212062, 0.0006674742088358487, 2.626586296233083e-5, 0.0007992877287284339, 0.0004619472852766549, 1.3865939784893777e-6, 8.960134482647573e-5, 0.00036950237787546325, 0.00031689746117113244, 2.1247580784698304e-5, 0.00010473899955262695, 0.0002998031080202347, 3.2339705106210916e-9
13.6, 0.00024310709904142535, 0.0003758581909004658, 0.00012048003046517463, 0.0006619718236117178, 2.6068206442596462e-5, 0.0007914022685113169, 0.0004572542055190231, 1.3764079896478088e-6, 8.889743908476399e-5, 0.00036589626898711, 0.000312690163179841, 2.108618721275365e-5, 0.00010405318799311598, 0.0002974756224145241, 2.874326634193754e-9
13.7, 0.00024079301588884812, 0.00037205823085279877, 0.00011967234884937059, 0.0006565203652415262, 2.5874046687137724e-5, 0.0007836802089078552, 0.0004526137511494734, 1.3663649662211573e-6, 8.81999392773861e-5, 0.00036232826615343466, 0.0003086721114771467, 2.0927548310420543e-5, 0.00010337293956762924, 0.00029516771855950035, 2.563463093195933e-9
13.8, 0.00023850337332063205, 0.00036830224678276066, 0.00011887233257075, 0.0006511190266519466, 2.568315322121972e-5, 0.000776111435004461, 0.0004480252130990225, 1.3564550240447193e-6, 8.75087186070253e-5, 0.00035879787200012, 0.0003048302829725495, 2.077148572021733e-5, 0.00010269810636441178, 0.00029287914844917663, 2.2946851283698153e-9
13.9, 0.00023623784658539142, 0.0003645894875626947, 0.00011807970054341132, 0.0006457670439219513, 2.5495316877303537e-5, 0.000768686716937618, 0.00044348790046719176, 1.3466694664326913e-6, 8.682365837412875e-5, 0.00035530460325370824, 0.0003011525909365554, 2.0617837746892025e-5, 0.00010202855229900305, 0.00029060967496178725, 2.0622178059476574e-9
14.0, 0.00023399612016008751, 0.00036091923428607916, 0.00011729419535472042, 0.0006404636922052812, 2.5310347750986186e-5, 0.0007613976287821476, 0.00043900113932275603, 1.3370006320084617e-6, 8.614464723000374e-5, 0.0003518479897328625, 0.0002976278188826219, 2.0466457734988415e-5, 0.00010136415196698645, 0.00028835907087084486, 1.8610795673460333e-9
14.1, 0.0002317778870924471, 0.0003572907977090236, 0.0001165155810372732, 0.0006352082820810486, 2.5128073355627654e-5, 0.0007542364749354507, 0.00043456427162061193, 1.3274417624395378e-6, 8.547158050351202e-5, 0.00034842757343692794, 0.00029424555883742534, 2.0317212606755604e-5, 0.00010070478961207338, 0.000286127117958341, 1.6869731715841552e-9
14.2, 0.00022958284840745205, 0.000353703515925672, 0.00011574364105448927, 0.0006300001562854693, 2.494833695605774e-5, 0.000747196223305611, 0.000430176654222516, 1.3179868874360296e-6, 8.480435959383359e-5, 0.0003450429077217148, 0.00029099615375635245, 2.0169981544284808e-5, 0.00010005035819758659, 0.00028391360621906963, 1.5361916368292245e-9
14.3, 0.0002274107125711873, 0.00035015675225539, 0.00011497817647902762, 0.0006248386867830878, 2.477099606372959e-5, 0.0007402704446742284, 0.00042583765801075535, 1.308630724725776e-6, 8.414289142256861e-5, 0.0003416935565535154, 0.0002878706438462871, 2.002465480141363e-5, 9.940075857069093e-5, 0.0002817183331462813, 1.4055371170624594e-9
14.4, 0.00022526119500605661, 0.0003466498933217669, 0.0001142190043452782, 0.0006197232721406145, 2.4595921077454926e-5, 0.0007334532576622233, 0.0004215466670850476, 1.2993685930256163e-6, 8.348708793916215e-5, 0.00033837909383333843, 0.00028486071656454176, 1.9881132632417512e-5, 9.875589870984736e-5, 0.00027954110308998437, 1.292250934040377e-9
14.5, 0.00022313401765204464, 0.00034318234730538593, 0.00011346595615904758, 0.0006146533351705939, 2.4422994055445123e-5, 0.000726739278779362, 0.0004173030780340047, 1.2901963362932153e-6, 8.283686567427138e-5, 0.00033509910278420123, 0.0002819586600706472, 1.9739324325831882e-5, 9.811569304697181e-5, 0.00027738172668015143, 1.1939532297578684e-9
14.6, 0.00022102890856925308, 0.00033975354235406214, 0.00011271887654921651, 0.0006096283208158976, 2.4252107605807163e-5, 0.0007201235770859757, 0.00041310629927342673, 1.2811102577731405e-6, 8.219214533625524e-5, 0.00033185317539508486, 0.00027915731991640374, 1.9599147332937263e-5, 9.74800618566889e-5, 0.00027524002030796825, 1.1085909158985558e-9
14.7, 0.0002189456015774805, 0.00033636292513580866, 0.000111977622047664, 0.0006046476942492197, 2.4083163883922234e-5, 0.0007136016330389531, 0.0004089557504445501, 1.2721070625490347e-6, 8.155285144647556e-5, 0.00032864091191581987, 0.00027645005876889516, 1.946052648149884e-5, 9.684893070585897e-5, 0.0002731158056589959, 1.03439277893609e-9
14.8, 0.00021688383592904256, 0.0003330099595212081, 0.00011124205998508048, 0.0005997109391646581, 2.3916073686285348e-5, 0.0007071693011336012, 0.00040485086186609764, 1.2631838074855437e-6, 8.091891200954137e-5, 0.00032546192039780336, 0.00027383071897073904, 1.9323393266307073e-5, 9.62222299572757e-5, 0.000271008909292811, 9.698307566378347e-10
14.9, 0.0002148433560114547, 0.0003296941253831262, 0.00011051206749152309, 0.0005948175562410174, 2.375075563141591e-5, 0.0007008227759890084, 0.0004007910740346328, 1.2543378575919551e-6, 8.029025821502946e-5, 0.0003223158162759529, 0.0002712935877516313, 1.9187685208916887e-5, 9.559989432206798e-5, 0.0002689191622642571, 9.13586537177549e-10
15.0, 0.0002128239110769438, 0.0003264149175028688, 0.00010978753059164584, 0.0005899670617586773, 2.3587135419377954e-5, 0.000694558561557277, 0.0003967758371683266, 1.2455668479682322e-6, 7.966682416757279e-5, 0.0003192022219878007, 0.00026883336491501623, 1.905334527975005e-5, 9.498186245590848e-5, 0.00026684639978198687, 8.645227488667524e-10
15.1, 0.00021082525499608841, 0.00032317184457291245, 0.00010906834338553047, 0.0005851589863539229, 2.3425145162282893e-5, 0.0006883734431666997, 0.0003928046107897469, 1.2368686506052988e-6, 7.904854664252146e-5, 0.0003161207666260559, 0.000266445132833435, 1.8920321376410535e-5, 9.436807659463118e-5, 0.00026479046090043505, 8.216581092353151e-10
15.2, 0.00020884714603315577, 0.0003199644282872618, 0.00010835440730691476, 0.0005803928738963418, 2.3264722778899258e-5, 0.0006822644621358897, 0.00038887686334374325, 1.2282413454079225e-6, 7.843536486467141e-5, 0.00031307108562132524, 0.0002641243285955753, 1.8788565852680383e-5, 9.375848222532127e-5, 0.0002627511882417717, 7.841459890461839e-10
15.3, 0.00020688934664097537, 0.0003167922025113518, 0.00010764563045142464, 0.0005756682804764863, 2.3105811447167756e-5, 0.000676228892720464, 0.000384992071846935, 1.219683194891909e-6, 7.782722030780676e-5, 0.00031005282045205477, 0.0002618667181573524, 1.8658035093214962e-5, 9.315302778934227e-5, 0.0002607284277447635, 7.512559217267163e-10
15.4, 0.00020495162327340273, 0.000313654712524166, 0.00010694192696812816, 0.0005709847734923855, 2.2948359109028966e-5, 0.0006702642211759722, 0.0003811497215656491, 1.2111926220797527e-6, 7.722405651302796e-5, 0.0003070656183790195, 0.0002596683723582754, 1.852868912945425e-5, 9.255166441412261e-5, 0.00025872202843779354, 7.223576532873776e-10
15.5, 0.00020303374621363226, 0.00031055151432591286, 0.00010624321650836924, 0.000566341930824711, 2.2792318022517942e-5, 0.0006643681267410342, 0.0003773493057195044, 1.2027681911814288e-6, 7.662581892404554e-5, 0.0003041091322019899, 0.00025752564467299916, 1.8400491292713153e-5, 9.195434567085679e-5, 0.0002567318422335769, 6.96907383496816e-10
15.6, 0.0002011354894167975, 0.00030748217400527057, 0.00010554942372644246, 0.0005617393400914999, 2.2637644356571857e-5, 0.0006585384643628398, 0.0003735903252081171, 1.1944085907014523e-6, 7.603245473779788e-5, 0.00030118302003642635, 0.0002554351505761947, 1.827340790081415e-5, 9.136102735555484e-5, 0.0002547577237433794, 6.744358971153244e-10
15.7, 0.00019925663036546561, 0.00030444626716071753, 0.0001048604778271659, 0.0005571765979743132, 2.2484297824442663e-5, 0.0006527732490037999, 0.00036987228835867145, 1.186112618660252e-6, 7.544391276891701e-5, 0.00029828694510828095, 0.00025339374840675565, 1.8147407974986216e-5, 9.07716672911441e-5, 0.0002527995301087703, 6.545383254114854e-10
15.8, 0.00019739694993675729, 0.00030144337837101966, 0.00010417631215591354, 0.0005526533096085674, 2.233224135200351e-5, 0.000647070641383127, 0.0003661947106923351, 1.177879169658888e-6, 7.486014332671311e-5, 0.0002954205755651686, 0.0002513985216248544, 1.8022462984078682e-5, 9.018622514854867e-5, 0.00025085712084914336, 6.36865313910059e-10
15.9, 0.00019555623227997845, 0.00029847310071039076, 0.00010349686382707622, 0.0005481690880315256, 2.2181440777601182e-5, 0.0006414289350207651, 0.0003625571147076914, 1.1697072235513831e-6, 7.428109810347584e-5, 0.0002925835843023576, 0.0002494467623624173, 1.7898546613428613e-5, 8.960466228489083e-5, 0.0002489303577234327, 6.211154031270483e-10
16.0, 0.00019373426470373719, 0.0002955350353042462, 0.00010282207338730932, 0.0005437235536821732, 2.2031864580429913e-5, 0.0006358465444634457, 0.00035895902967956783, 1.1615958355197892e-6, 7.370673007301641e-5, 0.00028977564880216844, 0.0002475359561743337, 1.7775634555984535e-5, 8.902694159713625e-5, 0.00024701910460460586, 6.07028455617445e-10
16.1, 0.0001919308375716481, 0.00029262879092187147, 0.00010215188451028583, 0.000539316333947736, 2.188348363469453e-5, 0.0006303219945838251, 0.00035539999147178754, 1.1535441273736304e-6, 7.313699339847267e-5, 0.00028699645098552, 0.00024566376790400267, 1.7653704323523724e-5, 8.84530273896786e-5, 0.0002451232273656675, 5.943799855756632e-10
16.2, 0.00019014574420579393, 0.0002897539836026583, 0.00010148624371996722, 0.000534947062752209, 2.1736270987096776e-5, 0.0006248539108538063, 0.0003518795423625351, 1.1455512799186065e-6, 7.25718433484968e-5, 0.0002842456770744896, 0.00024382802858277883, 1.7532735076012992e-5, 8.788288525450473e-5, 0.00024324259377602963, 5.829762669911144e-10
16.3, 0.00018837878079721638, 0.00028691023631285804, 0.00010082510013971404, 0.0005306153801826972, 2.1590201655414276e-5, 0.0006194410105023712, 0.000348397230881145, 1.1376165262594324e-6, 7.20112362210376e-5, 0.00028152301746484597, 0.00024202672328847033, 1.7412707467354863e-5, 8.731648196272153e-5, 0.00024137707340723505, 5.72650113405827e-10
16.4, 0.00018662974632277035, 0.00028409717863011295, 0.00010016840526478498, 0.0005263209321498441, 2.144525244615983e-5, 0.0006140820944765471, 0.0003449526116552585, 1.1297391459191934e-6, 7.145512927399274e-5, 0.0002788281666076518, 0.00024025797989327084, 1.729360350593222e-5, 8.67537853663384e-5, 0.00023952653754710958, 5.632572370211883e-10
16.5, 0.0001848984424677462, 0.0002813144464532464, 9.951611275603579e-5, 0.0005220633700789612, 2.1301401789499327e-5, 0.0006087760401317235, 0.0003415452452673833, 1.1219184596726745e-6, 7.090348066209011e-5, 0.0002761608228990766, 0.00023852005863641627, 1.717540642852026e-5, 8.61947643093221e-5, 0.00023769085912152035, 5.546731075796194e-10
16.6, 0.00018318467355372454, 0.0002785616817350478, 9.886817825281557e-5, 0.0005178423506288709, 2.115862958978413e-5, 0.0006035217945843593, 0.000338174698120003, 1.1141538250043598e-6, 7.035624937941118e-5, 0.00027352068857768226, 0.0002368113424614463, 1.7058100586274317e-5, 8.563938854702081e-5, 0.00023586991262300016, 5.467902423822894e-10
16.7, 0.00018148824647117452, 0.0002758385322359862, 9.822455920325445e-5, 0.0005136575354357251, 2.1016917090210522e-5, 0.0005983183686663494, 0.00033484054230845155, 1.1064446321131789e-6, 6.981339520702537e-5, 0.00027090746962849524, 0.00023513032806223217, 1.6941671341627613e-5, 8.508762867315587e-5, 0.00023406357404556915, 5.395158682357365e-10
16.8, 0.00017980897061636872, 0.00027314465129698364, 9.75852147103159e-5, 0.0005095085908793874, 2.0876246750262287e-5, 0.0005931648314259126, 0.00033154235550086235, 1.0987903003960808e-6, 6.927487866526213e-5, 0.0002683208756932486, 0.0002334756175859401, 1.682610497504674e-5, 8.453945605365442e-5, 0.00023227172082515446, 5.327699042552913e-10
16.9, 0.0001781466578322121, 0.0002704796976295305, 9.69501053921291e-5, 0.0005053951878701755, 2.0736602134720512e-5, 0.0005880603051250266, 0.00032827972082455874, 1.091190275351101e-6, 6.874066097018399e-5, 0.00026576061998624055, 0.0002318459109448143, 1.67113886006955e-5, 8.399484276666537e-5, 0.0002304942317850733, 5.264832214699348e-10
17.0, 0.00017650112235263754, 0.0002678433351216204, 9.631919325526217e-5, 0.000501317001654004, 2.0597967813141937e-5, 0.0005830039606879801, 0.00032505222675831665, 1.0836440258481868e-6, 6.821070399387298e-5, 0.00026322641921530914, 0.00023023999869214808, 1.659751009014892e-5, 8.345376154816673e-5, 0.0002287309870860817, 5.205961412254028e-10
17.1, 0.0001748721807502464, 0.00026523523265807385, 9.569244157972877e-5, 0.0004972737116341475, 2.0460329268811524e-5, 0.000577995013559886, 0.0003218594670299967, 1.0761510417225698e-6, 6.768497022817334e-5, 0.00026071799350746113, 0.0002286567554210458, 1.6484458003383283e-5, 8.291618574263075e-5, 0.00022698186818056605, 5.150571396026756e-10
17.2, 0.00017325965188690328, 0.00026265506395399275, 9.506981481462341e-5, 0.0004932650012080412, 2.0323672816270594e-5, 0.0005730327199377341, 0.00031870104051906825, 1.0687108316511382e-6, 6.716342275157338e-5, 0.0002582350663387544, 0.00022709513364757428, 1.6372221526343153e-5, 8.238208925826428e-5, 0.00022524675777046686, 5.098217295718673e-10
17.3, 0.000171663356867026, 0.00026010250740017896, 9.44512784833951e-5, 0.000489290557617672, 2.018798552660753e-5, 0.0005681163733400597, 0.00031557655116362383, 1.0613229212773382e-6, 6.664602519893385e-5, 0.0002557773644680529, 0.0002255541581427103, 1.6260790414453026e-5, 8.185144652638873e-5, 0.0002235255397685968, 5.048514964855892e-10
17.4, 0.00017008311899333715, 0.00025757724591945965, 9.38367990978565e-5, 0.00048535007181226794, 2.005325515977489e-5, 0.0005632453014844076, 0.00031248560787149976, 1.0539868515543297e-6, 6.613274173380122e-5, 0.0002533446178743258, 0.0002240329206800999, 1.6150154941503742e-5, 8.132423246456554e-5, 0.000221818099263016, 5.001132658661632e-10
17.5, 0.00016851876372486128, 0.0002550789668329624, 9.322634408011472e-5, 0.0004814432383221289, 1.9919470103268172e-5, 0.0005584188634445912, 0.0003094278244351667, 1.0467021772800257e-6, 6.562353702306883e-5, 0.00025093655969717576, 0.0002225305751690197, 1.6040305853398037e-5, 8.080042244311196e-5, 0.0002201243224841836, 4.955783853310869e-10
17.6, 0.00016697011863697796, 0.00025260736173547395, 9.261988169168006e-5, 0.0004775697551425298, 1.9786619316563405e-5, 0.0005536364470623593, 0.00030640281945007377, 1.039468465800849e-6, 6.511837621376792e-5, 0.00024855292618033227, 0.00022104633314421818, 1.5931234326288832e-5, 8.027999225468729e-5, 0.00021844409677462508, 4.912221049940583e-10
17.7, 0.00016543701338335507, 0.00025016212637908066, 9.201738096908863e-5, 0.0004737293236267645, 1.9654692280769716e-5, 0.0005488974665903818, 0.00030341021623618564, 1.0322852958639348e-6, 6.461722491179593e-5, 0.0002461934566178498, 0.00021957945958637148, 1.582293192869095e-5, 7.976291808665572e-5, 0.00021677731056087753, 4.870230428293191e-10
17.8, 0.00016391927965960702, 0.00024774296056437773, 9.141881166542538e-5, 0.0004699216483874616, 1.952367895300296e-5, 0.0005442013605456011, 0.00030044964276244125, 1.0251522566000434e-6, 6.412004916240287e-5, 0.0002438578933027883, 0.00021812926904882197, 1.5715390587184345e-5, 7.924917649596713e-5, 0.00021512385332749854, 4.829627233421236e-10
17.9, 0.0001624167511685343, 0.00024534956803858867, 9.082414419720322e-5, 0.00046614643720540715, 1.9393569725034743e-5, 0.0005395475897538907, 0.0002975207315739234, 1.018068946621605e-6, 6.362681543227666e-5, 0.0002415459814781715, 0.0002166951220680419, 1.5608602555366432e-5, 7.873874438631716e-5, 0.00021348361559294927, 4.790251794883845e-10
18.0, 0.00016092926358681568, 0.0002429816564000006, 9.023334959609504e-5, 0.0004624034009451658, 1.9264355385812877e-5, 0.0005349356355687418, 0.0002946231197215235, 1.0110349732222175e-6, 6.31374905930802e-5, 0.00023925746929003415, 0.00021527642183696402, 1.550256038574239e-5, 7.823159898736973e-5, 0.00021185648888717717, 4.751966091669975e-10
18.1, 0.00015945665453303613, 0.00024063893700816975, 8.964639946507033e-5, 0.0004586922534768854, 1.9136027087488134e-5, 0.0005303649982482526, 0.00029175644869391465, 1.0040499516656634e-6, 6.265204190631016e-5, 0.00023699210774238852, 0.00021387261112182192, 1.5397256904272603e-5, 7.772771783585151e-5, 0.0002102423657307416, 4.714650787992142e-10
18.2, 0.0001579987635369458, 0.00023832112489941142, 8.906326593852429e-5, 0.00045501271160369304, 1.900857631461574e-5, 0.0005258351954761339, 0.0002889203643516734, 9.971135045538634e-7, 6.217043700935599e-5, 0.00023474965065396172, 0.00021248316940457575, 1.529268518732398e-5, 7.722707875833984e-5, 0.00020864113961533825, 4.678202675367741e-10
18.3, 0.00015655543200985422, 0.00023602793870711403, 8.848392164602942e-5, 0.0004513644949941959, 1.888199485623279e-5, 0.0005213457610137544, 0.00028611451686338485, 9.902252612645637e-7, 6.169264390265096e-5, 0.00023252985461655473, 0.00021110761023434503, 1.518883854079516e-5, 7.672965985558687e-5, 0.00020705270498559849, 4.6425324652677374e-10
18.4, 0.00015512650321607122, 0.0002337591005864846, 8.790833967937297e-5, 0.00044774732611958324, 1.8756274780540655e-5, 0.0005168962434714279, 0.00028333856064359937, 9.83384857450605e-7, 6.121863093781737e-5, 0.0002303324789549092, 0.00020974547877245918, 1.5085710481208412e-5, 7.62354394882346e-5, 0.00020547695722204068, 4.607562884258362e-10
18.5, 0.0001537118222453178, 0.00023151433614333725, 8.733649356257389e-5, 0.00044416093019494936, 1.863140841194595e-5, 0.0005124862051882163, 0.0002805921542925134, 9.765919345936158e-7, 6.074836680671548e-5, 0.00022815728568795522, 0.00020839634951690014, 1.4983294718581119e-5, 7.574439626379302e-5, 0.00020391379262507778, 4.5732270301574336e-10
18.6, 0.00015231123598603348, 0.00022929337436660257, 8.676835722460415e-5, 0.0004406050351244173, 1.850738831023894e-5, 0.0005081152212104949, 0.0002778749605372568, 9.698461396058822e-7, 6.0281820531314424e-5, 0.0002260040394913423, 0.00020705982419294975, 1.4881585140906303e-5, 7.525650902475931e-5, 0.00020236310839997633, 4.5394669534179566e-10
18.7, 0.00015092459309951824, 0.00022709594756423437, 8.620390497456537e-5, 0.0004370793714497504, 1.8384207251707328e-5, 0.0005037828783604248, 0.0002751866461746885, 9.631471244748035e-7, 5.9818961454313796e-5, 0.0002238725076611594, 0.00020573552979782106, 1.4780575800089936e-5, 7.477175683777754e-5, 0.00020082480264268867, 4.5062324328605817e-10
18.8, 0.00014955174399484646, 0.00022492179130225248, 8.564311147908557e-5, 0.0004335836723021118, 1.826185821200387e-5, 0.0004994887743862556, 0.00027252688201559884, 9.56494545945098e-7, 5.935975923044538e-5, 0.00022176246007874842, 0.00020442311678797465, 1.4680260899205328e-5, 7.42901189837365e-5, 0.00019929877432647424, 4.473479919112782e-10
18.9, 0.0001481925408045015, 0.00022277064434664533, 8.508595174173996e-5, 0.00043011767335670936, 1.8140334350602606e-5, 0.0004952325171871426, 0.0002698953428302336, 9.49888065234412e-7, 5.890418381839709e-5, 0.00021967366917654884, 0.00020312225739863043, 1.4580634780940452e-5, 7.381157494871955e-5, 0.00019778492328924497, 4.4411716227662054e-10
19.0, 0.00014684683736068303, 0.00022064224860791787, 8.453240108430292e-5, 0.00042668111279005636, 1.8019628996694005e-5, 0.0004910137241057991, 0.0002672917072950674, 9.433273477785897e-7, 5.845220547330302e-5, 0.00021760590990488375, 0.0002018326440857828, 1.4481691917123627e-5, 7.333610441573115e-5, 0.00019628315022156688, 4.409274727417318e-10
19.1, 0.00014551448917223935, 0.00021853634908806447, 8.398243512966048e-5, 0.0004232737312396217, 1.7899735636384025e-5, 0.0004868320212829244, 0.00026471565794074903, 9.368120630032138e-7, 5.80037947397481e-5, 0.00021555895969963608, 0.00020055398808172987, 1.438342689922521e-5, 7.286368725712278e-5, 0.00019479335665525903, 4.3777607104756963e-10
19.2, 0.00014419535340218798, 0.00021645269382977427, 8.343602978623459e-5, 0.00041989527176565885, 1.7780647901075017e-5, 0.00048268704306788274, 0.0002621668811011513, 9.303418841184751e-7, 5.7558922445244416e-5, 0.0002135325984507478, 0.00019928601805578345, 1.428583442974339e-5, 7.23943035276563e-5, 0.0001933154449525467, 4.346604756972263e-10
19.3, 0.00014288928884578645, 0.00021439103386769928, 8.289316123377372e-5, 0.0004165454798150136, 1.76623595569164e-5, 0.00047857843148062495, 0.0002596450668634737, 9.23916487934782e-7, 5.7117559694134486e-5, 0.00021152660847149516, 0.00019802847887246257, 1.4188909314388652e-5, 7.192793345814596e-5, 0.00019184931829570402, 4.315785253623705e-10
19.4, 0.00014159615590911918, 0.00021235112318161842, 8.23538059103889e-5, 0.00041322410318675175, 1.7544864495225423e-5, 0.0004745058357202662, 0.0002571499090193362, 9.175355546967696e-7, 5.667967786188711e-5, 0.00020954077446848061, 0.00019678113044001804, 1.409264645499254e-5, 7.146455744962377e-5, 0.00019039488067716092, 4.2852833521574674e-10
19.5, 0.00014031581658817082, 0.00021033271865135723, 8.181794050071518e-5, 0.000409930891999443, 1.7428156723786716e-5, 0.00047046891171617715, 0.00025468110501681933, 9.111987679336767e-7, 5.624524858974922e-5, 0.00020757488351230683, 0.00019554374664267985, 1.3997040843071003e-5, 7.10041560679822e-5, 0.00018895203689002453, 4.255082592408217e-10
19.6, 0.0001390481344483579, 0.00020833558001332616, 8.128554192509922e-5, 0.00040666559865994845, 1.7312230358948374e-5, 0.00046646732171780244, 0.00025223835591340135, 9.04905814324294e-7, 5.5814243779723484e-5, 0.000205628725008886, 0.00019431611435049607, 1.3902087553980306e-5, 7.054671003904762e-5, 0.00018752069251898093, 4.225168576998171e-10
19.7, 0.00013779297460449249, 0.00020635946981856243, 8.075658732971425e-5, 0.0004034279778336043, 1.7197079618439508e-5, 0.0004625007339197505, 0.00024982136632975235, 8.986563835748812e-7, 5.5386635589843636e-5, 0.00020370209067134857, 0.00019309803250108353, 1.3807781741609922e-5, 7.009220024404687e-5, 0.0001861007539315493, 4.1955286905354886e-10
19.8, 0.00013655020370115708, 0.00020440415339215666, 8.023105407751907e-5, 0.00040021778641565777, 1.7082698814841975e-5, 0.00045856882211903763, 0.0002474298444043481, 8.924501683086239e-7, 5.496239642972168e-5, 0.0002017947744925189, 0.00019188931124803575, 1.3714118633560567e-5, 6.964060771543123e-5, 0.00018469212826965526, 4.1661518572335234e-10
19.9, 0.0001353196898934672, 0.00020246939879397418, 7.970891973998413e-5, 0.00039703478350387776, 1.6969082349654422e-5, 0.00045467126540161906, 0.00024506350174886675, 8.862868639653933e-7, 5.4541498956343105e-5, 0.00019990657271792248, 0.0001906897711711149, 1.362109352676258e-5, 6.919191363302294e-5, 0.00018329472344149613, 4.1370283316893303e-10
20.0, 0.00013410130282820261, 0.00020055497678057082, 7.919016208951193e-5, 0.0003938787303722172, 1.6856224707893903e-5, 0.000450807747855603, 0.00024272205340433785, 8.801661687106806e-7, 5.412391607008897e-5, 0.00019803728381929963, 0.00018949924254370914, 1.3528701783491604e-5, 6.874609932045524e-5, 0.00018190844811367978, 4.1081495182806706e-10
