flowtime, sM3R1, sM3R2, sM3R3, sM3R4, sM3R5, sM3R6, sM3R7, sM3R8, sM3R9, sM3R10, sM3R11, sM3R12, sM3R13, sM3R14, sM3R15
0.0, 15.727732918875892, 11.288189318985102, 13.207512949945592, 17.802475188584705, 15.808606706993613, 11.054501163952013, 11.707849172221902, 11.459914715208743, 11.7740131268593, 18.24383003971659, 18.26404699280974, 11.128905453147116, 12.065982704858929, 11.142941790309784, 11.522259414098576
0.1, 8.586512785131514, 9.039367644795284, 8.826595076876629, 8.515497740899702, 8.420517186407073, 9.080528279337848, 8.858024647557974, 8.941891435298306, 8.920311707461256, 8.426870566765459, 8.638663299300832, 9.076129764550151, 8.969972067741095, 9.048019835295388, 8.998664551237264
0.2, 7.3831600521737375, 8.100415147657772, 7.7383382225384745, 6.921686303985115, 6.735337361885554, 8.206283166863264, 7.911830934073647, 8.067241754632935, 7.822485691329468, 6.9847906407319, 7.409717441246955, 8.163109218839422, 7.829244497857526, 8.109722886465121, 8.061872764099077
0.3, 5.7821811470902915, 6.724425004708847, 5.925015043312708, 4.6827107698465955, 4.697786137983254, 6.862973426789209, 6.503202614160312, 6.7731135884783615, 5.846536781337545, 4.7390248967231985, 5.602697211815502, 6.726918523405682, 5.7928271300723155, 6.836011682449696, 6.876484501295952
0.4, 3.9980897731992124, 4.857073141188636, 3.7944559377200258, 3.106563605298104, 3.3614027504154973, 5.097948933983137, 4.669628072123253, 4.960487254092298, 3.102433967892861, 2.8748155245246654, 3.9107087663024953, 4.733536359888932, 3.4828273806022394, 5.03807388683581, 5.073354871111637
0.5, 2.57316410623144, 3.3151662757212312, 2.3743524692060163, 2.2290539016417217, 2.5886700899776467, 3.5612130178297496, 3.2962891482725216, 3.3246925893848664, 1.647987398417378, 1.4424945027334148, 2.823335487860018, 3.025303236298634, 2.0670743596042622, 3.3623089709661134, 3.3263016497341913
0.6, 1.6941250425434011, 2.5497587860502247, 1.7081538860627214, 1.7331389052604107, 2.102998872577887, 2.71269543093234, 2.692623893810292, 2.3833808713906572, 1.0968487228761081, 0.8305891593080535, 2.2275703918723697, 2.14417676758714, 1.124471282102588, 2.4106362079505352, 2.6800713024645697
0.7, 1.1988496128264803, 2.1019732066871852, 1.343973813623991, 1.4154192278024027, 1.7971189707797193, 2.2696812549337397, 2.3437266539221526, 1.7789852683203522, 0.774495627132662, 0.5708392468749519, 1.8789528725851738, 1.6965622486374443, 0.6602171425035173, 1.76450916996028, 2.4897594889706682
0.8, 0.9606975462533831, 1.7290625532195483, 1.1030914391949806, 1.174688289096954, 1.6005308927411972, 1.9814515349055097, 2.1262305104685018, 1.311896121560214, 0.5429046038567913, 0.4227348282126178, 1.667740276920639, 1.3687213097367166, 0.4525922147691463, 1.2708443272235732, 2.39027428260834
0.9, 0.8216962527012347, 1.3893297939697613, 0.9324116673100543, 0.9843809795061433, 1.4622864890560308, 1.7552299444616106, 1.9753578665252218, 1.022299207079531, 0.38198704334342515, 0.32556159216793623, 1.5494295780466356, 1.0947713822098666, 0.3505515885219212, 0.9087177284139998, 2.306620952360678
1.0, 0.7329386498518835, 1.1133840286462167, 0.7989545140753457, 0.834588823317291, 1.356869836997876, 1.557262571331208, 1.8366247938309457, 0.776054036943475, 0.27696766274258156, 0.2586920826821096, 1.4777052871159053, 0.8794745039672341, 0.2940758092192385, 0.6586205840257007, 2.2204081185310662
1.1, 0.6737301068409346, 0.9018726486921894, 0.6803931606872349, 0.7123239070155649, 1.2724997780052048, 1.3789953089273497, 1.6880364180116023, 0.5718530540954719, 0.2093442746270776, 0.21225160412645275, 1.424380368053489, 0.7143601463503286, 0.259006188593311, 0.4880121313583931, 2.1244791093405064
1.2, 0.632306472759722, 0.7363675266367897, 0.569016793244221, 0.6025456154182923, 1.2022902293073219, 1.2225355785778271, 1.5185647052187594, 0.42758994707760456, 0.16457997748795514, 0.18019108665078015, 1.3795626848529563, 0.5819625586012507, 0.23508784634533114, 0.3709597579429229, 2.011578418950065
1.3, 0.6013779472574727, 0.6033451454982407, 0.46579723080621027, 0.4930726074262537, 1.1410753361294494, 1.0896298227327634, 1.3282901107771519, 0.33476749817530965, 0.13370199353445006, 0.15813477510854035, 1.3401232102318699, 0.47276870378696256, 0.21765962666426583, 0.2910094401346718, 1.8683373757526096
1.4, 0.5766458636670392, 0.49674119955314594, 0.37379919746421514, 0.37962824353621794, 1.084808293722723, 0.978343337232741, 1.1299291472630832, 0.2757029958060116, 0.11152248446752644, 0.1428157604293783, 1.3048568277938388, 0.38401695541507475, 0.20441002546414236, 0.23679326783679558, 1.6701202247680595
1.5, 0.5556967541165759, 0.4126922518777474, 0.29570771717908845, 0.27018948538039606, 1.0302674656729531, 0.8845242986518193, 0.9405297002918069, 0.23691085961631544, 0.09499521442420383, 0.13190060333379097, 1.273125916916698, 0.3143394829634331, 0.19405943993265357, 0.19989627879600208, 1.378274690693762
1.6, 0.5371700355216442, 0.34690316172552377, 0.2330025921837318, 0.1789804288686689, 0.974661789002704, 0.8037883601697957, 0.7688253966995445, 0.21023747956079217, 0.08227121338735613, 0.12381272793748313, 1.2444745398798227, 0.26149785167717593, 0.18581018969222296, 0.17431482230148967, 1.0995121231062701
1.7, 0.5202450649326832, 0.29507971300449526, 0.18526125234776245, 0.11335467068938188, 0.915364326675887, 0.7326816041202521, 0.6187970000208596, 0.19099785472056155, 0.07219731443235812, 0.11753377604755864, 1.2185131725807963, 0.2227611017537063, 0.17911369584220285, 0.15601684410310174, 0.910182524524672
1.8, 0.5043631240923653, 0.25371468946928094, 0.15025432740716424, 0.07078861905090512, 0.8500404135425064, 0.6689693659149873, 0.4945825720724669, 0.1764886943412499, 0.06403853098687375, 0.11242602215318148, 1.1948871792474587, 0.19522436794680578, 0.1735694760564213, 0.1424068989167585, 0.7734008361271627
1.9, 0.48908373682145645, 0.22026249470955264, 0.1249765993699394, 0.04466714606662909, 0.7774062116425933, 0.6113170909060016, 0.397097402268735, 0.16511190000751128, 0.05731472413648179, 0.1080970001992576, 1.1732651309414366, 0.17594834944126453, 0.16887747906155712, 0.13185065072376187, 0.6678368557622221
2.0, 0.47400632189938396, 0.19293727537752675, 0.10665693475751133, 0.028955959251056988, 0.6984856153716795, 0.5588052679812024, 0.32285683705206053, 0.15588906827071738, 0.05170120044588713, 0.10430621698507368, 1.1533239669847053, 0.1623125421076456, 0.16481147339995847, 0.12332656852561687, 0.5831579027597151
2.1, 0.45871675017088714, 0.17045296774097907, 0.09317569960625666, 0.01950288722950883, 0.6173284892345583, 0.5106040898210026, 0.26659754190186813, 0.14819718278395835, 0.04696826053823294, 0.10090499503871057, 1.1347312033266714, 0.15230225751906942, 0.16120128724499605, 0.11619439607592978, 0.5132292439413241
2.2, 0.44273508656316035, 0.15183737698569202, 0.08304705803453073, 0.013757265422619562, 0.5398647184503935, 0.4658641568238255, 0.22359368778631897, 0.14162470324834428, 0.04294531301579421, 0.09779937607470422, 1.1171346089630618, 0.14454095818303297, 0.15791973944491053, 0.11004853452384183, 0.4530161653184778
2.3, 0.425450405422771, 0.13632871020543824, 0.07526130094976267, 0.010216003121264612, 0.4712843889447079, 0.42370444946010793, 0.19032022139891325, 0.13589156945182768, 0.039500214703304656, 0.09492792177659347, 1.1001655294163972, 0.13815909465257858, 0.1548728540971799, 0.10462748519258215, 0.3990499261213823
2.4, 0.40603948433118614, 0.12332272191491744, 0.06913440736860775, 0.007999617656288769, 0.4140678549234646, 0.3833030836699627, 0.16428012851078494, 0.1308027849840006, 0.036527585052076726, 0.09224868185861773, 1.083451822100377, 0.13263204507052825, 0.15199268004602903, 0.09975865648937311, 0.34943358903551247
2.5, 0.383389464804727, 0.11234174659124568, 0.06419930831133126, 0.006589318003526684, 0.367897243337388, 0.3442554544312997, 0.14369351416309653, 0.1262199772800512, 0.033942078168419, 0.08973162196734402, 1.0666319922619616, 0.1276505154350358, 0.14923213921663764, 0.09532494615103138, 0.30343768026150364
2.6, 0.3560919706445697, 0.1030108324163768, 0.060133610605588035, 0.005675096146750804, 0.3308421099195139, 0.30707828388371383, 0.12726031211399652, 0.1220431079984443, 0.03167422412535882, 0.08735423223788977, 1.049366489834056, 0.12303365731790417, 0.14656129907640716, 0.09124453115853452, 0.2611238692848743
2.7, 0.3226509719951657, 0.09503640821839623, 0.05671233742520858, 0.005069311103176844, 0.3006736738781558, 0.2732196124591781, 0.11400882869960327, 0.11819834415330162, 0.029667546370269533, 0.08509896211578233, 1.0313495007592446, 0.11867563472483045, 0.1439644533069624, 0.08745858337670266, 0.22297553070490927
2.8, 0.2821083026034597, 0.08818734957706481, 0.053776786029359556, 0.004657114667242285, 0.2756653390179104, 0.2442250862122913, 0.10320234921207348, 0.11462991228612138, 0.02787632527249166, 0.0829516951551837, 1.012328877894883, 0.11451413053513074, 0.14143745344185507, 0.08392370585272252, 0.1895721075166446
2.9, 0.2351577171246769, 0.08227923791590899, 0.05121373997441117, 0.004367544131039948, 0.25480453677729986, 0.22078458033537474, 0.09427931234387804, 0.11129462365079908, 0.026263735666849364, 0.08090081470916059, 0.9921402696942588, 0.11051212859671863, 0.13898489286799356, 0.08060717160093418, 0.16134564635552703
3.0, 0.1851866133802463, 0.07716220923796667, 0.04894144268647381, 0.004156388874138521, 0.23759194378275875, 0.20254003388593117, 0.08681195561917579, 0.10815821023625691, 0.02480025483479056, 0.07893660693492023, 0.9707528862316858, 0.10664742819373856, 0.13661700182874495, 0.07748383180886209, 0.13836947497750887
3.1, 0.13787530263293404, 0.07271219234676242, 0.04690006312697381, 0.003995896670391006, 0.22368231992195475, 0.18854175921890604, 0.08047553798274508, 0.10519288229213057, 0.02346230317238038, 0.07705085900959942, 0.9483104121156706, 0.10290658904691796, 0.13434640870360307, 0.0745340320720815, 0.12024312959873605
3.2, 0.0986681343370674, 0.06882493365399986, 0.04504518200203752, 0.0038685222590420293, 0.2126296148981309, 0.1777445622596438, 0.07502440097219881, 0.10237570019691383, 0.022231097695529094, 0.07523657322760628, 0.9251411276428074, 0.09928140379453533, 0.13218514828610586, 0.071742153915142, 0.10620054339558255
3.3, 0.07001579590551144, 0.06541205669427631, 0.043343322233671024, 0.003763097008296177, 0.2038576801195458, 0.16926061485499666, 0.07027310251157577, 0.0996874824979778, 0.02109169869055789, 0.07348775266387289, 0.9017214275288646, 0.0957668161382, 0.1301423482885758, 0.06909556046006747, 0.09535727044751248
3.4, 0.05099919679933941, 0.06239844979666628, 0.04176886691916836, 0.00367246362652864, 0.1967715561337582, 0.162417121553287, 0.06608163651494559, 0.09711206337308148, 0.020032226356287937, 0.07179923346415677, 0.8786059977699417, 0.0923596719633098, 0.12822287884289002, 0.06658381702000186, 0.08690889875069512
3.5, 0.03904487410891851, 0.059720427555398324, 0.04030192031624918, 0.003592004882388845, 0.1908638358399599, 0.15672997060524044, 0.06234401298877149, 0.09463577606897366, 0.019043222403447562, 0.07016654947743863, 0.8563569944776435, 0.08905795578432787, 0.12642699050569597, 0.06419810871288777, 0.08021293891798165
3.6, 0.03160586286574952, 0.05732429369084808, 0.0389268107936124, 0.003518721999065855, 0.18575304353220418, 0.15185860229304407, 0.05897956760304734, 0.0922470814079995, 0.01811713225083033, 0.06858582077447307, 0.8354903356638728, 0.08586031419401514, 0.12475072918358639, 0.061930805458028884, 0.07479096885001836
3.7, 0.026843816087608514, 0.055165093535317046, 0.037631032084541056, 0.003450653460449297, 0.18117004591682567, 0.14756580397453836, 0.055926436534442854, 0.0899362882566108, 0.017247886054950656, 0.06705366077973894, 0.8164313470448472, 0.08276575226486721, 0.1231867988277034, 0.05977514029452423, 0.07029951229041292
3.8, 0.02362407736150489, 0.05320546059981957, 0.036404485270120336, 0.003386506135678692, 0.17692637619943974, 0.14368720194916906, 0.053136708398332476, 0.08769533071463581, 0.016430560353660136, 0.0655670984907624, 0.7994717488572829, 0.07977343659909303, 0.12172555752368125, 0.05772497579591994, 0.06649631809572372
3.9, 0.02130016045830346, 0.05141453157008487, 0.035238928590662036, 0.0033254197535859432, 0.1728848054070049, 0.14010931958900613, 0.05057284887013321, 0.0855175783157806, 0.015661105764930107, 0.06412351323512709, 0.7847403483122767, 0.07688256593669711, 0.12035592799309974, 0.05577463875415713, 0.06321165751199806
4.0, 0.01951554748497483, 0.049766937245519435, 0.03412757224975891, 0.003266815692651373, 0.1689384080381833, 0.1367540721952395, 0.04820507569591097, 0.08339766329285193, 0.01493612941268703, 0.06272057998472433, 0.772205392204073, 0.07409228585912041, 0.11906611458190795, 0.05391880701952074, 0.0603264895270208
4.1, 0.018073517852379792, 0.0482418862752351, 0.03306477554423298, 0.003210299419877768, 0.16499776523017923, 0.13356788242202564, 0.04600943498122331, 0.08133131466765338, 0.014252723277928444, 0.061356223604295136, 0.7617089955577611, 0.0714016331876412, 0.11784410404552194, 0.05215243527981263, 0.05775671230445837
4.2, 0.016862818177456537, 0.04682235537048757, 0.032045817163378364, 0.003155597264494826, 0.16098438137630108, 0.13051407528423092, 0.04396639065174407, 0.07931519360483552, 0.013608331438732043, 0.06002858065988238, 0.7530168847130232, 0.0688095009943349, 0.11667797542729737, 0.05047070902801279, 0.05544213489864457
4.3, 0.01581789205951095, 0.04549439186647134, 0.031066718558230306, 0.003102515281024273, 0.156828685729795, 0.12756759172562496, 0.04205978747974219, 0.07734672860589713, 0.013000650262961148, 0.0587359676048652, 0.745865147856355, 0.06631461831229199, 0.1155560622257244, 0.04886901814509935, 0.05333889463537224
4.4, 0.014898108089872863, 0.04424652659085372, 0.03012410637381943, 0.0030509123898100755, 0.15247147888317764, 0.12471133276840246, 0.040276085356022395, 0.07542395277513211, 0.012427556235858957, 0.057476854322257805, 0.7399941745245511, 0.06391554055477579, 0.11446701029321309, 0.04734294344523561, 0.05141430578387915
4.5, 0.01407689152537582, 0.043069288995715695, 0.029215104059017855, 0.003000682783542836, 0.14786775805009184, 0.12193364177985408, 0.0386037904665693, 0.07354534833176431, 0.011887056452549172, 0.05624984214343803, 0.7351684020516868, 0.06161064784595864, 0.11339976772008492, 0.045888251188508054, 0.04964338668977982
4.6, 0.013335931361520085, 0.04195481291307216, 0.028337245579964167, 0.0029517443688044094, 0.14299145559218157, 0.11922657448183228, 0.03703302966501864, 0.07170970540338135, 0.0113772570724555, 0.05505364559011729, 0.7311848533510911, 0.05939814922597999, 0.11234353438998387, 0.04450089195398722, 0.04800652805036668
4.7, 0.012662001706291984, 0.04089651981609527, 0.02748840610058872, 0.0029040311504708676, 0.13783908893438834, 0.11658471018444946, 0.035555229354364004, 0.06991600258487214, 0.010896345353881884, 0.05388707719980963, 0.7278744314519631, 0.05727609119350966, 0.11128769166956506, 0.043177001386986186, 0.04648792846511883
4.8, 0.012045155135918051, 0.039888866539857265, 0.02666674584531893, 0.002857488199092354, 0.1324302932840235, 0.11400433311069617, 0.03416287103141306, 0.06816331565201844, 0.010442581329416186, 0.052749034895825594, 0.7250992845053585, 0.05524236939208588, 0.11022172759872602, 0.041912901206829015, 0.04507454182900124
4.9, 0.011477655415912912, 0.03892714545470202, 0.025870664314575433, 0.002812068314451216, 0.12680424358844744, 0.11148286656190155, 0.03284930342286221, 0.06645075834282729, 0.010014295750364268, 0.05163849145124065, 0.7227484894577656, 0.053294742493365944, 0.109135169879067, 0.04070509951387545, 0.04375536445317471
5.0, 0.01095332112200946, 0.0380073266160695, 0.025098762708903745, 0.002767729805374645, 0.12101285009258728, 0.10901848045063327, 0.031608596699493216, 0.06477745572159586, 0.009609891580221618, 0.050554485672853006, 0.7207333719161737, 0.05143084751782793, 0.10801753751843127, 0.0395502899016582, 0.04252094717409139
5.1, 0.010467105294139212, 0.037125933098077005, 0.02434981291614657, 0.002724435005636736, 0.11511315598061624, 0.10660981868400989, 0.030435428222610948, 0.0631425469746185, 0.009227846991004745, 0.04949611499659086, 0.7189831286776945, 0.04964821598328136, 0.10685832171860082, 0.03844534919792321, 0.04136305657624392
5.2, 0.010014815422171822, 0.03627994234183823, 0.023622731784034786, 0.0026821492762088756, 0.10916139510885392, 0.10425581038106914, 0.029324992111821886, 0.06154521123713086, 0.008866718449951369, 0.048462529241117575, 0.7174410207280703, 0.047944290396363574, 0.10564700702463108, 0.03738733386134543, 0.04027443542932353
5.3, 0.009592919858899538, 0.03546670779881057, 0.022916559675912267, 0.0026408403294897443, 0.10320976240079185, 0.10195554052027987, 0.028272926954794404, 0.05998470776737975, 0.008525143030199704, 0.047452925312592896, 0.7160611847163325, 0.046316440708807374, 0.10437314438255338, 0.03637347517884786, 0.0392486296143967
5.4, 0.00919840938829932, 0.03468389637795071, 0.0222304425159995, 0.002600477767155378, 0.09730537918409528, 0.09970816323300144, 0.027275257442352336, 0.05846042077005763, 0.008201839511347526, 0.04646654269183123, 0.7148060013204608, 0.044761980451838344, 0.10302648797553261, 0.035401173466843176, 0.03827986007314256
5.5, 0.008828695248476582, 0.03392943820912895, 0.021563616690676683, 0.0025610327600829904, 0.09149028502895966, 0.09751284593941423, 0.026328346772222407, 0.056971899465683803, 0.007895608148668666, 0.04550265956655911, 0.7136439090746713, 0.04327818233978616, 0.10159720678027034, 0.03446799149819488, 0.037362925653635595
5.6, 0.00848153207217188, 0.03320148603348775, 0.020915396296403346, 0.0025224778230408204, 0.08580156592158497, 0.09536873580122479, 0.025428857438931543, 0.05551888543132354, 0.007605329193470195, 0.044560589497176166, 0.7125475280697678, 0.04186229319814152, 0.10007617880775264, 0.03357164737026516, 0.03649312749727384
5.7, 0.008154958397150098, 0.032498382153903896, 0.020285162322149698, 0.002484786652818893, 0.08027130347831693, 0.09327494216738813, 0.02457371859784941, 0.054101321507942696, 0.007329960361180022, 0.043639678525310664, 0.7114919351187664, 0.040511548122030366, 0.09845536999614009, 0.03271000700893364, 0.03566620871498878
5.8, 0.007847249915749937, 0.03181863135744039, 0.019672353431131002, 0.0024479340090278402, 0.07492641956897282, 0.09123053022196524, 0.02376009861580058, 0.05271933935106449, 0.00706853349119077, 0.042739302651367224, 0.7104528871538164, 0.03922318380892134, 0.09672828988058997, 0.03188107647642938, 0.03487830512816961
5.9, 0.007556882188045383, 0.031160878586516637, 0.019076458068028868, 0.002411895623769338, 0.06978860423036609, 0.08923452216192775, 0.022985381739453418, 0.05137322567430312, 0.00682015064513416, 0.041858865620929914, 0.709404687169905, 0.03799445103543757, 0.094890502171826, 0.031082994222078334, 0.034125904184106604
6.0, 0.007282500532268153, 0.03052389041221087, 0.018497007667325226, 0.0023766481309992113, 0.064874460710592, 0.08728590309086853, 0.022247148054317337, 0.050063370096317665, 0.006583979866400586, 0.04099779697088492, 0.7083171508565217, 0.03682262626411867, 0.09294015099446673, 0.030314023387586816, 0.03340581004316688
6.1, 0.007022895454090221, 0.029906539572677998, 0.017933570778527974, 0.002342169009463321, 0.060195896446064434, 0.08538362950076009, 0.02154315609179649, 0.04879019995239721, 0.0063592507870704916, 0.040155550295015, 0.7071505694989886, 0.035705022374038366, 0.09087844516880485, 0.029572544253813175, 0.03271511343221993
6.2, 0.006776982413198223, 0.029307791998693666, 0.01738574795697944, 0.0023084365351163792, 0.05576069981197228, 0.08352663877670922, 0.020871327583772904, 0.0475541091790497, 0.006145250228294685, 0.03933160169596683, 0.705846128715082, 0.0346389985117238, 0.08871002792865025, 0.028857046894806417, 0.03205116526582938
6.3, 0.006543785028238415, 0.02872669586953928, 0.016853167296138484, 0.002275429740281152, 0.051573196185438486, 0.08171385862459646, 0.020229733973992418, 0.04635538916773595, 0.005941317902173626, 0.0385254483962775, 0.7043051845887975, 0.0336219690581801, 0.08644315381687594, 0.028166124087273245, 0.03141155331715398
6.4, 0.006322421036184888, 0.02816237233543537, 0.01633548049987871, 0.0022431283777024544, 0.04763487506602147, 0.07994421570199092, 0.01961658438070462, 0.04519416915662579, 0.005746842290214297, 0.037736607485822346, 0.7023376679438058, 0.032651411706092655, 0.08408960429994812, 0.02749846450932625, 0.030794081415457468
6.5, 0.0061120904782956936, 0.02761400761462138, 0.015832359412346404, 0.0022115128882465632, 0.043944910375537306, 0.07821664303677979, 0.01903021477118812, 0.04407037230092503, 0.005561256746533411, 0.03696461478684371, 0.6995090927397037, 0.03172487464007432, 0.08166430256018513, 0.026852846250961175, 0.030196750783445764
6.6, 0.005912065700371691, 0.027080846229259877, 0.015343492938934113, 0.002180564371395034, 0.040500540541826224, 0.07653008605216688, 0.01846907816020356, 0.04298369125564414, 0.005384035853039159, 0.036209023820808414, 0.6945656711927714, 0.030839982813271428, 0.07918463419443766, 0.026228130649721182, 0.029617743223264877
6.7, 0.005721682841967014, 0.026562185188472837, 0.014868584305437462, 0.0021502645579477763, 0.037297316874216294, 0.07488350718793609, 0.017931735684311927, 0.041933584330195055, 0.005214692038209618, 0.03546940486387009, 0.6824186552964633, 0.029994443316292228, 0.07666953519966278, 0.025623256458000745, 0.029055405927062843
6.8, 0.005540334555505593, 0.026057368961856384, 0.014407348613848705, 0.002120595784528323, 0.03432925721280348, 0.07327588922409906, 0.017416848434859054, 0.04091929054383586, 0.005052772459899464, 0.03474534407978496, 0.6335661258228259, 0.02918604983940439, 0.07413845676866042, 0.025037234343003305, 0.028508237734994488
6.9, 0.005367463747429672, 0.025565785114865024, 0.013959510662751773, 0.002091540969603896, 0.03158895309713644, 0.07170623748304472, 0.016923169956245078, 0.039939859711328046, 0.004897856144944839, 0.034036442720836266, 0.49713905649358775, 0.028412686235976623, 0.07161034226369208, 0.024469141716158636, 0.027974876696373593
7.0, 0.005202558173386412, 0.025086860500081222, 0.013524803008113961, 0.002063083590813294, 0.029067674793232808, 0.07017358111930194, 0.01644953933440095, 0.0389941923582704, 0.004749551373375229, 0.03334231638873998, 0.38574832634226297, 0.0276723292037385, 0.06910274561204706, 0.0239181178855739, 0.02745408881257239
7.1, 0.005045145750814445, 0.024620057916754482, 0.013102964246561145, 0.0020352076634505495, 0.02675550486280912, 0.06867697371108052, 0.01599487481442126, 0.03808108392361263, 0.0046074932920855405, 0.032662594348675446, 0.34140023107900414, 0.026963050109936968, 0.06663118390851384, 0.023383359522601704, 0.02694475785626307
7.2, 0.004894790477131981, 0.024164873165991033, 0.012693737508078121, 0.002007897719989265, 0.024641513823714822, 0.06721549335324822, 0.015558167897026869, 0.03719926824758921, 0.004471341741325584, 0.03199691889057146, 0.32333394598336745, 0.02628301599623542, 0.06420876296602043, 0.022864116431723806, 0.0264458761728245
7.3, 0.004751088861542256, 0.02372083244128338, 0.012296869148605586, 0.0019811387905580642, 0.022713976019657276, 0.0657882424246656, 0.015138477871718292, 0.036347456499461, 0.004340779276886289, 0.0313449447325973, 0.31327419594502814, 0.0256304898086018, 0.06184606089137565, 0.022359687611538896, 0.025956536377741295
7.4, 0.004613666794376236, 0.023287490004206098, 0.011912107635300265, 0.0019549163842956787, 0.020960613172148715, 0.06439434716984412, 0.014734926750751063, 0.03552436913653507, 0.004215509371083713, 0.03070633846250244, 0.3062692771274571, 0.025003829905934888, 0.059551216509422314, 0.02186941759362608, 0.025475923869654426
7.5, 0.004482176790734678, 0.022864426103480526, 0.011539202618413598, 0.001929216471525912, 0.01936884809905575, 0.06303295720041631, 0.01434669457287999, 0.03472875989462468, 0.0040952547763185455, 0.0300807780130343, 0.3007747074687846, 0.02440148890837894, 0.05733015313010479, 0.021392693045362527, 0.02500331008313379
7.6, 0.004356295555614322, 0.022451245102548832, 0.011177904183952684, 0.0019040254667028996, 0.017926050958595813, 0.0617032449892516, 0.013973015049558446, 0.03395943196875078, 0.003979756035942702, 0.029467952168158732, 0.2961607020499648, 0.023822011951894588, 0.055186871309922, 0.020928939622359827, 0.02453804640873353
7.7, 0.004235721826211227, 0.02204757378655303, 0.010827962280684241, 0.0018793302120819724, 0.01661976347848431, 0.060404405401398534, 0.01361317152922147, 0.03321524734054344, 0.0038687701282718477, 0.02886756009722911, 0.2921099465939365, 0.023264034419523048, 0.05312375919002591, 0.020477619055997123, 0.024079558710822072
7.8, 0.004120174454068382, 0.021653059824398316, 0.010489126313803391, 0.0018551179620779777, 0.015437891223533552, 0.059135655282581745, 0.013266493257631481, 0.03249513063431894, 0.003762069230752168, 0.028279310914612242, 0.28843961895919407, 0.022726279221873164, 0.05114188740421669, 0.020038226461552715, 0.023627342376258006
7.9, 0.004009390695483692, 0.02126737036555002, 0.01016114489590904, 0.0018313763682753683, 0.014368858679711001, 0.057896233108139704, 0.01293235191419324, 0.03179806899515682, 0.003659439592460707, 0.027702923262584455, 0.28503411720830835, 0.02220755369970841, 0.04924127166862452, 0.01961028785261667, 0.023180957829413804
8.0, 0.0039031246833492665, 0.020890190754520793, 0.009843765744013596, 0.0018080934650578685, 0.01340172596272242, 0.056685398682876115, 0.012610158405754386, 0.031123109371060893, 0.003560680504253141, 0.02713812491557691, 0.2818144101936963, 0.021706746220262186, 0.04742109751193012, 0.019193357847800404, 0.022740026451417386
8.1, 0.0038011460575495975, 0.020521223348747952, 0.00953673570935943, 0.0017852576558282317, 0.012526268950705818, 0.055502432874769844, 0.012299359900785175, 0.03046935434292454, 0.0034656033569419376, 0.026584652404073632, 0.27872241366549283, 0.02122282253623819, 0.0456799081782573, 0.018787017556199676, 0.022304226843904578
8.2, 0.003703238734344855, 0.020160186427842616, 0.009239800925008345, 0.0017628576997898873, 0.011733026579611875, 0.054346637362048006, 0.011999437088036144, 0.029835957360760945, 0.003374030778880488, 0.026042250656666672, 0.2757125086462711, 0.020754821972596572, 0.04401575973078518, 0.018390872628604046, 0.02187329138012621
8.3, 0.0036091997979339104, 0.01980681318408717, 0.008952707054662482, 0.0017408826992646924, 0.011013320085317212, 0.05321733437290339, 0.011709901644837572, 0.029222117969128, 0.0032857958452374918, 0.025510672658933534, 0.272746800808727, 0.02030185350142312, 0.04242634820235523, 0.018004551462050475, 0.02144700298901356
8.4, 0.003518838499717922, 0.019460850785625514, 0.008675199625103207, 0.0017193220875221934, 0.010359249344932446, 0.052113866399223746, 0.011430293901163593, 0.028627077371533746, 0.0032007413520664892, 0.024989679127956937, 0.26979250803324845, 0.019863091759690518, 0.040909113382132906, 0.017627703545969813, 0.021025192120838202
8.5, 0.0034319753527527054, 0.01912205950509389, 0.008407024424067067, 0.0016981656170971702, 0.009763671369189798, 0.051035595869313166, 0.011160180686450312, 0.028050114505945474, 0.0031187191490166964, 0.02447903820142696, 0.26682068808387316, 0.019437773058791005, 0.039461323182721136, 0.01725999793886078, 0.020607733846488223
8.6, 0.0033484413105430663, 0.01879021190751702, 0.008147927945372698, 0.001677403348573677, 0.009220165600241277, 0.049981904768978395, 0.010899153346945082, 0.027490542680946913, 0.0030395895251892737, 0.02397852514038096, 0.2638059375333421, 0.019025191428569604, 0.03808014184937273, 0.01690112186512156, 0.020194545046176977
8.7, 0.0032680770207503458, 0.01846509209218229, 0.007897657863658493, 0.0016570256398147178, 0.008722990105472382, 0.04895219420499296, 0.010646825922081726, 0.026947706746570103, 0.0029632206432320665, 0.023487922044730047, 0.2607269142295738, 0.018624694732429423, 0.036762684687452606, 0.01655077942237153, 0.019785581647654493
8.8, 0.0031907321455941708, 0.018146494983943908, 0.007655963522153399, 0.001637023135617811, 0.008267032122264808, 0.047945883909375035, 0.010402833469031368, 0.02642098073428686, 0.0028894880172851568, 0.02300701758080726, 0.25756763541895533, 0.018235680884073308, 0.0355060615215221, 0.016208690390281864, 0.019380835878753746
8.9, 0.0031162647417629385, 0.017834225670012166, 0.007422596418416494, 0.0016173867577779259, 0.007847755766061074, 0.04696241168683191, 0.010166830525175528, 0.025909765885989137, 0.002818274030850746, 0.022535606720245703, 0.25431949922818986, 0.017857594190731088, 0.03430741074116096, 0.01587458913260707, 0.01898033350437565
9.0, 0.003044540693539558, 0.01752809877878796, 0.007197310674844061, 0.001598107695539398, 0.007461149107212326, 0.04600123281094372, 0.009938489698799147, 0.02541348899257156, 0.0027494674910681794, 0.022073490489560737, 0.2509838588675328, 0.01748992184240387, 0.033163925506894995, 0.015548223584750255, 0.01858413102380398
9.1, 0.002975433193612303, 0.017227937897713125, 0.006979863482858898, 0.0015791773964207879, 0.007103672276654988, 0.04506181937710066, 0.00971750037880175, 0.024931600971769493, 0.0026829632162343473, 0.021620475729868253, 0.2475747411124264, 0.017132190561799127, 0.032072873460434276, 0.01522935431981169, 0.018192312810487915
9.2, 0.00290882226670297, 0.0169335750274516, 0.006770015511944098, 0.0015605875573956503, 0.0067722077896030415, 0.04414365962184697, 0.009503567554693637, 0.02446357562729495, 0.0026186616537271752, 0.021176374866221512, 0.24412098440268923, 0.01678396342528777, 0.031031611090260845, 0.014917753686646084, 0.017804988183066865
9.3, 0.0028445943317177893, 0.016644850069998114, 0.006567531276960846, 0.001542330116414366, 0.006464013884147818, 0.043246257219186866, 0.009296410738578063, 0.024008908543994283, 0.002556468525772514, 0.02074100568609614, 0.2406668076967719, 0.016444836861389374, 0.030037593736360738, 0.014613205013995142, 0.017422288403321887
9.4, 0.0027826417986233343, 0.016361610348547505, 0.006372179459395861, 0.0015243972442522801, 0.0061766813555829735, 0.04236913056464678, 0.009095762981232445, 0.023567116085118873, 0.002496294500742194, 0.02031419112659169, 0.23726982699714944, 0.016114437829997504, 0.02908838207094126, 0.014315501875269553, 0.017044363603769146
9.5, 0.0027228626966826213, 0.016083710157151727, 0.006183733180235602, 0.001506781336670131, 0.005908094121006851, 0.04151181205757375, 0.008901369974792064, 0.023137734467167246, 0.002438054887893178, 0.019895759069956574, 0.2339960154515971, 0.01579242118276298, 0.028181645762285393, 0.014024447409017936, 0.016671379654568802
9.6, 0.0026651603310654808, 0.015811010338360174, 0.006001970223999017, 0.001489475006873639, 0.005656393563638424, 0.04067384739141267, 0.008712989234918558, 0.022720318895039487, 0.0023816693536536345, 0.01948554214707438, 0.23091205271236023, 0.01547846720273695, 0.027315164914784442, 0.013739853690549076, 0.016303514986109678
9.7, 0.002609442965175577, 0.015543377887173583, 0.005826673215032448, 0.0014724710782593397, 0.005419946572773954, 0.03985479486064297, 0.00853038935570737, 0.022314442745645226, 0.0023270616577370207, 0.01908337754858007, 0.22807658828482752, 0.015172279319492724, 0.02648682977847375, 0.01346154115057373, 0.015940957389799632
9.8, 0.0025556235263286316, 0.015280685579763875, 0.00565762974845434, 0.001455762577434787, 0.005197317103933385, 0.03905422469180307, 0.008353349330950013, 0.02191969679196285, 0.002274159407520674, 0.018689106843300926, 0.22553258717555438, 0.014873581994460719, 0.025694639135051694, 0.013189338037085831, 0.01558390082501263
9.9, 0.002503619332668695, 0.015022811625512325, 0.005494632479127937, 0.0014393427275015398, 0.00498724102572114, 0.03827171840466196, 0.00818165793573123, 0.02153568846221338, 0.002222893829266463, 0.018302575803739878, 0.22330271198709795, 0.014582118770069607, 0.02493669769330307, 0.01292307991703678, 0.015232542264592372
10.0, 0.00245335183943424, 0.0147696393410101, 0.005337479172744186, 0.0014232049415899273, 0.004788603987512529, 0.037506868208213244, 0.00801511316270207, 0.021162041130590517, 0.002173199554885007, 0.017923634238342912, 0.22138867582157307, 0.01429765047545313, 0.02421121276394517, 0.012662609214654338, 0.014887078614579016
10.1, 0.0024047464028825395, 0.014521056844741455, 0.005185972723534819, 0.001407342816635028, 0.004600422028711856, 0.03675927643481879, 0.007853521707730413, 0.020798393437148222, 0.002125014423058461, 0.01755213583030942, 0.2197741908831199, 0.014019953580904267, 0.023516490430966087, 0.012407774783528716, 0.014547703745747646
10.2, 0.0023577320603559017, 0.014276956771242086, 0.00503992114333731, 0.0013917501273840768, 0.004421824650624241, 0.03602855501457779, 0.007696698499991976, 0.02044439863517939, 0.002078279293637498, 0.017187937982722872, 0.21843016523480838, 0.01374881869290283, 0.0228509313923516, 0.0121584315098369, 0.014214605675022118
10.3, 0.0023122413251267034, 0.014037236003589772, 0.004899137526732456, 0.0013764208206254584, 0.004252040081653953, 0.03531432499086709, 0.007544466271921844, 0.020099723964859255, 0.00203293787432036, 0.016830901669794313, 0.2173205110306957, 0.013484049181362968, 0.02221302660651479, 0.011914439944300283, 0.013887963933799562
10.4, 0.0022682099947953106, 0.013801795423141009, 0.004763439996809406, 0.0013613490096303716, 0.004090382482262596, 0.03461621607701902, 0.007396655164802674, 0.019764050052190115, 0.001988936558703972, 0.016480891294027352, 0.21640725355582954, 0.01322545993072157, 0.021601352850712217, 0.011675665960671162, 0.013567947157726926
10.5, 0.002225576972136184, 0.013570539675485506, 0.004632651635820614, 0.00134652896879829, 0.003936240855378847, 0.03393386625327711, 0.007253102366116253, 0.019437070332427694, 0.001946224274872395, 0.0161377745491218, 0.21565424596916605, 0.01297287620657227, 0.02101456827321316, 0.01144198043873136, 0.013254710928604793
10.6, 0.0021842840973954926, 0.013343376951638468, 0.0045066004046041205, 0.0013319551284982035, 0.0037890694489118755, 0.03326692140250436, 0.0071136517751238856, 0.01911849049723922, 0.0019047523437555449, 0.015801422288449725, 0.21502937195696722, 0.012726132629733992, 0.02045140800114288, 0.011213258969950683, 0.01294839589402923
10.7, 0.002144275991138858, 0.013120218783542208, 0.004385119054206043, 0.0013176220700971241, 0.003648379458372055, 0.03261503498260358, 0.006978153693476473, 0.01880802796488087, 0.0018644743465534934, 0.015471708398941035, 0.21450548348851034, 0.012485072249886773, 0.019910679849947197, 0.010989381584105111, 0.012649126184352875
10.8, 0.0021054999068345587, 0.012900979852992869, 0.0042680450326626875, 0.0013035245211689991, 0.003513731858451474, 0.03197786773323605, 0.0068464645379696576, 0.01850541137268807, 0.001825346000576955, 0.01514850968023056, 0.21406045941071475, 0.012249545711212928, 0.019391260167662263, 0.01077023249529259, 0.01235700813982647
10.9, 0.002067905592432648, 0.012685577813154688, 0.004155220389417925, 0.0012896573508761329, 0.003384731212189085, 0.03135508741417224, 0.006718446572866272, 0.01821038009117182, 0.0017873250429070295, 0.014831705728921065, 0.21367675419278984, 0.0120194105028135, 0.0188920898370503, 0.010555699865908395, 0.012072129353685557
11.0, 0.0020314451602697235, 0.012473933121865769, 0.004046491679383142, 0.0012760155655165448, 0.0032610203246885134, 0.030746368572475462, 0.006593967659492352, 0.01792268375901251, 0.001750371121322827, 0.014521178827825307, 0.2133407185728116, 0.011794530287030007, 0.0184121704506921, 0.010345675587256544, 0.011794558029792413
11.1, 0.001996072964689458, 0.012265968885980824, 0.003941709868202419, 0.0012625943042304337, 0.0031422756251028973, 0.030151392335670043, 0.006472901021083997, 0.01764208183823364, 0.0017144456919891869, 0.014216813840055234, 0.21304187445974915, 0.011574774299172814, 0.017950560667910138, 0.010140055075576903, 0.0115243426465375
11.2, 0.001961745486823966, 0.01206161071603761, 0.00384073023987982, 0.0012493888348595822, 0.003028203175687317, 0.029569846228075552, 0.006355125021109045, 0.017368343188840004, 0.001679511923435657, 0.013918498107829282, 0.21277224445798323, 0.011360016812532861, 0.017506372757593616, 0.009938737082362205, 0.011261511912334233
11.3, 0.0019284212260304615, 0.0118607865905715, 0.0037434123075628, 0.0012363945499535894, 0.0029185352201748513, 0.0290014240075821, 0.006240522953517415, 0.01710124566220041, 0.001645534606393292, 0.013626121355874266, 0.21252577978574602, 0.011150136662928987, 0.017078769327335038, 0.00974162351792539, 0.011006074992441564
11.4, 0.0018960605975206408, 0.011663426729439928, 0.003649619727960097, 0.0012236069629170175, 0.002813027195627762, 0.028445825520274245, 0.006128982843582479, 0.016840575712464268, 0.0016124800690890005, 0.013339575599298848, 0.21229789637842242, 0.010945016827411232, 0.016666960236531227, 0.009548619287255667, 0.010758021982201096
11.5, 0.0018646258357614563, 0.011469463475555582, 0.003559220219605933, 0.0012110217042919091, 0.0027114551423644976, 0.027902756570480684, 0.0060203972581831635, 0.016586128025303824, 0.0015803160976274862, 0.013058755055818898, 0.21208511135555394, 0.010744544052100104, 0.016270199689079137, 0.009359632137275243, 0.0105173245982049
11.6, 0.0018340809032600406, 0.01127883118446119, 0.003472085484962862, 0.0011986345181707481, 0.0026136134556849137, 0.02737192880401607, 0.005914663124544773, 0.016337705163286944, 0.0015490118611175556, 0.012783556062215361, 0.2118847647515031, 0.010548608524488065, 0.015887783499839013, 0.009174572514674219, 0.010283937056469161
11.7, 0.0018043914043783655, 0.011091466121213166, 0.003388091136181742, 0.0011864412587340445, 0.0025193129310452367, 0.026853059602582684, 0.0058116815566059705, 0.016095117227197062, 0.0015185378412260878, 0.012513876994906737, 0.21169480992171247, 0.010357103585863494, 0.015519046528039752, 0.008993353433560423, 0.010057797105370013
11.8, 0.0017755245038520958, 0.010907306364073348, 0.003307116624204429, 0.0011744378869086203, 0.0024283790611953977, 0.02634587198750202, 0.005711357688309493, 0.01585818153263271, 0.0014888657658654525, 0.012249618194517205, 0.21151365737300015, 0.010169925479835421, 0.015163360270150063, 0.008815890352219163, 0.009838827180854303
11.9, 0.0017474488497146042, 0.010726291714538181, 0.0032290451708012926, 0.0011626204671408692, 0.0023406505497127806, 0.025850094531151488, 0.005613600513228555, 0.01562672230123433, 0.0014599685467420861, 0.011990681894322796, 0.21134005918857218, 0.009986973133242042, 0.014820130604363001, 0.008642101058325642, 0.009626935652146663
12.0, 0.0017201345003494965, 0.010548363613266745, 0.0031537637030729783, 0.0011509851642816388, 0.0022559780104602196, 0.02536546127467463, 0.005518322730039098, 0.015400570365905551, 0.0014318202205133297, 0.011736972152456024, 0.21117302380971842, 0.009808147966011023, 0.014488795678684092, 0.008471905562004755, 0.009422018127716703
12.1, 0.0016935528554177957, 0.01037346506149489, 0.003081162789914673, 0.0011395282405775764, 0.002174222826868687, 0.02489171165071736, 0.005425440593431487, 0.01517956288941499, 0.0014043958933182782, 0.0114883947877496, 0.2110117532758529, 0.009633353726815556, 0.014168823934594345, 0.00830522599617046, 0.00922395879348169
12.2, 0.0016676765904246637, 0.010201540547551156, 0.003011136579931104, 0.0011282460527653733, 0.0020952561486936687, 0.024428590410117513, 0.005334873770127202, 0.014963543095785372, 0.0013776716884648227, 0.011244857319097804, 0.21085559696578868, 0.009462496351623792, 0.013859712258388536, 0.008141986523623036, 0.009032631757926323
12.3, 0.0016424795947077837, 0.010032535978115367, 0.002943582740303205, 0.001117135049264795, 0.0020189580071009756, 0.02397584755162702, 0.005246545199724256, 0.014752360013894203, 0.001351624697070831, 0.011006268908214307, 0.21070401741535363, 0.009295483842484801, 0.013560984252479643, 0.007982113250414442, 0.008847902381876651
12.4, 0.0016179369126464646, 0.00986639861388583, 0.0028784023961337113, 0.0011061917674667163, 0.001945216531680761, 0.02353323825389421, 0.0051603809601458404, 0.01454586823273706, 0.0013262329314712301, 0.010772540305662767, 0.21055656495800718, 0.009132226164119395, 0.013272188619224877, 0.00782553414502986, 0.00866962857389291
12.5, 0.0015940246879036465, 0.00970307700934279, 0.002815500069837912, 0.0010954128311127381, 0.0018739272553322602, 0.023100522809056192, 0.005076310137506911, 0.01434392766781788, 0.0013014752812165974, 0.01054358380003699, 0.2104128588121203, 0.008972635156100776, 0.012992897650137402, 0.007672178962962679, 0.00849766203552501
12.6, 0.0015707201105276223, 0.009542520956319632, 0.002754783620195308, 0.0010847949477627173, 0.0018049924949639997, 0.02267746655740763, 0.004994264700245101, 0.01414640333815815, 0.0012773314715005266, 0.010319313170164095, 0.2102725728858168, 0.00881662445860864, 0.01272270581367603, 0.007521979176291708, 0.00833184944387899
12.7, 0.0015480013667514161, 0.009384681431111182, 0.0026961641807298218, 0.001074334906347066, 0.0017383207976659815, 0.022263839822708235, 0.004914179377390841, 0.013953165153432999, 0.0012537820238645188, 0.010099643640205614, 0.21013542504343544, 0.008664109449929912, 0.012461228435154995, 0.0073748679078945965, 0.008172033561980038
12.8, 0.0015258475913390154, 0.009229510544870066, 0.002639556097145628, 0.0010640295748006417, 0.0016738264434749113, 0.021859417847779488, 0.004835991540870168, 0.013764087710765397, 0.0012308082190394668, 0.00988449183753043, 0.21000116892150628, 0.008515007194054553, 0.012208100462668613, 0.007230779869957841, 0.0080180542702212
12.9, 0.0015042388223379043, 0.009076961497059473, 0.002584876863602451, 0.0010538758977751527, 0.001611428997105789, 0.02146398073011193, 0.004759641091751822, 0.01357905010072676, 0.001208392061792682, 0.009673775753230586, 0.2098695876310929, 0.008369236396878468, 0.011962975313274678, 0.007089651306467388, 0.007869749514700314
13.0, 0.0014831559581063452, 0.008926988531746524, 0.0025320470576738158, 0.0010438708944270588, 0.001551052902098514, 0.02107731335727176, 0.004685070350360521, 0.013397935722114653, 0.0011865162476579437, 0.009467414705154567, 0.20974048886332367, 0.008226717369677805, 0.011725523794033955, 0.006951419939384186, 0.007726956170455928
13.1, 0.0014625807164923314, 0.008779546896537526, 0.00248099027388679, 0.0010340116562784646, 0.0014926271117519482, 0.02069920534194418, 0.0046122239501886495, 0.013220632105095394, 0.0011651641314345536, 0.009265329303329907, 0.20961370104503418, 0.008087371998663216, 0.011495433092832798, 0.006816024918231137, 0.007589510819490746
13.2, 0.001442495596048974, 0.008634592803971044, 0.002431633055795273, 0.0010242953451480028, 0.0014360847520121982, 0.02032945095649999, 0.004541048735544751, 0.013047030742317823, 0.0011443196973491133, 0.009067441417648849, 0.20948907028557343, 0.007951123719550215, 0.011272405834245993, 0.006683406772835758, 0.0074572504450345295
13.3, 0.0014228838391783518, 0.00849208339519754, 0.002383904826587129, 0.0010147191911493954, 0.0013813628121695262, 0.0199678490670068, 0.004471493662880473, 0.012877026927621996, 0.0011239675307804552, 0.00887367414769117, 0.2093664579240338, 0.007817897496206682, 0.01105615919600437, 0.006553507368990382, 0.007330013044755702
13.4, 0.0014037293971021255, 0.008351976705787705, 0.002337737818271024, 0.001005280490755005, 0.0013284018598132723, 0.019614203066639673, 0.00440350970574173, 0.012710519601986856, 0.001104092791455447, 0.00868395179455986, 0.20924573853578682, 0.0076876198025489515, 0.010846424081930888, 0.006426269866808177, 0.007207638166606605
13.5, 0.001385016896563668, 0.008214231633523403, 0.0022930669995262568, 0.0009959766049221638, 0.0012771457770104227, 0.01926832080846943, 0.004337049763289079, 0.012547411206370998, 0.0010846811880284109, 0.008498199834606611, 0.20912679829334163, 0.00756021860696191, 0.010642944347484836, 0.006301638681569638, 0.007089967371707597
13.6, 0.0013667316081717629, 0.008078807908036122, 0.0022498300023343445, 0.0009868049572800172, 0.0012275415151251291, 0.01893001453763118, 0.004272068572334212, 0.012387607541124643, 0.0010657189539638578, 0.008316344894925965, 0.2090095336030081, 0.007435623358611988, 0.010445476074322916, 0.006179559446866689, 0.006976844629174477
13.7, 0.0013488594163014154, 0.00794566606216752, 0.002207967047538503, 0.0009777630323745954, 0.0011795388660903237, 0.018599100822889195, 0.004208522622836658, 0.012231017631658672, 0.001047192824646252, 0.008138314730499984, 0.20889384995828883, 0.007313764975108764, 0.01025378689053139, 0.006059978979866166, 0.006868116648096194
13.8, 0.0013313867904719372, 0.00781476740493606, 0.002167420869500716, 0.000968848373970009, 0.0011330902482876598, 0.018275400487631283, 0.004146370076805639, 0.012077553600077026, 0.0010290900156464475, 0.007964038202876467, 0.20877966096527198, 0.007194575831049971, 0.01006765533341548, 0.0059428452485271585, 0.006763633152016486
13.9, 0.0013143007581272027, 0.007686073996003305, 0.0021281366400440933, 0.0009600585834038391, 0.0010881505054964884, 0.01795873854033523, 0.004085570690547274, 0.011927130542489868, 0.0010113982020782174, 0.0077934452602695095, 0.20866688750591872, 0.007077989747054813, 0.009886870251957067, 0.005828107340616878, 0.006663247101279439
14.0, 0.001297588878746774, 0.007559548621539991, 0.002090061891880986, 0.0009513913179949292, 0.0010446767176381792, 0.01764894410455931, 0.004026085740197556, 0.011779666411738146, 0.0009941054989830228, 0.00762646691897046, 0.20855545701308012, 0.0069639419789548004, 0.009711230246247577, 0.005715715434382174, 0.006566814868507127
14.1, 0.001281239219220928, 0.007435154771399997, 0.002053146441735778, 0.0009428442895012058, 0.001002628022276845, 0.017345850348515417, 0.003967877950477168, 0.011635081905275511, 0.0009772004426847765, 0.007463035245965991, 0.2084453028369978, 0.006852369206869956, 0.00954054314139752, 0.005605620770744015, 0.006474196372294623
14.2, 0.0012652403304261965, 0.007312856617516936, 0.0020173423133758466, 0.0009344152626264257, 0.0009619654460421747, 0.017049294414289276, 0.003910911426601853, 0.011493300357963462, 0.0009606719730602367, 0.007303083342658325, 0.20833636368750696, 0.006743209523948877, 0.009374625493601406, 0.005497775626890729, 0.006385255173971131
14.3, 0.0012495812249408522, 0.0071926189934450055, 0.001982603660763991, 0.0009261020535736348, 0.0009226517453184128, 0.016759117346775546, 0.0038551515892791344, 0.01135424763954835, 0.0009445094166739893, 0.007146545329592762, 0.20822858313955195, 0.006636402424596728, 0.009213302126198412, 0.005392133291155641, 0.006299858541988851
14.4, 0.0012342513558437837, 0.0070744073749697866, 0.0019488866915432599, 0.000917902528643917, 0.0008846512556979784, 0.016475164022398202, 0.0038005651127198618, 0.011217852056599883, 0.0009287024707300411, 0.006993356332096005, 0.20812190919218093, 0.006531888792056927, 0.00905640569372754, 0.005288648039073481, 0.006217877488189163
14.5, 0.0012192405965427697, 0.006958187861721356, 0.0019161495910587649, 0.0009098146028787166, 0.0008479297498287836, 0.016197283077689997, 0.0037471198655884374, 0.011084044258702042, 0.0009132411877951054, 0.006843452466738425, 0.20801629387316797, 0.006429610885246633, 0.00890377627211265, 0.005187275110517337, 0.006139186779864736
14.6, 0.001204539221580948, 0.006843927159726548, 0.0018843524471127704, 0.000901836238744332, 0.0008124543033952257, 0.015925326837803563, 0.0036947848548143872, 0.010952757148696791, 0.0008981159612516549, 0.006696770828534272, 0.2079116928829238, 0.006329512324777604, 0.008755260973248096, 0.005087970687825278, 0.006063664931198932
14.7, 0.0011901378883730535, 0.006731592564841321, 0.0018534571756391668, 0.0008939654448570611, 0.0007781931690619379, 0.015659151245028747, 0.0036435301721843374, 0.010823925796791038, 0.0008833175114408023, 0.006553249478801418, 0.20780806527252402, 0.0062315380781206966, 0.008610713582377014, 0.004990691874833405, 0.00599119417733014
14.8, 0.0011760276198253085, 0.006621151947008073, 0.0018234274474708723, 0.0008862002747476296, 0.0007451156582806226, 0.015398615787390086, 0.003593326943630571, 0.01069748735834597, 0.0008688368724580115, 0.006412827433604286, 0.2077053731516213, 0.006135634443895642, 0.008469994216769704, 0.004895396676738242, 0.005921660433957154
14.9, 0.0011621997877955188, 0.006512573735287277, 0.0017942286163605042, 0.0008785388256634815, 0.0007131920309127948, 0.015143583427397387, 0.0035441472811303426, 0.01057338099517822, 0.0008546653795667973, 0.0062754446527116545, 0.20760358142270594, 0.006041749035286576, 0.00833296900431204, 0.004802043980717279, 0.005854953245088133
15.0, 0.0011486460973517388, 0.006405826903615645, 0.0017658276484003375, 0.0008709792374075988, 0.0006823933926567773, 0.014893920531020607, 0.003495964237127947, 0.010451547800208362, 0.0008407946571971205, 0.0061410420290021195, 0.2075026575387651, 0.005949830762600349, 0.00819950978071364, 0.004710593537242954, 0.005790965721234713
15.1, 0.0011353585717902154, 0.006300880957246093, 0.0017381930529726905, 0.0008635196912127988, 0.0006526916002874265, 0.01464949679696057, 0.0034487517613889062, 0.010331930725303029, 0.0008272166074981881, 0.00600956137825854, 0.207402571281841, 0.005859829814998442, 0.008069493804134539, 0.0046210059420303505, 0.005729594470068766
15.2, 0.0011223295383750132, 0.0061977059198282895, 0.0017112948153462165, 0.0008561584086500664, 0.0006240591747217577, 0.014410185186282318, 0.003402484660194949, 0.010214474512162067, 0.0008139233994159652, 0.005880945429294893, 0.2073032945603535, 0.0057716976414437455, 0.007942803486115192, 0.004533242618563642, 0.005670739521298241
15.3, 0.0011095516147643508, 0.006096272321090271, 0.001685104331018959, 0.0008488936505698277, 0.0005964692219153915, 0.014175861852477876, 0.003357138557785608, 0.010099125626110319, 0.0008009074582684612, 0.005755137814364762, 0.2072048012233478, 0.005685386930912478, 0.007819326137769056, 0.004447265801152073, 0.005614304247274849
15.4, 0.0010970176960891245, 0.005996551185085758, 0.0016595943418932456, 0.0008417237160752133, 0.0005698953615753135, 0.013946406072021697, 0.0033126898599531414, 0.00998583219266054, 0.0007881614557927646, 0.005632083059804871, 0.2071070668900678, 0.00560085159192763, 0.007698953730272674, 0.004363038518469838, 0.005560195280624151
15.5, 0.0010847209426522618, 0.005898514018971766, 0.0016347388743529544, 0.000834646941526028, 0.0005443116636437459, 0.013721700175478944, 0.003269115719695009, 0.009874543936721035, 0.0007756783006396474, 0.00551172657687189, 0.20701006879346465, 0.005518046731476016, 0.007581582668751168, 0.004280524577538265, 0.005508322429989042
15.6, 0.001072654768217694, 0.005802132802286175, 0.0016105131792997606, 0.000827661699572341, 0.0005196925924701919, 0.013501629479225234, 0.003226394004829075, 0.009765212124326352, 0.0007634511292928325, 0.005394014652734643, 0.20691378563639787, 0.0054369286333737004, 0.007467113578722829, 0.004199688548113919, 0.005458598594795593
15.7, 0.0010608128288606164, 0.005707379976692968, 0.0015868936741905938, 0.0008207663982170854, 0.0004960129585436182, 0.013286082217831811, 0.0031845032674757347, 0.00965778950677627, 0.0007514732973913368, 0.0052788944415877795, 0.20681819745943994, 0.005357454736146132, 0.0073554511043195285, 0.004120495747447808, 0.005410939679789374
15.8, 0.0010491890123510198, 0.005614228436169823, 0.0015638578871066248, 0.0008139594799062016, 0.00047324787760789834, 0.013074949477167348, 0.003143422715312869, 0.009552230267073959, 0.0007397383714345339, 0.005166313955857715, 0.206723285519306, 0.005279583610492037, 0.007246503717557599, 0.004042912225386933, 0.005365264509949173
15.9, 0.0010377774280443351, 0.005522651517608924, 0.0015413844028711085, 0.0008072394206458549, 0.0004513727369317731, 0.012868125128265403, 0.003103132184509083, 0.0094484899685588, 0.000728240120850739, 0.005056222057474281, 0.20662903217702805, 0.005203274936397108, 0.007140183537978533, 0.003966904749789459, 0.00532149474625821
16.0, 0.0010265723972544575, 0.005432622991807891, 0.0015194528112231983, 0.0008006047291453968, 0.0004303631684525253, 0.012665505762001015, 0.0030636121142426148, 0.009346525505635363, 0.0007169725104113253, 0.004948568449185451, 0.2065354207950833, 0.00512848947996547, 0.0070364061620280405, 0.0038924407922306175, 0.005279554802707046
16.1, 0.001015568444085308, 0.005344117054826904, 0.001498043657043843, 0.0007940539459856455, 0.00041019502846130387, 0.012466990624619102, 0.003024843522715093, 0.009246295056503763, 0.0007059296929728737, 0.0048433036658967026, 0.2064424356427571, 0.005055189070032866, 0.006935090501582019, 0.0038194885139770643, 0.005239371764808382
16.2, 0.0010047602866983018, 0.00525710831968959, 0.001477138392620975, 0.0007875856428113719, 0.00039084438345004683, 0.012272481554151057, 0.002986807984570443, 0.009147758037801514, 0.0006951060025317715, 0.0047403790660180516, 0.2063500618090844, 0.004983336574625747, 0.006836158631069661, 0.0037480167522115923, 0.00520087530982604
16.3, 0.0009941428289945182, 0.005171571808408269, 0.0014567193319329028, 0.0007811984215471771, 0.00037228750169597004, 0.012081882917755261, 0.0029494876096323322, 0.009050875061072923, 0.0006844959475754481, 0.004639746822805419, 0.20625828512278108, 0.004912895877324873, 0.0067395356426781594, 0.0036779950064904764, 0.005163997628853912
16.4, 0.0009837111526909525, 0.005087482944312115, 0.0014367696069208272, 0.0007748909136363134, 0.00035450085012144643, 0.011895101550012022, 0.0029128650228750466, 0.008955607890982212, 0.0006740942047162807, 0.004541359915686187, 0.20616709207860687, 0.0048438318535920346, 0.0066451495091589706, 0.003609393425420409, 0.005128673350827395
16.5, 0.0009734605097715619, 0.0050048175446622606, 0.001417273125715702, 0.0007686617793014072, 0.00033746109593582114, 0.011712046692200747, 0.002876923345547489, 0.008861919405195274, 0.0006638956125940078, 0.004445172121560433, 0.20607646976966898, 0.0047761103471134604, 0.006552930953786356, 0.00354218279354131, 0.005094839468505651
16.6, 0.0009633863152948105, 0.004923551813534286, 0.0013982145327781118, 0.0007625097068262912, 0.0003211451125411927, 0.01153262993258389, 0.002841646177370156, 0.008769773555855773, 0.0006538951660343246, 0.0043511380060714715, 0.20598640582519914, 0.004709698146210549, 0.006462813327048466, 0.003476334518405181, 0.005062435266427508
16.7, 0.0009534841405398892, 0.004843662334953662, 0.0013795791709055956, 0.000756433411858605, 0.00030552998916853074, 0.011356765147719177, 0.002807017579731105, 0.008679135332584185, 0.0006440880104510408, 0.0042592129148419445, 0.20589688835338404, 0.004644562960365407, 0.006374732489679045, 0.0034118206178416644, 0.005031402250818495
16.8, 0.0009437497064752301, 0.004765126066268068, 0.0013613530450571859, 0.0007504316367323293, 0.0002905930437020619, 0.011184368444818078, 0.0027730220598086133, 0.00858997072693419, 0.0006344694364802531, 0.004169352964673172, 0.20580790588885076, 0.004580673396904691, 0.006288626701661814, 0.0033486137074025092, 0.005001684081405628
16.9, 0.000934178877533298, 0.004687920331742131, 0.001343522787942147, 0.0007445031498094136, 0.00027631183815044256, 0.01101535810516621, 0.002739644555552006, 0.008502246698243248, 0.0006250348748358877, 0.004081515034706404, 0.20571944734445602, 0.00451799893788193, 0.00620443651686394, 0.0032866869879796977, 0.0049732265050829675
17.0, 0.0009247676556766465, 0.004612022816361511, 0.001326075627316872, 0.0007386467448402806, 0.00026266419623079644, 0.010849654528617874, 0.002706870421456878, 0.008415931140814749, 0.0006157798913759805, 0.0039956567575481555, 0.2056315019670313, 0.004456509917195183, 0.0061221046829770176, 0.0032260142335913755, 0.004945977291361276
17.1, 0.0009155121747409358, 0.004537411559833016, 0.0013089993549316211, 0.0007328612403423101, 0.00024962822254755125, 0.010687180179174516, 0.0026746854150731278, 0.008330992852375301, 0.0006067001823698984, 0.003911736510359091, 0.2055440592967853, 0.004396177497972887, 0.006041576046464049, 0.003166569779332295, 0.004919886169531674
17.2, 0.000906408695041322, 0.004464064950769469, 0.0012922822970678348, 0.000727145478995757, 0.00023718232286957505, 0.010527859531654303, 0.0026430756841893644, 0.008247401503752295, 0.0005977915699572491, 0.0038297134059120034, 0.20545710913007298, 0.004336973650257968, 0.0059627974622304646, 0.0031083285094858394, 0.004894904767469172
17.3, 0.000897453598229047, 0.004391961721047646, 0.0012759132866051969, 0.0007214983270566591, 0.00022530522503756052, 0.010371619019457844, 0.002612027754640098, 0.008165127609718362, 0.0005890499977898021, 0.0037495472836205673, 0.20537064148526232, 0.004278871129016883, 0.005885717707753329, 0.0030512658457956523, 0.004870986552005006
17.4, 0.0008886433823864933, 0.0043210809403286445, 0.0012598816365575899, 0.0007159186737863226, 0.00021397600006637133, 0.010218386983431894, 0.002581528518686363, 0.008084142500952815, 0.000580471526847774, 0.0036711987005444546, 0.20528464657145928, 0.004221843452496969, 0.005810287401421693, 0.002995357735895731, 0.0048480867707981256
17.5, 0.0008799746573481857, 0.004251402010731354, 0.0012441771150165975, 0.0007104054308962933, 0.00020317408304420818, 0.010068093621831779, 0.0025515652239241175, 0.008004418297073572, 0.0005720523314225336, 0.00359462892237602, 0.20519911475985578, 0.0041658648809526425, 0.005736458924853928, 0.0029405806418984154, 0.004826162395641563
17.6, 0.000871444140237468, 0.00418290466164894, 0.0012287899214417156, 0.0007049575320091961, 0.00019287929347049473, 0.009920670941380603, 0.002522125462677639, 0.007925927880692223, 0.0005637886952586712, 0.0035197999144128173, 0.20511403655749372, 0.0041109103957587805, 0.0056641863489746815, 0.002886911529140195, 0.004805172067142772
17.7, 0.0008630486512076585, 0.004115568944700335, 0.0012137106642368478, 0.0006995739321341575, 0.00018307185471649293, 0.009776052709421544, 0.002493197161839857, 0.007848644872449538, 0.0005556770078476054, 0.003446674332523886, 0.20502940258324973, 0.004056955678925533, 0.005593425363645311, 0.002834327855086541, 0.004785076040725688
17.8, 0.0008547851093779978, 0.004049375228808093, 0.0011989303395538015, 0.0006942536071567731, 0.00017373241233584346, 0.009634174407158004, 0.002464768573123456, 0.007772543606991763, 0.000547713760866502, 0.003375215514113469, 0.2049452035458478, 0.004003977093027924, 0.0055241332106555924, 0.002782807558395476, 0.004765836133906112
17.9, 0.0008466505289547626, 0.003984304195395166, 0.0011844403112641951, 0.0006889955533431286, 0.0001648420509956366, 0.009494973183974112, 0.0024368282636910233, 0.007697599109844837, 0.0005398955447556133, 0.0033053874690908516, 0.20486143022374936, 0.0039519516615604666, 0.005456268619894226, 0.002732329048142615, 0.004747415674798677
18.0, 0.0008386420155283886, 0.00392033683369347, 0.0011702322920428348, 0.0006837987868572764, 0.00015638230984104317, 0.009358387812828082, 0.002409365107134808, 0.007623787075151684, 0.0005322190454282752, 0.003237154870850295, 0.20477807344674398, 0.003900857049724921, 0.005389791748529691, 0.00268287119320805, 0.00472977945182073
18.1, 0.0008307567625382495, 0.0038574544361575985, 0.0011562983255071577, 0.0006786623432919986, 0.00014833519614824138, 0.0092243586467072, 0.0023823682747794134, 0.00755108384423591, 0.000524681041107411, 0.00317048304726933, 0.20469512407910984, 0.0038506715456575746, 0.005324664123040557, 0.002634413311827364, 0.004712893664562222
18.2, 0.0008229920478965804, 0.0037956385939772372, 0.0011426307693584588, 0.0006735852772122626, 0.00014068319715919954, 0.009092827576134655, 0.0023558272272842257, 0.007479466384956779, 0.0005172783992833976, 0.003105337971729847, 0.20461257300420096, 0.0038013740421001287, 0.005260848583943279, 0.0025869351613087353, 0.0046967258757976095
18.3, 0.000815345230764021, 0.003734871192682599, 0.0011292222794729843, 0.0006685666617109382, 0.00013340929002907465, 0.008963737987715046, 0.0023297317065238614, 0.007408912271823387, 0.0005100080737875571, 0.003041686254168855, 0.20453041111034126, 0.0037529440185175545, 0.005198309233078501, 0.0025404169279180993, 0.004681244964618971
18.4, 0.0008078137484692714, 0.003675134407837604, 0.0011160657948923525, 0.0006636055879766618, 0.00012649694985036552, 0.008837034723705863, 0.0023040717277278285, 0.007339399666837109, 0.0005028671019765177, 0.0029794951321646035, 0.2044486292779046, 0.0037053615236633274, 0.005137011383318483, 0.0024948392169338203, 0.00466642108067453
18.5, 0.0008003951135660373, 0.003616410700815571, 0.0011031545236647353, 0.0006587011648731771, 0.00011993015574916802, 0.008712664042600812, 0.002278837571862551, 0.0072709073010316806, 0.0004958526020229233, 0.0029187324620631562, 0.20436721836747454, 0.003658607158592747, 0.005076921510574485, 0.0024501830428736685, 0.004652225599499497
18.6, 0.0007930869110202081, 0.0035586828146528765, 0.0010904819294902503, 0.0006538525185300631, 0.000113693395075603, 0.008590573580709719, 0.0022540197782406728, 0.007203414456682529, 0.0004889617703073661, 0.0028593667101507567, 0.20428616920898343, 0.0036126620601221234, 0.0050180072079815076, 0.0024064298198955207, 0.004638631078929567
18.7, 0.0007858867955213629, 0.003501933769976059, 0.0010780417191258633, 0.0006490587919442517, 0.00010777166573463277, 0.00847071231472006, 0.002229609137344559, 0.007136900950159081, 0.00048219187890763534, 0.0028013669438770763, 0.20420547259174593, 0.0035675078847315724, 0.004960237142151709, 0.002363561352374362, 0.004625611216588297
18.8, 0.0007787924889125036, 0.0034461468609987937, 0.001065827830507103, 0.0006443191445922659, 0.00010215047672373234, 0.008353030525223364, 0.0022055966838522576, 0.007071347115392582, 0.00047554027318123793, 0.002744702823133523, 0.20412511925528318, 0.003523126792908083, 0.004903581011388737, 0.0023215598256562144, 0.004613140808444062
18.9, 0.0007718017777320651, 0.003391305651584243, 0.0010538344215456437, 0.0006396327520526642, 9.68158469607245e-5, 0.008237479761189605, 0.002181973689855824, 0.007006733787935265, 0.00046900436943689804, 0.002689344591590703, 0.20404509988087913, 0.003479501433923862, 0.004848009505766295, 0.0022804077969918683, 0.004601195708429432
19.0, 0.0007649125108629308, 0.003337393971370287, 0.0010420558595640053, 0.00063499880563844, 9.175430249885562e-5, 0.008124012805373417, 0.0021587316582626043, 0.006943042289588135, 0.00046258165269160123, 0.0026352630680993266, 0.20396540508377548, 0.0034366149310451895, 0.0047934942689751075, 0.0022400881866512547, 0.00458975278911982
19.1, 0.000758122597283461, 0.003284395911953868, 0.0010304867113303166, 0.0006304165120392782, 8.695287223674505e-5, 0.008012583640633737, 0.002135862316372098, 0.00688025441357202, 0.0004562696745096094, 0.0025824296381576854, 0.20388602540595357, 0.003394450867165294, 0.004740007861850326, 0.002200584269219848, 0.0045787899034672895
19.2, 0.0007514300039153599, 0.0032322958231313843, 0.0010191217336579979, 0.0006258850929728223, 8.239908223847767e-5, 0.007903147417148789, 0.0021133576096213115, 0.006818352410222926, 0.00045006605091980906, 0.0025308162454480802, 0.20380695130942758, 0.0033529932708550427, 0.004687523727497052, 0.0021618796650781794, 0.004568285847584733
19.3, 0.0007448327535640317, 0.003181078309193574, 0.0010079558645369612, 0.0006214037848455153, 7.808094878432399e-5, 0.007795660420509644, 0.0020912096954920616, 0.0067573189731896625, 0.00044396846040844074, 0.0024803953834465395, 0.20372817316999636, 0.003312226602824328, 0.004636016157933387, 0.002123958332065724, 0.004558220324576332
19.4, 0.000738328922946642, 0.003130728225270835, 0.0009969842147648943, 0.0006169718384219246, 7.398697027532164e-5, 0.007690080040672769, 0.0020694109375753882, 0.006697137226113405, 0.00043797464198403136, 0.0024311400871062237, 0.2036496812713962, 0.003272135742786243, 0.004585460262177775, 0.002086804557329441, 0.004548573909408873
19.5, 0.0007319166408040156, 0.003081230673728057, 0.0009862020600485087, 0.000612588518502775, 7.010611811551113e-5, 0.0075863647417540965, 0.002047953899788223, 0.006637790709771369, 0.0004320823933115296, 0.0023830239246180433, 0.2035714657998041, 0.0032327059767163595, 0.004535831935708965, 0.0020504029493575195, 0.004539328014817263
19.6, 0.0007255940860923648, 0.003032571000606316, 0.0009756048335466792, 0.0006082531036113851, 6.642782669467655e-5, 0.00748447403264581, 0.002026831340738023, 0.006579263369665933, 0.00042628956891278336, 0.0023360209892490063, 0.20349351683864955, 0.0031939229844989417, 0.004487107831233612, 0.0020147384301986947, 0.004530464858237865
19.7, 0.0007193594862508005, 0.0029847347921098315, 0.0009651881188287609, 0.0006039648856880961, 6.294198259163702e-5, 0.007384368438437435, 0.0020060362082311967, 0.006521539544041236, 0.00042059407843085425, 0.002290105891260522, 0.20341582436368247, 0.00315577282795129, 0.00443926533069668, 0.0019797962278670905, 0.004521967429760811
19.8, 0.0007132111155413052, 0.002937707871136406, 0.0009549476432229045, 0.0005997231697925738, 5.963891311433116e-5, 0.007286009472623106, 0.001985561633922824, 0.006464603952311454, 0.0004149938849555867, 0.002245253749907119, 0.20333837823826328, 0.0031182419392177785, 0.004392282518475981, 0.0019455618689322638, 0.004513819461091988
19.9, 0.0007071472934577128, 0.0028914762938498156, 0.0009448792715306284, 0.0005955272738137144, 5.650937428791543e-5, 0.007189359610076401, 0.0019654009281033133, 0.00640844168388448, 0.00040948700340769496, 0.002201440185516412, 0.20326116820883638, 0.0030813171095246737, 0.004346138155704844, 0.001912021171293984, 0.0045060053955135225
20.0, 0.0007011663832003026, 0.0028460263462929355, 0.0009349790000854426, 0.0005913765281870194, 5.354453839632719e-5, 0.007094382260774524, 0.001945547574620314, 0.006353038187365826, 0.000404071498979491, 0.0021586413116512844, 0.2031841839005518, 0.0030449854782866083, 0.004300811655668108, 0.001879160237140973, 0.004498510358831397
