flowtime, s1, s2, s3
0.0, 0.015287383925321068, 0.07416099176399654, 0.14571345715299003
0.1, 0.01507959796197257, 0.07365597252619226, 0.14545566235751758
0.2, 0.014881789315065034, 0.07318609481949848, 0.14525702638505134
0.3, 0.014689163133390814, 0.07272811019143946, 0.14507966518053078
0.4, 0.01450019196056946, 0.07227472756333216, 0.14491177206196118
0.5, 0.014314251056732922, 0.07182310857760377, 0.1447487732434956
0.6, 0.014131025026090373, 0.07137193662354112, 0.14458854739698238
0.7, 0.013950324702350322, 0.07092050228076005, 0.14442993997112222
0.8, 0.01377202166331567, 0.07046837572957648, 0.1442722326213678
0.9, 0.013596021507532245, 0.07001527585078031, 0.1441149329470408
1.0, 0.013422251263129958, 0.06956101152635731, 0.14395768191758884
1.1, 0.01325065251662209, 0.06910545164844324, 0.14380020782846692
1.2, 0.013081177175602893, 0.06864850769398563, 0.14364230026795924
1.3, 0.012913784631398712, 0.06819012250068594, 0.14348379367177924
1.4, 0.012748439766834424, 0.06773026252398907, 0.14332455607884495
1.5, 0.012585111522206255, 0.06726891227911184, 0.14316448105805832
1.6, 0.012423771850215235, 0.06680607026842203, 0.14300348174909
1.7, 0.012264394949794059, 0.06634174597004318, 0.1428414863968345
1.8, 0.01210695670282377, 0.06587595760712642, 0.14267843497768867
1.9, 0.011951434259506025, 0.06540873050159117, 0.1425142766391944
2.0, 0.01179780573303658, 0.06494009587075007, 0.14234896775207054
2.1, 0.01164604997478469, 0.06447008996273298, 0.1421824704259988
2.2, 0.01149614640881819, 0.06399875345357958, 0.14201475137809041
2.3, 0.011348074910191651, 0.063526131048437, 0.14184578107002707
2.4, 0.011201815715516924, 0.0630522712436897, 0.14167553305050734
2.5, 0.011057349357340353, 0.06257722621749319, 0.14150398345464799
2.6, 0.010914656616082766, 0.06210105182385857, 0.1413311106236361
2.7, 0.010773718484926021, 0.0616238076711262, 0.14115689481658733
2.8, 0.010634516144248216, 0.06114555726951554, 0.14098131799321942
2.9, 0.010497030943091847, 0.06066636823523135, 0.14080436365087295
3.0, 0.01036124438581698, 0.060186312540237256, 0.14062601670343475
3.1, 0.010227138122564676, 0.059705466797810594, 0.14044626339237984
3.2, 0.010094693942528293, 0.05922391257437978, 0.14026509122261432
3.3, 0.009963893769281765, 0.058741736717999524, 0.14008248891732608
3.4, 0.009834719657619133, 0.058259031693517996, 0.139898446387516
3.5, 0.009707153791494104, 0.0577758959137915, 0.13971295471270131
3.6, 0.009581178482766113, 0.05729243405564048, 0.13952600613025062
3.7, 0.009456776170524933, 0.05680875734841558, 0.13933759403118784
3.8, 0.009333929420834858, 0.05632498382239395, 0.13914771296100065
3.9, 0.00921262092677451, 0.0558412385036853, 0.13895635862408426
4.0, 0.009092833508685748, 0.05535765354205312, 0.13876352789095167
4.1, 0.008974550114562503, 0.05487436825810162, 0.138569218807357
4.2, 0.008857753820532327, 0.054391529096823134, 0.13837343060482135
4.3, 0.008742427831394613, 0.053909289475416754, 0.13817616371201555
4.4, 0.008628555481189492, 0.05342780951485611, 0.13797741976667283
4.5, 0.008516120233773223, 0.05294725564675848, 0.1377772016277182
4.6, 0.008405105683392615, 0.0524678000897805, 0.13757551338736929
4.7, 0.00829549555524205, 0.05198962019295223, 0.1373723603830422
4.8, 0.008187273705994596, 0.05151289764702426, 0.13716774920888644
4.9, 0.008080424124308306, 0.05103781756893376, 0.13696168772685383
5.0, 0.007974930931294668, 0.05056456746869907, 0.13675418507718354
5.1, 0.007870778380953519, 0.05009333611232046, 0.13654525168820972
5.2, 0.007767950860565371, 0.049624312298370804, 0.13633489928547812
5.3, 0.007666432891046522, 0.0491576835696537, 0.13612314090005662
5.4, 0.007566209127261478, 0.04869363488447296, 0.13590999087604616
5.5, 0.007467264358292682, 0.04823234727439378, 0.13569546487721318
5.6, 0.0073695835076686665, 0.04777399651683207, 0.13547957989271628
5.7, 0.007273151633549698, 0.04731875185119721, 0.1352623542419675
5.8, 0.007177953928870973, 0.04686677476659139, 0.13504380757847753
5.9, 0.007083975721444111, 0.046418217887299405, 0.13482396089275867
6.0, 0.006991202474016262, 0.045973223979492675, 0.13460283651424415
6.1, 0.006899619784289574, 0.04553192509886714, 0.13438045811213317
6.2, 0.00680921338489822, 0.04509444189456737, 0.13415685069523517
6.3, 0.006719969143347647, 0.04466088307989607, 0.1339320406106836
6.4, 0.006631873061912508, 0.044231345075196236, 0.13370605554156084
6.5, 0.006544911277497999, 0.0438059118232518, 0.13347892450333596
6.6, 0.0064590700614622, 0.04338465477271815, 0.13325067783911537
6.7, 0.00637433581940221, 0.04296763302074907, 0.13302134721360812
6.8, 0.006290695090904082, 0.04255489360222297, 0.1327909656058161
6.9, 0.006208134549257883, 0.04214647191000307, 0.1325595673002886
7.0, 0.006126641001137614, 0.0417423922284378, 0.13232718787696057
7.1, 0.006046201386249211, 0.04134266836095067, 0.13209386419942717
7.2, 0.005966802776944572, 0.04094730433195111, 0.13185963440158982
7.3, 0.005888432377805036, 0.04055629514346251, 0.13162453787257733
7.4, 0.005811077525194351, 0.04016962756757036, 0.1313886152398216
7.5, 0.005734725686780753, 0.039787280957104994, 0.1311519083501621
7.6, 0.005659364461032731, 0.03940922805859253, 0.1309144602488857
7.7, 0.005584981576683944, 0.039035435813453, 0.13067631515652628
7.8, 0.005511564892174341, 0.03866586613549074, 0.13043751844331358
7.9, 0.0054391023950635135, 0.038300476654848696, 0.13019811660113206
8.0, 0.005367582201419774, 0.03793922142070144, 0.12995815721278867
8.1, 0.0052969925551857545, 0.037582051556930375, 0.12971768891849383
8.2, 0.005227321827519968, 0.03722891586686636, 0.1294767613793867
8.3, 0.005158558516117361, 0.03687976138481825, 0.12923542523790799
8.4, 0.005090691244508031, 0.03653453387353308, 0.1289937320749414
8.5, 0.005023708761335992, 0.03619317826793235, 0.12875173436352802
8.6, 0.004957599939618549, 0.035855639066462365, 0.12850948541903626
8.7, 0.00489235377598745, 0.0355218606721882, 0.12826703934564512
8.8, 0.004827959389912083, 0.03519178768632521, 0.12802445097909082
8.9, 0.0047644060229060925, 0.03486536515736521, 0.12778177582549718
9.0, 0.004701683037718605, 0.034542538789188795, 0.12753906999629114
9.1, 0.004639779917510062, 0.03422325511172805, 0.12729639013912775
9.2, 0.004578686265013904, 0.03390746161778258, 0.1270537933648169
9.3, 0.0045183918016849555, 0.03359510686953828, 0.12681133717025153
9.4, 0.004458886366835416, 0.03328614057825345, 0.12656907935738065
9.5, 0.004400159916758495, 0.032980513660385534, 0.12632707794834902
9.6, 0.0043422025238423695, 0.032678178273277854, 0.12608539109685502
9.7, 0.004285004375671789, 0.032379087833274964, 0.12584407699595815
9.8, 0.004228555774122244, 0.03208319701893262, 0.1256031937824747
9.9, 0.004172847134443996, 0.031790461761723336, 0.1253627994382504
10.0, 0.004117868984337852, 0.03150083922643821, 0.12512295168859847
10.1, 0.0040636119630249115, 0.03121428778322732, 0.12488370789816329
10.2, 0.004010066820307582, 0.030930766973015285, 0.12464512496468498
10.3, 0.00395722441562592, 0.03065023746781867, 0.12440725921102273
10.4, 0.0039050757171071922, 0.030372661027306954, 0.12417016627584511
10.5, 0.0038536118006116346, 0.03009800045274847, 0.12393390100356806
10.6, 0.0038028238487732196, 0.02982621953934341, 0.12369851733398682
10.7, 0.003752703150036256, 0.029557283027782936, 0.12346406819216912
10.8, 0.0037032410976897316, 0.02929115655573971, 0.12323060537916833
10.9, 0.003654429188897604, 0.029027806609885524, 0.12299817946416798
11.0, 0.0036062590237282955, 0.02876720047890698, 0.12276683967862022
11.1, 0.003558722304181419, 0.028509306207922334, 0.12253663381300291
11.2, 0.0035118108332132256, 0.028254092554592287, 0.122307608116789
11.3, 0.0034655165137623795, 0.028001528947161482, 0.12207980720223634
11.4, 0.0034198313477740248, 0.027751585444608907, 0.12185327395253785
11.5, 0.003374747435224763, 0.027504232699010884, 0.12162804943496222
11.6, 0.003330256973147961, 0.02725944192020345, 0.12140417281944377
11.7, 0.0032863522546596855, 0.027017184842762092, 0.12118168130317955
11.8, 0.0032430256679863855, 0.026777433695316186, 0.1209606100416552
11.9, 0.003200269695493742, 0.026540161172152854, 0.12074099208654661
12.0, 0.0031580769127179885, 0.0263053404070695, 0.12052285833085086
12.1, 0.0031164399873988826, 0.0260729449494124, 0.1203062374615497
12.2, 0.0030753516785163378, 0.02584294874221107, 0.12009115592010576
12.3, 0.003034804835328879, 0.025615326102317957, 0.11987763787093803
12.4, 0.002994792396416466, 0.025390051702452888, 0.11966570517807114
12.5, 0.0029553073887256406, 0.025167100555047624, 0.1194553773899911
12.6, 0.0029163429266197767, 0.02494644799777416, 0.11924667173275227
12.7, 0.0028778922109323653, 0.02472806968064454, 0.11903960311128588
12.8, 0.002839948528025253, 0.024511941554576144, 0.11883418411880126
12.9, 0.002802505248850941, 0.024298039861295584, 0.11863042505411692
13.0, 0.0027655558280201683, 0.024086341124483122, 0.11842833394672425
13.1, 0.002729093802873895, 0.023876822142038377, 0.11822791658928998
13.2, 0.0026931127925608057, 0.02366945997937136, 0.11802917657730613
13.3, 0.0026576064971201192, 0.02346423196360648, 0.11783211535552297
13.4, 0.0026225686965700573, 0.023261115678613057, 0.11763673227076266
13.5, 0.002587993250001494, 0.02306008896075936, 0.11744302463071125
13.6, 0.00255387409467808, 0.02286112989531144, 0.11725098776820195
13.7, 0.00252020524514198, 0.022664216813387796, 0.11706061511052965
13.8, 0.002486980792325921, 0.022469328289396885, 0.11687189825331676
13.9, 0.0024541949026713815, 0.022276443138878603, 0.11668482703840101
14.0, 0.00242184181725324, 0.022085540416692938, 0.11649938963523129
14.1, 0.002389915850910828, 0.02189659941548367, 0.11631557262527505
14.2, 0.002358411391386114, 0.021709599664369753, 0.11613336108894493
14.3, 0.002327322898467258, 0.021524520927803957, 0.11595273869446233
14.4, 0.002296644903140909, 0.021341343204558147, 0.11577368778826323
14.5, 0.002266372006749236, 0.021160046726794435, 0.11559618948639665
14.6, 0.0022364988801559602, 0.020980611959174913, 0.11542022376650728
14.7, 0.0022070202629175515, 0.020803019597989577, 0.11524576955989485
14.8, 0.0021779309624629546, 0.020627250570265813, 0.1150728048433292
14.9, 0.0021492258532794625, 0.02045328603283123, 0.11490130673013738
15.0, 0.0021208998761063722, 0.020281107371319728, 0.11473125156025475
15.1, 0.0020929480371355545, 0.02011069619908901, 0.11456261498888778
15.2, 0.002065365407219358, 0.019942034356044126, 0.11439537207347496
15.3, 0.0020381471210859526, 0.01977510390734904, 0.11422949735868088
15.4, 0.0020112883765616204, 0.01960988714202463, 0.11406496495914274
15.5, 0.0019847844338008046, 0.019446366571413, 0.11390174863979899
15.6, 0.0019586306145234936, 0.01928452492751942, 0.11373982189354831
15.7, 0.0019328223012595274, 0.01912434516121526, 0.11357915801612006
15.8, 0.0019073549366008852, 0.018965810440310565, 0.11341973017799713
15.9, 0.001882224022461001, 0.018808904147494598, 0.11326151149327367
16.0, 0.001857425119341554, 0.0186536098781432, 0.11310447508537685
16.1, 0.001832953845606821, 0.01849991143800078, 0.11294859414957656
16.2, 0.0018088058767650895, 0.018347792840742644, 0.11279384201223143
16.3, 0.0017849769447577455, 0.018197238305417543, 0.11264019218676469
16.4, 0.0017614628372557214, 0.018048232253785115, 0.11248761842636179
16.5, 0.001738259396963112, 0.017900759307546647, 0.11233609477339235
16.6, 0.001715362520928204, 0.01775480428548473, 0.11218559560559171
16.7, 0.0016927681598619554, 0.01761035220051475, 0.11203609567905407
16.8, 0.0016704723174635842, 0.017467388256660915, 0.11188757016806142
16.9, 0.0016484710497536423, 0.017325897845959292, 0.11173999470185697
17.0, 0.00162676046441403, 0.01718586654530263, 0.11159334539840063
17.1, 0.001605336720135608, 0.017047280113235693, 0.1114475988952193
17.2, 0.0015841960259725411, 0.016910124486705213, 0.11130273237741506
17.3, 0.0015633346407042295, 0.016774385777774504, 0.11115872360294755
17.4, 0.0015427488722041139, 0.01664005027031456, 0.11101555092529258
17.5, 0.0015224350768154758, 0.01650710441667959, 0.11087319331356786
17.6, 0.0015023896587345344, 0.016375534834367284, 0.11073163037023286
17.7, 0.0014826090694002633, 0.01624532830268331, 0.11059084234649902
17.8, 0.0014630898068913837, 0.016116471759408845, 0.11045081015551028
17.9, 0.001443828415330088, 0.015988952297479122, 0.11031151538345858
18.0, 0.0014248214842927534, 0.015862757161686353, 0.11017294029868899
18.1, 0.0014060656482272804, 0.015737873745401677, 0.1100350678589605
18.2, 0.0013875575858775038, 0.015614289587333154, 0.10989788171689145
18.3, 0.0013692940197140597, 0.015491992368320332, 0.1097613662237835
18.4, 0.001351271715371972, 0.015370969908169057, 0.10962550643185372
18.5, 0.0013334874810949254, 0.01525121016253365, 0.10949028809498298
18.6, 0.0013159381671860296, 0.015132701219849994, 0.10935569766812497
18.7, 0.0012986206654651822, 0.015015431298323799, 0.10922172230538948
18.8, 0.0012815319087328412, 0.014899388742975608, 0.10908834985696168
18.9, 0.0012646688702401202, 0.014784562022748861, 0.10895556886487615
19.0, 0.0012480285631654678, 0.014670939727680934, 0.1088233685577733
19.1, 0.001231608040097292, 0.014558510566140314, 0.1086917388446908
19.2, 0.0012154043925232023, 0.01444726336213268, 0.10856067030795714
19.3, 0.0011994147503252605, 0.014337187052676555, 0.10843015419526368
19.4, 0.0011836362812812345, 0.014228270685249667, 0.10830018241098412
19.5, 0.001168066190572195, 0.014120503415310154, 0.10817074750678796
19.6, 0.001152701720295898, 0.014013874503888423, 0.10804184267160578
19.7, 0.001137540148986333, 0.01390837331525318, 0.1079134617209995
19.8, 0.0011225787911390047, 0.013803989314652968, 0.10778559908600803
19.9, 0.001107814996742107, 0.013700712066131257, 0.10765824980145963
20.0, 0.001093246150813571, 0.013598531230412924, 0.10753140949385719
20.1, 0.0010788696729436607, 0.013497436562867978, 0.10740507436881894
20.2, 0.001064683016843576, 0.013397417911546755, 0.10727924119815815
20.3, 0.0010506836698992478, 0.013298465215285325, 0.10715390730659581
20.4, 0.001036869152730982, 0.01320056850188633, 0.10702907055815716
20.5, 0.0010232370187586123, 0.013103717886365418, 0.10690472934228021
20.6, 0.0010097848537718938, 0.01300790356927125, 0.10678088255965418
20.7, 0.0009965102755064557, 0.012913115835069431, 0.10665752960781563
20.8, 0.0009834109332250973, 0.012819345050596242, 0.10653467036652049
20.9, 0.0009704845073042022, 0.0127265816635738, 0.1064123051829221
21.0, 0.0009577287088255413, 0.012634816201193156, 0.10629043485656836
21.1, 0.0009451412791731378, 0.012544039268754676, 0.10616906062421563
21.2, 0.0009327199896352145, 0.01245424154837168, 0.10604818414452492
21.3, 0.0009204626410113659, 0.012365413797731007, 0.10592780748259528
21.4, 0.0009083670632244346, 0.012277546848910546, 0.10580793309439297
21.5, 0.0008964311149376045, 0.012190631607251725, 0.10568856381107448
21.6, 0.0008846526831762184, 0.012104659050285715, 0.10556970282320921
21.7, 0.000873029682954466, 0.012019620226708562, 0.10545135366492414
21.8, 0.0008615600569067988, 0.011935506255409041, 0.1053335201979896
21.9, 0.0008502417749241627, 0.011852308324540775, 0.10521620659582055
22.0, 0.0008390728337948197, 0.011770017690642775, 0.10509941732746682
22.1, 0.0008280512568497176, 0.01168862567780113, 0.10498315714153372
22.2, 0.0008171750936126403, 0.011608123676855282, 0.10486743105011143
22.3, 0.0008064424194545443, 0.011528503144642748, 0.10475224431266089
22.4, 0.0007958513352526563, 0.011449755603283138, 0.10463760241992597
22.5, 0.0007853999670537516, 0.0113718726394984, 0.10452351107783536
22.6, 0.000775086465741841, 0.011294845903968355, 0.10440997619144608
22.7, 0.0007649090067102477, 0.011218667110719602, 0.10429700384890347
22.8, 0.0007548657895377641, 0.011143328036545618, 0.10418460030546364
22.9, 0.0007449550376691199, 0.011068820520456695, 0.10407277196756932
23.0, 0.0007351749980995609, 0.010995136463159434, 0.10396152537700343
23.1, 0.0007255239410635074, 0.01092226782656233, 0.10385086719512174
23.2, 0.0007160001597273016, 0.010850206633305508, 0.10374080418719958
23.3, 0.0007066019698858488, 0.01077894496631732, 0.10363134320688533
23.4, 0.0006973277096633158, 0.010708474968390393, 0.10352249118078373
23.5, 0.0006881757392177176, 0.010638788841780997, 0.10341425509319294
23.6, 0.0006791444404492479, 0.010569878847826791, 0.1033066419709979
23.7, 0.0006702322167125245, 0.010501737306584878, 0.1031996588687285
23.8, 0.0006614374925325601, 0.010434356596483486, 0.10309331285383144
23.9, 0.0006527587133244171, 0.010367729153995303, 0.10298761099213255
24.0, 0.000644194345116539, 0.010301847473320608, 0.10288256033353395
24.1, 0.0006357428742777741, 0.010236704106086856, 0.10277816789794138
24.2, 0.0006274028072478055, 0.010172291661061102, 0.10267444066146067
24.3, 0.0006191726702712747, 0.010108602803872997, 0.10257138554284534
24.4, 0.0006110510091353396, 0.010045630256750123, 0.10246900939026464
24.5, 0.0006030363889106037, 0.009983366798261954, 0.10236731896834357
24.6, 0.0005951273936955659, 0.009921805263072934, 0.10226632094554651
24.7, 0.0005873226263643234, 0.009860938541705748, 0.10216602188188009
24.8, 0.0005796207083176453, 0.009800759580308608, 0.10206642821696095
24.9, 0.0005720202792373048, 0.009741261380432109, 0.10196754625843273
25.0, 0.0005645199968436201, 0.009682436998810034, 0.1018693821707773
25.1, 0.0005571185366562224, 0.00962427954714778, 0.10177194196451052
25.2, 0.0005498145917579338, 0.00956678219191223, 0.10167523148578807
25.3, 0.0005426068725618227, 0.009509938154127708, 0.1015792564064236
25.4, 0.0005354941065812006, 0.009453740709174999, 0.1014840222143417
25.5, 0.0005284750382028045, 0.009398183186593566, 0.10138953420447669
25.6, 0.0005215484284628487, 0.009343258969883859, 0.1012957974701026
25.7, 0.0005147130548261028, 0.009288961496315865, 0.1012028168946503
25.8, 0.000507967710967853, 0.009235284256733672, 0.10111059714396552
25.9, 0.0005013112065587426, 0.009182220795366484, 0.10101914265906549
26.0, 0.0004947423670524347, 0.009129764709635555, 0.10092845764936628
26.1, 0.0004882600334761943, 0.009077909649964008, 0.10083854608638095
26.2, 0.0004818630622240614, 0.00902664931958695, 0.10074941169794827
26.3, 0.00047555032485281466, 0.00897597747435821, 0.1006610579629167
26.4, 0.00046932070788079355, 0.008925887922560589, 0.10057348810634073
26.5, 0.0004631731125891395, 0.008876374524711343, 0.10048670509517629
26.6, 0.0004571064548258247, 0.008827431193368679, 0.10040071163446607
26.7, 0.00045111966481222777, 0.00877905189293649, 0.10031551016402164
26.8, 0.0004452116869522048, 0.008731230639466502, 0.10023110285560194
26.9, 0.0004393814796438752, 0.008683961500459901, 0.10014749161057546
27.0, 0.0004336280150936991, 0.008637238594666072, 0.10006467805807256
27.1, 0.0004279502791330675, 0.008591056091879764, 0.09998266355360931
27.2, 0.0004223472710374524, 0.008545408212735783, 0.09990144917818782
27.3, 0.00041681800334774423, 0.008500289228501004, 0.0998210357378673
27.4, 0.0004113615016941765, 0.008455693460864382, 0.09974142376376786
27.5, 0.0004059768046223775, 0.008411615281724547, 0.09966261351256045
27.6, 0.00040066296342188305, 0.00836804911297456, 0.09958460496734156
27.7, 0.00039541904195687194, 0.008324989426283074, 0.09950739783897487
27.8, 0.00039024411649909394, 0.008282430742874438, 0.09943099156782377
27.9, 0.0003851372755631387, 0.008240367633305047, 0.09935538532588548
28.0, 0.000380097619743732, 0.008198794717236675, 0.09928057801930751
28.1, 0.0003751242615553536, 0.00815770666320753, 0.09920656829129018
28.2, 0.0003702163252738531, 0.00811709818840073, 0.099133354525324
28.3, 0.0003653729467802295, 0.008076964058408825, 0.0990609348487814
28.4, 0.00036059327340650776, 0.00803729908699657, 0.09898930713682828
28.5, 0.00035587646378361517, 0.00799809813586074, 0.09891846901664822
28.6, 0.00035122168769125814, 0.007959356114386534, 0.09884841787195274
28.7, 0.0003466281259098967, 0.00792106797940195, 0.09877915084777118
28.8, 0.0003420949700745637, 0.007883228734929021, 0.09871066485550173
28.9, 0.0003376214225307182, 0.007845833431932531, 0.09864295657818488
29.0, 0.0003332066961919479, 0.007808877168066133, 0.0985760224760344
29.1, 0.0003288500143996115, 0.007772355087416236, 0.0985098587921349
29.2, 0.0003245506107843264, 0.00773626238024233, 0.0984444615583598
29.3, 0.00032030772912928953, 0.007700594282715999, 0.09837982660144476
29.4, 0.0003161206232354365, 0.007665346076656881, 0.09831594954921546
29.5, 0.000311988556788359, 0.007630513089266538, 0.09825282583696264
29.6, 0.00030791080322703577, 0.007596090692860013, 0.09819045071392547
29.7, 0.0003038866456142756, 0.007562074304595688, 0.09812881924988368
29.8, 0.0002999153765088987, 0.007528459386201174, 0.09806792634184679
29.9, 0.00029599629783960544, 0.007495241443700421, 0.09800776672079453
30.0, 0.00029212872078055753, 0.007462416027135479, 0.09794833495849466
30.1, 0.00028831196562851657, 0.007429978730288763, 0.0978896254743508
30.2, 0.0002845453616817855, 0.007397925190402393, 0.09783163254227767
30.3, 0.0002808282471205918, 0.00736625108789604, 0.09777435029758902
30.4, 0.00027715996888912547, 0.00733495214608279, 0.09771777274390282
30.5, 0.00027353988257921956, 0.007304024130884944, 0.09766189375999045
30.6, 0.0002699673523154403, 0.007273462850546009, 0.0976067071066418
30.7, 0.0002664417506417933, 0.00724326415534352, 0.09755220643348102
30.8, 0.0002629624584099635, 0.007213423937298915, 0.09749838528570864
30.9, 0.0002595288646689417, 0.00718393812988751, 0.09744523711082202
31.0, 0.0002561403665561876, 0.00715480270774623, 0.09739275526522502
31.1, 0.00025279636919027266, 0.007126013686380451, 0.09734093302080118
31.2, 0.00024949628556483923, 0.0070975671218712596, 0.09728976357135108
31.3, 0.000246239536444101, 0.007069459110580227, 0.0972392400389638
31.4, 0.00024302555025964033, 0.007041685788853449, 0.09718935548028068
31.5, 0.0002398537630086106, 0.0070142433327259664, 0.09714010289263317
31.6, 0.00023672361815330818, 0.00698712795762464, 0.09709147522006574
31.7, 0.00023363456652204757, 0.00696033591807134, 0.09704346535924213
31.8, 0.0002305860662113916, 0.006933863507384257, 0.0969960661652151
31.9, 0.00022757758248965253, 0.006907707057379732, 0.0969492704570593
32.0, 0.00022460858770168262, 0.00688186293807431, 0.09690307102336393
32.1, 0.00022167856117496061, 0.00685632755738562, 0.09685746062758765
32.2, 0.0002187869891268987, 0.00683109736083264, 0.0968124320132612
32.3, 0.000215933364573363, 0.006806168831237583, 0.09676797790904593
32.4, 0.00021311718723846757, 0.006781538488426152, 0.09672409103362693
32.5, 0.00021033796346553514, 0.006757202888928633, 0.09668076410047942
32.6, 0.00020759520612923703, 0.006733158625680677, 0.09663798982243674
32.7, 0.00020488843454891543, 0.006709402327724714, 0.0965957609161651
32.8, 0.00020221717440304976, 0.00668593065991084, 0.0965540701064034
32.9, 0.00019958095764488758, 0.006662740322599589, 0.09651291013011823
33.0, 0.0001969793224191409, 0.006639828051362506, 0.09647227374046088
33.1, 0.00019441181297987121, 0.006617190616685751, 0.09643215371057628
33.2, 0.00019187797960937947, 0.0065948248236728305, 0.0963925428372575
33.3, 0.0001893773785382496, 0.006572727511747705, 0.09635343394445811
33.4, 0.00018690957186641262, 0.006550895554359225, 0.0963148198866279
33.5, 0.0001844741274852712, 0.006529325858686219, 0.09627669355191765
33.6, 0.00018207061900087172, 0.006508015365342358, 0.0962390478652225
33.7, 0.00017969862565807832, 0.006486961048082769, 0.09620187579108802
33.8, 0.0001773577322657786, 0.006466159913511005, 0.09616517033645698
33.9, 0.00017504752912305218, 0.0064456090007866855, 0.09612892455329591
34.0, 0.00017276761194637418, 0.006425305381335323, 0.09609313154105034
34.1, 0.00017051758179771688, 0.006405246158556858, 0.09605778444900184
34.2, 0.0001682970450136736, 0.006385428467537213, 0.09602287647844575
34.3, 0.00016610561313548983, 0.006365849474759735, 0.09598840088478923
34.4, 0.00016394290284002142, 0.006346506377818618, 0.09595435097946915
34.5, 0.000161808535871638, 0.00632739640513256, 0.09592072013179148
34.6, 0.00015970213897500412, 0.00630851681566002, 0.09588750177060926
34.7, 0.00015762334382877865, 0.006289864898615768, 0.09585468938591958
34.8, 0.00015557178698017029, 0.006271437973188403, 0.09582227653031461
34.9, 0.00015354710978039127, 0.006253233388259549, 0.09579025682034101
35.0, 0.00015154895832094402, 0.006235248522123813, 0.09575862393774283
35.1, 0.00014957698337076918, 0.006217480782210682, 0.09572737163060434
35.2, 0.00014763084031423721, 0.006199927604807165, 0.0956964937143905
35.3, 0.00014571018908994567, 0.006182586454782273, 0.09566598407289092
35.4, 0.00014381469413032443, 0.0061654548253128995, 0.09563583665906271
35.5, 0.00014194402430209397, 0.006148530237611333, 0.09560604549579924
35.6, 0.00014009785284745037, 0.006131810240653216, 0.09557660467659072
35.7, 0.00013827585732607855, 0.006115292410908775, 0.09554750836612481
35.8, 0.0001364777195578994, 0.006098974352073604, 0.0955187508007827
35.9, 0.00013470312556662444, 0.0060828536948030745, 0.09549032628907485
36.0, 0.00013295176552402223, 0.006066928096446221, 0.09546222921199912
36.1, 0.00013122333369493597, 0.006051195240782932, 0.09543445402332487
36.2, 0.00012951752838304047, 0.006035652837762042, 0.09540699524980534
36.3, 0.00012783405187731292, 0.006020298623240487, 0.0953798474913458
36.4, 0.00012617261039922294, 0.0060051303587258026, 0.09535300542108209
36.5, 0.00012453291405059374, 0.005990145831118108, 0.09532646378541994
36.6, 0.0001229146767622229, 0.005975342852455459, 0.09530021740400726
36.7, 0.00012131761624310942, 0.005960719259660302, 0.09527426116967348
36.8, 0.00011974145393040222, 0.005946272914287392, 0.09524859004828166
36.9, 0.00011818591494000221, 0.005932001702274179, 0.09522319907857253
37.0, 0.00011665072801782329, 0.005917903533691862, 0.09519808337193383
37.1, 0.00011513562549169362, 0.005903976342499115, 0.09517323811215034
37.2, 0.00011364034322391159, 0.005890218086297439, 0.09514865855508717
37.3, 0.00011216462056439816, 0.005876626746087323, 0.09512434002836173
37.4, 0.00011070820030452698, 0.005863200326027805, 0.09510027793096222
37.5, 0.00010927082863150985, 0.005849936853196546, 0.09507646773283102
37.6, 0.00010785225508342916, 0.005836834377351924, 0.0950529049744403
37.7, 0.00010645223250484904, 0.005823890970697354, 0.09502958526629475
37.8, 0.00010507051700301662, 0.0058111047276469445, 0.09500650428846143
37.9, 0.00010370686790465785, 0.005798473764593536, 0.09498365779002127
38.0, 0.00010236104771333509, 0.005785996219677448, 0.0949610415885291
38.1, 0.00010103282206736572, 0.005773670252558544, 0.09493865156944196
38.2, 9.972195969832498e-5, 0.005761494044188747, 0.09491648368552774
38.3, 9.842823239006974e-5, 0.005749465796587416, 0.0948945339562454
38.4, 9.715141493833246e-5, 0.005737583732617636, 0.094872798467132
38.5, 9.589128511082137e-5, 0.005725846095765016, 0.09485127336913139
38.6, 9.464762360789154e-5, 0.005714251149917867, 0.0948299548779628
38.7, 9.342021402370293e-5, 0.005702797179149754, 0.09480883927342384
38.8, 9.220884280790777e-5, 0.005691482487503259, 0.09478792289871717
38.9, 9.101329922784812e-5, 0.005680305398775687, 0.09476720215974684
39.0, 8.983337533125789e-5, 0.005669264256306967, 0.09474667352441297
39.1, 8.866886590944435e-5, 0.005658357422768815, 0.09472633352189658
39.2, 8.751956846098191e-5, 0.005647583279956413, 0.09470617874193558
39.3, 8.638528315587011e-5, 0.005636940228581112, 0.09468620583408927
39.4, 8.526581280017176e-5, 0.0056264266880654504, 0.09466641150701176
39.5, 8.416096280112667e-5, 0.005616041096339996, 0.09464679252770493
39.6, 8.307054113272189e-5, 0.005605781909641473, 0.09462734572076331
39.7, 8.199435830172148e-5, 0.005595647602313411, 0.09460806796764205
39.8, 8.093222731414143e-5, 0.005585636666608352, 0.09458895620590166
39.9, 7.98839636421886e-5, 0.005575747612490685, 0.09457000742844314
40.0, 7.884938519161041e-5, 0.0055659789674435915, 0.09455121868276871
40.1, 7.782831226950065e-5, 0.005556329276275778, 0.09453258707021746
40.2, 7.682056755252279e-5, 0.005546797100930541, 0.09451410974521694
40.3, 7.582597605555676e-5, 0.005537381020296957, 0.09449578391452283
40.4, 7.484436510076026e-5, 0.005528079630022611, 0.09447760683647267
40.5, 7.387556428704276e-5, 0.005518891542327558, 0.09445957582023694
40.6, 7.29194054599468e-5, 0.005509815385821094, 0.09444168822505603
40.7, 7.197572268192404e-5, 0.005500849805319361, 0.09442394145951946
40.8, 7.104435220300346e-5, 0.0054919934616649456, 0.09440633298079831
40.9, 7.01251324318651e-5, 0.005483245031547933, 0.09438886029392383
41.0, 6.92179039072702e-5, 0.005474603207329719, 0.09437152095104327
41.1, 6.832250926989894e-5, 0.00546606669686677, 0.09435431255069446
41.2, 6.74387932345425e-5, 0.005457634223337847, 0.09433723273707026
41.3, 6.656660256267169e-5, 0.0054493045250717225, 0.09432027919931887
41.4, 6.57057860353675e-5, 0.005441076355376868, 0.09430344967079803
41.5, 6.485619442661102e-5, 0.005432948482373055, 0.09428674192838915
41.6, 6.401768047693091e-5, 0.005424919688824616, 0.0942701537917822
41.7, 6.31900988673929e-5, 0.005416988771974822, 0.0942536831227732
41.8, 6.237330619394433e-5, 0.0054091545433822595, 0.09423732782458613
41.9, 6.156716094208834e-5, 0.005401415828758992, 0.0942210858411658
42.0, 6.07715234619028e-5, 0.005393771467810185, 0.09420495515651311
42.1, 5.998625594338537e-5, 0.005386220314075134, 0.09418893379401228
42.2, 5.921122239212678e-5, 0.00537876123477006, 0.09417301981574995
42.3, 5.844628860531006e-5, 0.005371393110632792, 0.09415721132187198
42.4, 5.7691322148019266e-5, 0.005364114835768125, 0.09414150644992085
42.5, 5.694619232987346e-5, 0.005356925317495982, 0.09412590337419681
42.6, 5.621077018196293e-5, 0.005349823476199763, 0.09411040030511048
42.7, 5.5484928434093765e-5, 0.005342808245177635, 0.09409499548856529
42.8, 5.476854149233515e-5, 0.005335878570494308, 0.09407968720531812
42.9, 5.406148541685719e-5, 0.005329033410834539, 0.0940644737703801
43.0, 5.336363790007859e-5, 0.005322271737358667, 0.09404935353239323
43.1, 5.2674878245085154e-5, 0.005315592533558853, 0.09403432487304307
43.2, 5.199508734434477e-5, 0.005308994795117511, 0.0940193862064516
43.3, 5.132414765870674e-5, 0.0053024775297667364, 0.09400453597860477
43.4, 5.066194319667214e-5, 0.005296039757149398, 0.09398977266676607
43.5, 5.000835949394245e-5, 0.005289680508681815, 0.09397509477890746
43.6, 4.9363283593239686e-5, 0.005283398827417631, 0.0939605008531526
43.7, 4.872660402439534e-5, 0.005277193767912785, 0.09394598945721049
43.8, 4.809821078469766e-5, 0.005271064396093178, 0.093931559187845
43.9, 4.74779953195075e-5, 0.005265009789122159, 0.09391720867031936
44.0, 4.6865850503122295e-5, 0.005259029035270374, 0.09390293655786978
44.1, 4.626167061990183e-5, 0.005253121233786888, 0.09388874153118808
44.2, 4.566535134563609e-5, 0.0052472854947713575, 0.09387462229789223
44.3, 4.507678972916935e-5, 0.005241520939047937, 0.09386057759203287
44.4, 4.4495884174258386e-5, 0.005235826698039963, 0.09384660617357261
44.5, 4.3922534421676994e-5, 0.005230201913647005, 0.09383270682791528
44.6, 4.3356641531555184e-5, 0.005224645738122113, 0.0938188783653992
44.7, 4.279810786595367e-5, 0.005219157333951134, 0.0938051196208283
44.8, 4.224683707166868e-5, 0.00521373587373282, 0.09379142945299768
44.9, 4.170273406326426e-5, 0.0052083805400608245, 0.09377780674423558
45.0, 4.1165705006328297e-5, 0.005203090525406505, 0.0937642503999358
45.1, 4.063565730095415e-5, 0.005197865032002882, 0.09375075934810963
45.2, 4.011249956543657e-5, 0.005192703271730485, 0.09373733253895977
45.3, 3.959614162018752e-5, 0.005187604466004135, 0.09372396894442246
45.4, 3.9086494471858165e-5, 0.00518256784566041, 0.09371066755775283
45.5, 3.85834702976848e-5, 0.005177592650847205, 0.09369742739309767
45.6, 3.808698243002273e-5, 0.005172678130914418, 0.09368424748508801
45.7, 3.75969453411059e-5, 0.0051678235443046155, 0.09367112688842227
45.8, 3.7113274627989805e-5, 0.005163028158446924, 0.09365806467747655
45.9, 3.663588699770768e-5, 0.005158291249650458, 0.09364505994589493
46.0, 3.616470025261508e-5, 0.005153612102999451, 0.09363211180622001
46.1, 3.569963327593114e-5, 0.005148990012249527, 0.09361921938950311
46.2, 3.5240606017471246e-5, 0.0051444242797258006, 0.09360638184493407
46.3, 3.478753947956892e-5, 0.00513991421622044, 0.09359359833945863
46.4, 3.434035570318476e-5, 0.005135459140893509, 0.0935808680574458
46.5, 3.389897775419626e-5, 0.005131058381172871, 0.09356819020030673
46.6, 3.346332970987216e-5, 0.005126711272656856, 0.0935555639861584
46.7, 3.303333664552697e-5, 0.005122417159016914, 0.09354298864947708
46.8, 3.2608924621345224e-5, 0.005118175391901913, 0.09353046344076649
46.9, 3.219002066938927e-5, 0.005113985330843334, 0.09351798762622168
47.0, 3.1776552780773055e-5, 0.005109846343161507, 0.09350556048740645
47.1, 3.136844989300732e-5, 0.005105757803872964, 0.09349318132093995
47.2, 3.096564187751363e-5, 0.005101719095599114, 0.09348084943817303
47.3, 3.056805952730064e-5, 0.0050977296084752785, 0.0934685641648907
47.4, 3.017563454480546e-5, 0.005093788740060937, 0.09345632484100784
47.5, 2.9788299529899195e-5, 0.005089895895252113, 0.09344413082026727
47.6, 2.9405987968039007e-5, 0.005086050486192736, 0.09343198146996454
47.7, 2.9028634218598128e-5, 0.00508225193218892, 0.09341987617064038
47.8, 2.865617350332761e-5, 0.0050784996596228895, 0.09340781431582117
47.9, 2.82885418949849e-5, 0.005074793101868597, 0.09339579531173485
48.0, 2.7925676306108658e-5, 0.0050711316992082785, 0.09338381857704266
48.1, 2.7567514477942526e-5, 0.0050675148987492395, 0.09337188354257593
48.2, 2.7213994969506967e-5, 0.005063942154342827, 0.0933599896510735
48.3, 2.6865057146810214e-5, 0.005060412926503176, 0.09334813635693273
48.4, 2.652064117220894e-5, 0.005056926682327398, 0.09333632312595659
48.5, 2.6180687993905105e-5, 0.005053482895416689, 0.09332454943511088
48.6, 2.584513933558559e-5, 0.005050081045798397, 0.09331281477228212
48.7, 2.551393768619202e-5, 0.005046720619848639, 0.09330111863604236
48.8, 2.518702628983484e-5, 0.005043401110216296, 0.09328946053542114
48.9, 2.4864349135834892e-5, 0.005040122015747591, 0.09327783998967587
49.0, 2.4545850948896233e-5, 0.005036882841411268, 0.09326625652807675
49.1, 2.4231477179413403e-5, 0.005033683098225339, 0.0932547096896755
49.2, 2.392117399390462e-5, 0.005030522303184247, 0.09324319902310953
49.3, 2.3614888265568367e-5, 0.005027399979186455, 0.09323172408638174
49.4, 2.3312567564970458e-5, 0.005024315654963845, 0.0932202844466568
49.5, 2.3014160150850535e-5, 0.0050212688650113696, 0.09320887968006662
49.6, 2.271961496105144e-5, 0.005018259149517435, 0.09319750937150587
49.7, 2.2428881603567658e-5, 0.005015286054294831, 0.0931861731144425
49.8, 2.214191034771318e-5, 0.005012349130713615, 0.09317487051073564
49.9, 2.1858652115407348e-5, 0.0050094479356338085, 0.09316360117043944
50.0, 2.1579058472570367e-5, 0.005006582031338677, 0.09315236471162416
50.1, 2.1303081620640452e-5, 0.005003750985469284, 0.09314116076021375
50.2, 2.1030674388197128e-5, 0.005000954370960721, 0.09312998894978401
50.3, 2.076179022269704e-5, 0.004998191765976321, 0.0931188489214185
50.4, 2.049638318232129e-5, 0.004995462753846089, 0.09310774032352499
50.5, 2.0234407927926592e-5, 0.004992766923003133, 0.09309666281168476
50.6, 1.9975819715104948e-5, 0.004990103866922542, 0.09308561604848525
50.7, 1.9720574386350007e-5, 0.004987473184059464, 0.09307459970335512
50.8, 1.9468628363322862e-5, 0.004984874477789892, 0.09306361345243512
50.9, 1.9219938639223293e-5, 0.00498230735635011, 0.09305265697840105
51.0, 1.8974462771261898e-5, 0.004979771432778326, 0.09304172997033029
51.1, 1.8732158873228446e-5, 0.004977266324855884, 0.09303083212356243
51.2, 1.849298560816221e-5, 0.004974791655050313, 0.09301996313954418
51.3, 1.825690218111696e-5, 0.004972347050458034, 0.09300912272570927
51.4, 1.8023868332024265e-5, 0.004969932142748243, 0.09299831059532278
51.5, 1.7793844328645584e-5, 0.004967546568107667, 0.0929875264673674
51.6, 1.7566790959623564e-5, 0.00496518996718509, 0.09297677006640169
51.7, 1.7342669527622726e-5, 0.004962861985037782, 0.09296604112244493
51.8, 1.7121441842558676e-5, 0.004960562271077275, 0.09295533937083468
51.9, 1.6903070214920867e-5, 0.004958290479016922, 0.09294466455213539
52.0, 1.6687517449180314e-5, 0.004956046266819309, 0.09293401641198554
52.1, 1.6474746837285108e-5, 0.004953829296644538, 0.09292339470100498
52.2, 1.6264722152245072e-5, 0.004951639234799186, 0.09291279917467926
52.3, 1.605740764179478e-5, 0.004949475751685899, 0.09290222959323785
52.4, 1.585276802214581e-5, 0.004947338521753286, 0.09289168572155353
52.5, 1.5650768471820227e-5, 0.0049452272234467454, 0.09288116732903628
52.6, 1.545137462556406e-5, 0.004943141539159916, 0.09287067418952288
52.7, 1.5254552568341357e-5, 0.004941081155186307, 0.09286020608119032
52.8, 1.5060268829409915e-5, 0.004939045761671595, 0.09284976278643757
52.9, 1.4868490376473093e-5, 0.004937035052567278, 0.09283934409179648
53.0, 1.4679184609908846e-5, 0.0049350487255834866, 0.09282894978784365
53.1, 1.4492319357076138e-5, 0.00493308648214361, 0.09281857966909836
53.2, 1.430786286669512e-5, 0.004931148027338752, 0.09280823353393486
53.3, 1.4125783803303716e-5, 0.0049292330698830975, 0.09279791118449335
53.4, 1.3946051241784699e-5, 0.004927341322069268, 0.09278761242659467
53.5, 1.3768634661967287e-5, 0.004925472499725366, 0.09277733706965836
53.6, 1.3593503943298897e-5, 0.004923626322170837, 0.09276708492660182
53.7, 1.3420629359586947e-5, 0.0049218025121746545, 0.0927568558137895
53.8, 1.3249981573811328e-5, 0.0049200007959125085, 0.0927466495509281
53.9, 1.3081531633004465e-5, 0.004918220902925586, 0.0927364659609989
54.0, 1.2915250963198566e-5, 0.004916462566078888, 0.09272630487018739
54.1, 1.2751111364441437e-5, 0.004914725521521432, 0.09271616610779569
54.2, 1.258908500587575e-5, 0.004913009508644935, 0.09270604950618427
54.3, 1.2429144420884483e-5, 0.0049113142700452405, 0.09269595490069175
54.4, 1.2271262502301093e-5, 0.004909639551482146, 0.09268588212957353
54.5, 1.211541249768089e-5, 0.004907985101841359, 0.09267583103392513
54.6, 1.1961568004637294e-5, 0.004906350673095911, 0.09266580145762583
54.7, 1.1809702966237675e-5, 0.004904736020268212, 0.09265579324726732
54.8, 1.1659791666461388e-5, 0.004903140901393084, 0.0926458062520994
54.9, 1.1511808725715785e-5, 0.0049015650774802515, 0.0926358403239596
55.0, 1.1365729096414545e-5, 0.004900008312478713, 0.0926258953172107
55.1, 1.122152805861097e-5, 0.00489847037323973, 0.09261597108869943
55.2, 1.1079181215691187e-5, 0.00489695102948201, 0.09260606749768319
55.3, 1.093866449012361e-5, 0.004895450053756339, 0.09259618440577679
55.4, 1.0799954119263166e-5, 0.004893967221410512, 0.09258632167690789
55.5, 1.066302665121401e-5, 0.004892502310555406, 0.09257647917724768
55.6, 1.0527858940742973e-5, 0.004891055102030923, 0.09256665677517699
55.7, 1.0394428145249948e-5, 0.004889625379372606, 0.09255685434122056
55.8, 1.0262711720789896e-5, 0.004888212928778272, 0.09254707174800271
55.9, 1.0132687418147907e-5, 0.004886817539075556, 0.09253730887020784
56.0, 1.0004333278965551e-5, 0.004885439001689827, 0.09252756558451557
56.1, 9.877627631919468e-6, 0.004884077110611767, 0.09251784176957217
56.2, 9.752549088948643e-6, 0.00488273166236605, 0.09250813730593126
56.3, 9.629076541532785e-6, 0.00488140245598055, 0.09249845207602615
56.4, 9.50718915701973e-6, 0.004880089292955212, 0.09248878596410946
56.5, 9.386866375000016e-6, 0.0048787919772317855, 0.09247913885622196
56.6, 9.268087903731013e-6, 0.004877510315163692, 0.09246951064015256
56.7, 9.150833716607406e-6, 0.004876244115486807, 0.09245990120539375
56.8, 9.0350840486777e-6, 0.004874993189289475, 0.09245031044310624
56.9, 8.920819393207475e-6, 0.0048737573499842805, 0.09244073824607611
57.0, 8.80802049828754e-6, 0.004872536413279002, 0.09243118450868662
57.1, 8.696668363487003e-6, 0.004871330197148567, 0.09242164912687383
57.2, 8.586744236550888e-6, 0.004870138521807166, 0.09241213199809854
57.3, 8.47822961014017e-6, 0.0048689612096806945, 0.09240263302130529
57.4, 8.371106218615302e-6, 0.004867798085379341, 0.0923931520968958
57.5, 8.265356034863383e-6, 0.0048666489756712455, 0.09238368912668886
57.6, 8.160961267164519e-6, 0.004865513709455104, 0.0923742440138966
57.7, 8.057904356102469e-6, 0.004864392117734871, 0.09236481666308653
57.8, 7.956167971514396e-6, 0.0048632840335931194, 0.09235540698015952
57.9, 7.8557350094796e-6, 0.00486218929216597, 0.09234601487231449
58.0, 7.756588589351103e-6, 0.004861107730617236, 0.09233664024801509
58.1, 7.658712050824092e-6, 0.004860039188114079, 0.09232728301697468
58.2, 7.562088951043084e-6, 0.004858983505801907, 0.09231794309012023
58.3, 7.466703061747975e-6, 0.004857940526780131, 0.09230862037956603
58.4, 7.3725383664579625e-6, 0.004856910096078189, 0.09229931479858916
58.5, 7.279579057690811e-6, 0.00485589206063163, 0.0922900262616107
58.6, 7.187809534221335e-6, 0.0048548862692588315, 0.09228075468415925
58.7, 7.09721439837363e-6, 0.004853892572637376, 0.09227149998285304
58.8, 7.00777845335058e-6, 0.004852910823281728, 0.09226226207538045
58.9, 6.919486700597871e-6, 0.004851940875520102, 0.09225304088046887
59.0, 6.832324337202715e-6, 0.00485098258547249, 0.09224383631787426
59.1, 6.7462767533269555e-6, 0.004850035811028015, 0.09223464830834464
59.2, 6.661329529674212e-6, 0.004849100411823999, 0.09222547677361291
59.3, 6.577468434990561e-6, 0.004848176249223599, 0.09221632163636931
59.4, 6.494679423596728e-6, 0.004847263186294856, 0.09220718282024282
59.5, 6.412948632954795e-6, 0.004846361087789742, 0.09219806024977883
59.6, 6.332262381266061e-6, 0.004845469820123299, 0.0921889538504289
59.7, 6.252607165099551e-6, 0.004844589251353107, 0.09217986354852309
59.8, 6.173969657053845e-6, 0.004843719251159102, 0.0921707892712547
59.9, 6.096336703448113e-6, 0.004842859690823687, 0.09216173094667267
60.0, 6.019695322043562e-6, 0.004842010443211452, 0.09215268850364375
60.1, 5.944032699796056e-6, 0.0048411713827502655, 0.09214366187185859
60.2, 5.869336190637646e-6, 0.0048403423854118085, 0.09213465098180051
60.3, 5.795593313286417e-6, 0.004839523328692277, 0.092125655764736
60.4, 5.722791749087364e-6, 0.00483871409159379, 0.09211667615269523
60.5, 5.650919339879212e-6, 0.004837914554606012, 0.0921077120784691
60.6, 5.579964085891417e-6, 0.004837124599687321, 0.0920987634755769
60.7, 5.509914143667058e-6, 0.004836344110246919, 0.09208983027826971
60.8, 5.440757824015004e-6, 0.004835572971127167, 0.09208091242149968
60.9, 5.372483589987276e-6, 0.004834811068585632, 0.0920720098409257
61.0, 5.305080054883839e-6, 0.004834058290277333, 0.09206312247288176
61.1, 5.238535980284072e-6, 0.004833314525238406, 0.09205425025437901
61.2, 5.172840274103025e-6, 0.004832579663867935, 0.09204539312308901
61.3, 5.107981988674433e-6, 0.00483185359791205, 0.0920365510173256
61.4, 5.043950318858208e-6, 0.004831136220446724, 0.09202772387604366
61.5, 4.980734600173066e-6, 0.004830427425861663, 0.09201891163881867
61.6, 4.918324306953952e-6, 0.00482972710984396, 0.09201011424584393
61.7, 4.85670905053302e-6, 0.0048290351693620484, 0.09200133163791482
61.8, 4.79587857744573e-6, 0.00482835150265006, 0.09199256375641696
61.9, 4.735822767659366e-6, 0.004827676009192037, 0.09198381054332293
62.0, 4.6765316328255145e-6, 0.004827008589706715, 0.09197507194117702
62.1, 4.617995314555208e-6, 0.0048263491461315745, 0.09196634789309052
62.2, 4.560204082717402e-6, 0.004825697581608951, 0.09195763834272401
62.3, 4.503148333758767e-6, 0.004825053800470256, 0.09194894323428908
62.4, 4.446818589046901e-6, 0.0048244177082217, 0.09194026251252843
62.5, 4.391205493233905e-6, 0.004823789211529436, 0.09193159612272155
62.6, 4.336299812642753e-6, 0.004823168218205686, 0.09192294401066195
62.7, 4.282092433674225e-6, 0.00482255463719438, 0.0919143061226618
62.8, 4.228574361234642e-6, 0.004821948378557052, 0.09190568240553135
62.9, 4.175736717185314e-6, 0.00482134935345924, 0.09189707280658223
63.0, 4.12357073881049e-6, 0.004820757474156908, 0.09188847727362079
63.1, 4.072067777307739e-6, 0.004820172653982566, 0.09187989575492733
63.2, 4.021219296296614e-6, 0.004819594807332301, 0.09187132819926451
63.3, 3.97101687034697e-6, 0.004819023849652975, 0.0918627745558651
63.4, 3.921452183527712e-6, 0.00481845969742856, 0.0918542347744186
63.5, 3.872517027973411e-6, 0.004817902268167653, 0.09184570880508157
63.6, 3.824203302470824e-6, 0.004817351480390894, 0.09183719659845355
63.7, 3.77650301106326e-6, 0.004816807253618525, 0.09182869810558349
63.8, 3.7294082616729745e-6, 0.004816269508357573, 0.091820213277957
63.9, 3.682911264743222e-6, 0.004815738166090471, 0.0918117420674936
64.0, 3.637004331896499e-6, 0.004815213149262086, 0.09180328442654179
64.1, 3.5916798746111723e-6, 0.004814694381268659, 0.09179484030787642
64.2, 3.5469304029157754e-6, 0.004814181786445543, 0.0917864096646822
64.3, 3.5027485240995744e-6, 0.004813675290055858, 0.09177799245056646
64.4, 3.459126941441102e-6, 0.004813174818278654, 0.09176958861953521
64.5, 3.4160584529527527e-6, 0.00481268029819824, 0.09176119812600751
64.6, 3.373535950141831e-6, 0.004812191657792558, 0.0917528209247942
64.7, 3.3315524167886683e-6, 0.004811708825922136, 0.0917444569711065
64.8, 3.2901009277394493e-6, 0.004811231732319482, 0.09173610622054205
64.9, 3.2491746477166024e-6, 0.004810760307577944, 0.09172776862908724
65.0, 3.2087668301431154e-6, 0.004810294483141238, 0.09171944415311041
65.1, 3.1688708159834734e-6, 0.004809834191293271, 0.09171113274935555
65.2, 3.1294800325994095e-6, 0.004809379365147161, 0.09170283437494774
65.3, 3.090587992620841e-6, 0.004808929938635386, 0.09169454898737918
65.4, 3.0521882928311634e-6, 0.004808485846499848, 0.09168627654450891
65.5, 3.0142746130678785e-6, 0.004808047024281278, 0.09167801700456393
65.6, 2.9768407151373388e-6, 0.004807613408309898, 0.09166977032613109
65.7, 2.939880441743532e-6, 0.004807184935695564, 0.09166153646815237
65.8, 2.903387715431259e-6, 0.004806761544317933, 0.09165331538992466
65.9, 2.8673565375430765e-6, 0.004806343172817274, 0.091645107051103
66.0, 2.831780987190194e-6, 0.0048059297605847155, 0.09163691141168442
66.1, 2.796655220236077e-6, 0.0048055212477532225, 0.09162872843201435
66.2, 2.761973468294538e-6, 0.004805117575188456, 0.09162055807278112
66.3, 2.7277300377400046e-6, 0.004804718684479857, 0.09161240029501459
66.4, 2.6939193087315335e-6, 0.004804324517930914, 0.09160425506008138
66.5, 2.660535734249003e-6, 0.00480393501855158, 0.09159612232968269
66.6, 2.627573839142352e-6, 0.004803550130048604, 0.09158800206585783
66.7, 2.5950282191932676e-6, 0.004803169796817396, 0.09157989423097208
66.8, 2.562893540189063e-6, 0.00480279396393335, 0.09157179878771751
66.9, 2.531164537008746e-6, 0.004802422577143371, 0.09156371569911871
67.0, 2.499836012721226e-6, 0.004802055582857689, 0.09155564492852289
67.1, 2.4689028376951686e-6, 0.0048016929281419945, 0.09154758643959386
67.2, 2.4383599487205656e-6, 0.004801334560708842, 0.09153954019632332
67.3, 2.408202348142038e-6, 0.004800980428909851, 0.09153150616301531
67.4, 2.378425103003256e-6, 0.004800630481727784, 0.09152348430429233
67.5, 2.3490233442026504e-6, 0.004800284668769088, 0.09151547458508784
67.6, 2.3199922656602495e-6, 0.004799942940255669, 0.09150747697065788
67.7, 2.291327123495671e-6, 0.004799605247017732, 0.09149949142656036
67.8, 2.2630232352163626e-6, 0.004799271540485805, 0.09149151791866438
67.9, 2.2350759789169474e-6, 0.004798941772684135, 0.09148355641314689
68.0, 2.2074807924889365e-6, 0.004798615896222467, 0.09147560687649309
68.1, 2.1802331728408233e-6, 0.004798293864289456, 0.09146766927548927
68.2, 2.1533286751282545e-6, 0.004797975630645044, 0.09145974357722796
68.3, 2.1267629119946597e-6, 0.0047976611496139765, 0.09145182974910379
68.4, 2.100531552821428e-6, 0.0047973503760782975, 0.09144392775880882
68.5, 2.074630322988185e-6, 0.004797043265470709, 0.09143603757433462
68.6, 2.049055003142647e-6, 0.004796739773768025, 0.09142815916397214
68.7, 2.023801428480238e-6, 0.004796439857483948, 0.09142029249630579
68.8, 1.9988654880327723e-6, 0.0047961434736627905, 0.09141243754021816
68.9, 1.9742431239670473e-6, 0.004795850579872959, 0.09140459426488803
69.0, 1.94993033089193e-6, 0.004795561134200317, 0.09139676263977997
69.1, 1.9259231551752103e-6, 0.004795275095241832, 0.0913889426346518
69.2, 1.9022176942688125e-6, 0.004794992422099451, 0.09138113421955853
69.3, 1.8788100960434514e-6, 0.004794713074373819, 0.09137333736483831
69.4, 1.855696558131347e-6, 0.004794437012157723, 0.09136555204111696
69.5, 1.832873327278248e-6, 0.004794164196030846, 0.09135777821931335
69.6, 1.810336698703309e-6, 0.004793894587052898, 0.09135001587062629
69.7, 1.7880830154679023e-6, 0.004793628146758311, 0.09134226496654266
69.8, 1.7661086678522743e-6, 0.00479336483715014, 0.09133452547883597
69.9, 1.7444100927406845e-6, 0.004793104620694414, 0.09132679737956192
70.0, 1.722983773014366e-6, 0.004792847460314079, 0.09131908064105737
70.1, 1.7018262369526212e-6, 0.0047925933193839814, 0.09131137523593916
70.2, 1.6809340576416608e-6, 0.0047923421617247774, 0.09130368113710946
70.3, 1.6603038523911812e-6, 0.0047920939515976035, 0.0912959983177493
70.4, 1.6399322821587731e-6, 0.00479184865369877, 0.0912883267513153
70.5, 1.6198160509814818e-6, 0.00479160623315423, 0.09128066641154722
70.6, 1.599951905415294e-6, 0.0047913666555143095, 0.09127301727246073
70.7, 1.5803366339815625e-6, 0.004791129886748745, 0.09126537930834419
70.8, 1.5609670666209373e-6, 0.004790895893241142, 0.09125775249376858
70.9, 1.541840074154258e-6, 0.0047906646417840764, 0.09125013680357573
71.0, 1.522952567750779e-6, 0.004790436099574242, 0.09124253221288647
71.1, 1.5043014984030315e-6, 0.004790210234206926, 0.0912349386970866
71.2, 1.4858838564088007e-6, 0.004789987013671604, 0.0912273562318445
71.3, 1.4676966708597737e-6, 0.004789766406346923, 0.09121978479309402
71.4, 1.4497370091368741e-6, 0.0047895483809961255, 0.09121222435704653
71.5, 1.4320019764124368e-6, 0.004789332906761787, 0.09120467490018148
71.6, 1.414488715158423e-6, 0.004789119953161735, 0.09119713639924372
71.7, 1.3971944046615257e-6, 0.0047889094900839604, 0.09118960883125904
71.8, 1.38011626054456e-6, 0.004788701487782464, 0.09118209217350806
71.9, 1.3632515342937177e-6, 0.0047884959168724905, 0.09117458640355498
72.0, 1.3465975127926196e-6, 0.004788292748326052, 0.09116709149922012
72.1, 1.3301515178619638e-6, 0.00478809195346819, 0.09115960743859135
72.2, 1.3139109058054266e-6, 0.00478789350397122, 0.0911521342000313
72.3, 1.2978730669615213e-6, 0.004787697371852089, 0.09114467176216098
72.4, 1.2820354252612648e-6, 0.004787503529467019, 0.0911372201038682
72.5, 1.266395437791511e-6, 0.004787311949507889, 0.09112977920430511
72.6, 1.2509505943643094e-6, 0.004787122604997735, 0.09112234904288825
72.7, 1.2356984170915953e-6, 0.004786935469287138, 0.09111492959929615
72.8, 1.220636459965566e-6, 0.004786750516049586, 0.0911075208534721
72.9, 1.205762308444628e-6, 0.00478656771927829, 0.09110012278562059
73.0, 1.191073579044465e-6, 0.004786387053281432, 0.09109273537620646
73.1, 1.1765679189349886e-6, 0.004786208492678877, 0.09108535860595393
73.2, 1.1622430055419708e-6, 0.00478603201239825, 0.09107799245585148
73.3, 1.1480965461541808e-6, 0.004785857587670832, 0.09107063690714168
73.4, 1.1341262775358078e-6, 0.0047856851940281525, 0.091063291941333
73.5, 1.1203299655435214e-6, 0.004785514807298255, 0.0910559575401812
73.6, 1.1067054047490328e-6, 0.004785346403601927, 0.0910486336857132
73.7, 1.0932504180661273e-6, 0.004785179959349415, 0.09104132036020235
73.8, 1.0799628563830471e-6, 0.004785015451236291, 0.09103401754618448
73.9, 1.0668405981991328e-6, 0.004784852856240525, 0.09102672522644512
74.0, 1.053881549266746e-6, 0.004784692151618709, 0.09101944338403033
74.1, 1.041083642237565e-6, 0.00478453331490285, 0.09101217200223853
74.2, 1.0284448363135383e-6, 0.004784376323896763, 0.09100491106462189
74.3, 1.015963116902485e-6, 0.004784221156672888, 0.09099766055498743
74.4, 1.0036364952780652e-6, 0.0047840677915689115, 0.09099042045739159
74.5, 9.914630082444453e-7, 0.0047839162071845595, 0.09098319075614347
74.6, 9.794407178049825e-7, 0.004783766382378468, 0.090975971435808
74.7, 9.675677108355697e-7, 0.004783618296264626, 0.09096876248119011
74.8, 9.558420987620064e-7, 0.004783471928209995, 0.09096156387735714
74.9, 9.44262017241789e-7, 0.0047833272578304996, 0.09095437560961951
75.0, 9.32825625849885e-7, 0.004783184264988535, 0.09094719766353422
75.1, 9.215311077687345e-7, 0.004783042929790245, 0.09094003002490843
75.2, 9.10376669482195e-7, 0.004782903232581356, 0.09093287267979713
75.3, 8.993605404735745e-7, 0.004782765153945723, 0.09092572561450275
75.4, 8.884809729275823e-7, 0.004782628674701286, 0.09091858881557033
75.5, 8.77736241436135e-7, 0.004782493775897662, 0.09091146226978981
75.6, 8.67124642708015e-7, 0.004782360438813355, 0.09090434596420247
75.7, 8.566444952824352e-7, 0.004782228644952928, 0.09089723988608142
75.8, 8.462941392460785e-7, 0.004782098376043749, 0.09089014402295535
75.9, 8.360719359541302e-7, 0.00478196961403439, 0.0908830583625855
76.0, 8.259762677547854e-7, 0.004781842341090244, 0.09087598289298139
76.1, 8.160055377173603e-7, 0.004781716539592735, 0.09086891760238612
76.2, 8.061581693639854e-7, 0.004781592192135376, 0.0908618624792899
76.3, 7.964326064047942e-7, 0.004781469281521485, 0.09085481751241654
76.4, 7.868273124766025e-7, 0.004781347790761732, 0.09084778269073165
76.5, 7.773407708848624e-7, 0.004781227703071658, 0.09084075800344149
76.6, 7.679714843492234e-7, 0.004781109001869035, 0.09083374343998064
76.7, 7.58717974752114e-7, 0.0047809916707715235, 0.09082673899002461
76.8, 7.495787828908911e-7, 0.004780875693593918, 0.09081974464348512
76.9, 7.405524682330008e-7, 0.004780761054346167, 0.09081276039051028
77.0, 7.316376086744953e-7, 0.00478064773723064, 0.09080578622147337
77.1, 7.228328003015589e-7, 0.0047805357266399754, 0.09079882212698864
77.2, 7.141366571552845e-7, 0.004780425007154669, 0.09079186809790109
77.3, 7.055478109993671e-7, 0.004780315563540721, 0.09078492412528377
77.4, 6.970649110909821e-7, 0.0047802073807478, 0.09077799020044144
77.5, 6.886866239545198e-7, 0.004780100443906009, 0.09077106631491
77.6, 6.804116331583599e-7, 0.0047799947383247885, 0.0907641524604523
77.7, 6.722386390944834e-7, 0.004779890249490246, 0.09075724862905779
77.8, 6.641663587610397e-7, 0.004779786963062777, 0.09075035481294395
77.9, 6.561935255476595e-7, 0.00477968486487538, 0.09074347100455446
78.0, 6.483188890236508e-7, 0.004779583940931179, 0.09073659719655902
78.1, 6.405412147288964e-7, 0.004779484177401441, 0.09072973338184902
78.2, 6.328592839674481e-7, 0.004779385560623735, 0.09072287955353936
78.3, 6.252718936039738e-7, 0.004779288077099972, 0.09071603570496811
78.4, 6.177778558625966e-7, 0.004779191713493493, 0.09070920182969533
78.5, 6.10375998128592e-7, 0.004779096456628411, 0.0907023779214999
78.6, 6.030651627525671e-7, 0.004779002293486786, 0.0906955639743779
78.7, 5.958442068571597e-7, 0.004778909211207001, 0.09068875998254974
78.8, 5.88712002146338e-7, 0.004778817197081668, 0.09068196594044678
78.9, 5.816674347170585e-7, 0.004778726238555864, 0.09067518184272282
79.0, 5.747094048735598e-7, 0.004778636323225399, 0.09066840768424125
79.1, 5.678368269439264e-7, 0.004778547438834915, 0.09066164346008361
79.2, 5.610486290990608e-7, 0.004778459573275742, 0.09065488916554457
79.3, 5.543437531740996e-7, 0.004778372714584493, 0.09064814479612701
79.4, 5.477211544920098e-7, 0.004778286850941233, 0.09064141034754977
79.5, 5.411798016896726e-7, 0.004778201970667756, 0.09063468581574044
79.6, 5.347186765460114e-7, 0.004778118062225665, 0.09062797119683494
79.7, 5.283367738125561e-7, 0.004778035114214571, 0.09062126648717758
79.8, 5.220331010461119e-7, 0.004777953115370983, 0.09061457168332088
79.9, 5.158066784435421e-7, 0.0047778720545662645, 0.0906078867820205
80.0, 5.09656538678896e-7, 0.004777791920804606, 0.09060121178024272
