flowtime, s1, s2, s3, s4, s5
0.0, 0.02398316123308033, 0.11631816948673206, 0.22165674079365824, 0.11631816948673183, 0.023983161233080384
0.1, 0.023412565639590013, 0.11536005447806635, 0.22110639317567482, 0.11536005447806705, 0.023412565639590106
0.2, 0.022860413239528365, 0.11442383260475034, 0.22059469029053685, 0.11442383260474756, 0.02286041323952845
0.3, 0.022325803252388966, 0.11350788994881146, 0.2201181775125403, 0.11350788994881336, 0.022325803252389084
0.4, 0.021807895308778958, 0.11261074825411493, 0.21967378586327227, 0.11261074825411363, 0.02180789530877896
0.5, 0.02130590450671441, 0.11173104997916311, 0.21925877848213474, 0.11173104997916364, 0.021305904506714348
0.6, 0.020819097002007136, 0.1108675456043317, 0.21887070608687081, 0.11086754560433085, 0.020819097002007174
0.7, 0.02034678603293335, 0.11001908274058188, 0.2185073696757867, 0.11001908274058254, 0.02034678603293313
0.8, 0.019888328309646625, 0.10918459669408959, 0.21816678910206805, 0.10918459669408977, 0.019888328309646607
0.9, 0.019443120718359873, 0.10836310222049153, 0.21784717644011056, 0.10836310222049267, 0.019443120718359692
1.0, 0.01901059730294935, 0.1075536862619791, 0.21754691328687836, 0.10755368626198153, 0.019010597302949506
1.1, 0.018590226494907738, 0.10675550150496566, 0.21726453131417103, 0.10675550150496517, 0.018590226494907835
1.2, 0.0181815085680012, 0.1059677606298828, 0.21699869552220077, 0.10596776062988218, 0.018181508568001402
1.3, 0.017783973297708148, 0.10518973115026953, 0.21674818975058047, 0.10518973115026846, 0.017783973297707773
1.4, 0.0173971778080784, 0.10442073075804031, 0.2165119040859676, 0.10442073075804277, 0.017397177808078215
1.5, 0.017020704590576353, 0.1036601231070097, 0.2162888238716892, 0.103660123107009, 0.01702070459057641
1.6, 0.01665415968091517, 0.10290731397857501, 0.2160780200771208, 0.1029073139785755, 0.016654159680915298
1.7, 0.01629717098110677, 0.10216174778277187, 0.21587864082707392, 0.10216174778277108, 0.016297170981106467
1.8, 0.01594938671496182, 0.10142290435511359, 0.2156899039250351, 0.10142290435511356, 0.01594938671496157
1.9, 0.015610474006199828, 0.10069029601563315, 0.2155110902319742, 0.10069029601563279, 0.01561047400619994
2.0, 0.015280117569141988, 0.0999634648610365, 0.21534153778464732, 0.09996346486103791, 0.015280117569141691
2.1, 0.014958018502737699, 0.0992419802647891, 0.2151806365556335, 0.09924198026478818, 0.014958018502737723
2.2, 0.014643893179396456, 0.09852543656290652, 0.21502782377257176, 0.09852543656290602, 0.014643893179396386
2.3, 0.014337472220753121, 0.09781345090584051, 0.21488257972621683, 0.097813450905841, 0.014337472220753234
2.4, 0.014038499553138288, 0.09710566125876352, 0.2147444240075106, 0.09710566125876392, 0.014038499553138248
2.5, 0.013746731536106751, 0.09640172453440601, 0.21461291212232214, 0.09640172453440657, 0.013746731536106947
2.6, 0.013461936157925486, 0.09570131484382388, 0.21448763243956426, 0.09570131484382363, 0.013461936157925564
2.7, 0.013183892292432, 0.09500412185177884, 0.21436820343476343, 0.09500412185177877, 0.013183892292432038
2.8, 0.012912389012152461, 0.094309849224186, 0.21425427119583462, 0.09430984922418599, 0.012912389012152418
2.9, 0.012647224952996765, 0.09361821315597312, 0.2141455071624896, 0.09361821315597323, 0.012647224952996654
3.0, 0.012388207726253589, 0.09292894096817744, 0.21404160607405345, 0.0929289409681775, 0.01238820772625359
3.1, 0.01213515337398626, 0.09224176976363778, 0.21394228410385416, 0.09224176976363757, 0.012135153373986192
3.2, 0.011887885864253786, 0.09155644513093292, 0.21384727716082538, 0.09155644513093324, 0.0118878858642538
3.3, 0.011646236622907015, 0.09087271988643365, 0.21375633934135072, 0.09087271988643374, 0.011646236622906972
3.4, 0.011410044098983024, 0.09019035284448376, 0.2136692415164115, 0.09019035284448393, 0.01141004409898304
3.5, 0.011179153360990032, 0.08950910760574901, 0.21358577004063287, 0.08950910760574857, 0.011179153360990025
3.6, 0.010953415721597958, 0.08882875135371421, 0.21350572557157688, 0.0888287513537139, 0.010953415721598
3.7, 0.010732688388477768, 0.08814905364924303, 0.21342892198866706, 0.08814905364924318, 0.010732688388477659
3.8, 0.010516834139223127, 0.08746978521295114, 0.213355185402424, 0.0874697852129509, 0.010516834139223087
3.9, 0.010305721018462256, 0.08679071668497104, 0.21328435324570816, 0.08679071668497157, 0.010305721018462244
4.0, 0.010099222055436726, 0.08611161735158511, 0.21321627343930094, 0.08611161735158475, 0.010099222055436756
4.1, 0.009897215000467523, 0.08543225382800616, 0.21315080362532815, 0.08543225382800727, 0.009897215000467575
4.2, 0.009699582078862812, 0.08475238868665096, 0.21308781046223654, 0.08475238868665087, 0.009699582078862784
4.3, 0.009506209760944169, 0.08407177902034947, 0.21302716897610902, 0.08407177902034951, 0.00950620976094415
4.4, 0.009316988546977854, 0.0833901749302646, 0.2129687619631797, 0.08339017493026467, 0.00931698854697786
4.5, 0.009131812765903476, 0.08270731792904008, 0.21291247943932304, 0.08270731792903906, 0.009131812765903422
4.6, 0.008950580386831731, 0.08202293925071132, 0.21285821813229458, 0.08202293925071137, 0.008950580386831705
4.7, 0.008773192842385015, 0.08133675806068406, 0.21280588101330486, 0.08133675806068448, 0.00877319284238499
4.8, 0.008599554863012556, 0.0806484795613816, 0.21275537686444443, 0.08064847956138219, 0.00859955486301238
4.9, 0.008429574321491039, 0.07995779299254897, 0.21270661987901912, 0.07995779299254906, 0.008429574321491131
5.0, 0.008263162086887613, 0.0792643695295388, 0.21265952929219636, 0.07926436952953893, 0.008263162086887679
5.1, 0.00810023188730717, 0.07856786008871716, 0.2126140290392571, 0.07856786008871637, 0.008100231887307177
5.2, 0.007940700180812945, 0.07786789305637369, 0.212570047439411, 0.07786789305637339, 0.007940700180812825
5.3, 0.0077844860339495395, 0.07716407196666848, 0.21252751690297234, 0.07716407196666789, 0.00778448603394955
5.4, 0.007631511007342428, 0.07645597316514438, 0.21248637366014078, 0.0764559731651436, 0.007631511007342387
5.5, 0.007481699047889782, 0.07574314350755557, 0.21244655750951907, 0.07574314350755605, 0.007481699047889807
5.6, 0.007334976387098436, 0.07502509815903512, 0.2124080115849596, 0.0750250981590344, 0.007334976387098546
5.7, 0.007191271445152513, 0.07430131857590043, 0.21237068213924362, 0.07430131857590161, 0.0071912714451525875
5.8, 0.007050514740327555, 0.07357125077151046, 0.21233451834319192, 0.07357125077150994, 0.007050514740327669
5.9, 0.006912638803399176, 0.07283430398763302, 0.2122994720991954, 0.07283430398763277, 0.006912638803399293
6.0, 0.006777578096717525, 0.07208984991340296, 0.21226549786785837, 0.07208984991340325, 0.006777578096717509
6.1, 0.006645268937640995, 0.07133722261362142, 0.21223255250692094, 0.0713372226136221, 0.00664526893764097
6.2, 0.006515649426051219, 0.0705757193459165, 0.21220059512140327, 0.07057571934591704, 0.006515649426051088
6.3, 0.006388659375684184, 0.06980460246071404, 0.21216958692415802, 0.06980460246071377, 0.006388659375684204
6.4, 0.006264240249036253, 0.06902310258815751, 0.212139491106141, 0.06902310258815779, 0.0062642402490363375
6.5, 0.006142335095619115, 0.06823042332184275, 0.21211027271547792, 0.06823042332184291, 0.00614233509561909
6.6, 0.006022888493354232, 0.06742574761192265, 0.21208189854490814, 0.06742574761192183, 0.0060228884933542035
6.7, 0.005905846492911238, 0.0666082460831608, 0.21205433702677956, 0.06660824608316077, 0.005905846492911215
6.8, 0.005791156564810378, 0.0657770875032304, 0.2120275581351564, 0.06577708750323191, 0.0057911565648103664
6.9, 0.005678767549118519, 0.06493145165215708, 0.21200153329454816, 0.06493145165215629, 0.005678767549118553
7.0, 0.005568629607583018, 0.06407054489619587, 0.2119762352946113, 0.06407054489619625, 0.005568629607583026
7.1, 0.005460694178055254, 0.06319361885778013, 0.21195163821061594, 0.06319361885777955, 0.005460694178055267
7.2, 0.005354913931070216, 0.06229999269846975, 0.2119277173290934, 0.06229999269846899, 0.005354913931070211
7.3, 0.005251242728451757, 0.06138907967630848, 0.2119044490783579, 0.061389079676308085, 0.005251242728451765
7.4, 0.005149635583827521, 0.0604604187520476, 0.21188181096357353, 0.06046041875204801, 0.005149635583827531
7.5, 0.005050048624939934, 0.0595137120035225, 0.21185978150600215, 0.05951371200352198, 0.005050048624939915
7.6, 0.0049524390576531395, 0.05854886831531854, 0.2118383401861562, 0.058548868315320704, 0.004952439057653091
7.7, 0.0048567651315559405, 0.05756605305664573, 0.2118174673906081, 0.05756605305664464, 0.004856765131555944
7.8, 0.004762986107073323, 0.05656574207631901, 0.21179714436216626, 0.056565742076318364, 0.0047629861070733
7.9, 0.004671062223999216, 0.055548776280901865, 0.2117773531531834, 0.055548776280901505, 0.004671062223999195
8.0, 0.0045809546713740275, 0.05451641052644124, 0.2117580765818335, 0.05451641052644221, 0.004580954671374077
8.1, 0.004492625558632357, 0.05347034812657583, 0.21173929819106582, 0.05347034812657618, 0.004492625558632346
8.2, 0.004406037887949693, 0.052412750913976465, 0.21172100221014586, 0.05241275091397692, 0.004406037887949732
8.3, 0.00432115552772705, 0.051346215587180374, 0.2117031735185519, 0.05134621558717974, 0.004321155527727065
8.4, 0.004237943187148427, 0.05027371079070983, 0.21168579761206113, 0.05027371079071107, 0.004237943187148469
8.5, 0.004156366391758718, 0.04919847585222308, 0.21166886057093864, 0.04919847585222271, 0.004156366391758561
8.6, 0.004076391460004013, 0.04812388992709353, 0.21165234903001107, 0.04812388992709406, 0.004076391460003974
8.7, 0.003997985480688932, 0.047053327102505704, 0.2116362501505515, 0.04705332710250569, 0.003997985480688993
8.8, 0.003921116291299971, 0.04599001638449996, 0.21162055159385845, 0.04599001638450008, 0.00392111629129986
8.9, 0.0038457524571526404, 0.04493692415157825, 0.21160524149637358, 0.044936924151578496, 0.0038457524571527033
9.0, 0.0037718632513215732, 0.04389667111808772, 0.21159030844626642, 0.04389667111808774, 0.0037718632513215606
9.1, 0.0036994186353125486, 0.04287148814572894, 0.21157574146141195, 0.04287148814572892, 0.0036994186353125286
9.2, 0.003628389240442127, 0.04186320791421231, 0.2115615299686278, 0.04186320791421204, 0.0036283892404421355
9.3, 0.003558746349888423, 0.040873284439493895, 0.21154766378411097, 0.04087328443949387, 0.003558746349888395
9.4, 0.003490461881382029, 0.03990283041970056, 0.21153413309499974, 0.03990283041970042, 0.003490461881382069
9.5, 0.0034235083705062416, 0.03895266297368717, 0.21152092844197734, 0.038952662973686866, 0.0034235083705062407
9.6, 0.0033578589545766474, 0.03802335048600598, 0.21150804070286228, 0.03802335048600626, 0.0033578589545766474
9.7, 0.0032934873570755626, 0.03711525591215551, 0.21149546107712974, 0.03711525591215547, 0.0032934873570755387
9.8, 0.003230367872612636, 0.036228574263775, 0.2114831810712692, 0.036228574263774994, 0.0032303678726126905
9.9, 0.0031684753523906453, 0.035363363717636494, 0.21147119248496932, 0.03536336371763633, 0.0031684753523906367
10.0, 0.003107785190150909, 0.03451957082481192, 0.21145948739807496, 0.034519570824812176, 0.0031077851901508908
10.1, 0.003048273308579395, 0.033697050766398805, 0.21144805815819626, 0.0336970507663986, 0.0030482733085793767
10.2, 0.002989916146151433, 0.03289558369666474, 0.2114368973690685, 0.03289558369666527, 0.0029899161461514373
10.3, 0.0029326906443969706, 0.032114888104663245, 0.21142599787946428, 0.03211488810466363, 0.00293269064439699
10.4, 0.002876574235567701, 0.031354631935406066, 0.21141535277274218, 0.03135463193540588, 0.0028765742355677075
10.5, 0.002821544830689367, 0.030614442016501292, 0.21140495535692486, 0.030614442016501358, 0.0028215448306893624
10.6, 0.0027675808079830016, 0.029893912171426555, 0.21139479915529388, 0.029893912171426076, 0.0027675808079829904
10.7, 0.0027146610016392154, 0.029192610277162176, 0.21138487789749344, 0.02919261027716183, 0.0027146610016392254
10.8, 0.0026627646909322426, 0.028510084438933592, 0.21137518551106443, 0.02851008443893379, 0.0026627646909322426
10.9, 0.0026118715896585386, 0.027845868400201233, 0.21136571611344193, 0.02784586840020154, 0.0026118715896585407
11.0, 0.002561961835888179, 0.027199486272873764, 0.2113564640043255, 0.027199486272873472, 0.002561961835888179
11.1, 0.002513015982015711, 0.02657045665357403, 0.2113474236584563, 0.02657045665357472, 0.0025130159820156966
11.2, 0.002465014985099585, 0.025958296181077707, 0.2113385897187511, 0.02595829618107758, 0.00246501498509958
11.3, 0.002417940197478538, 0.025362522584138028, 0.2113299569897591, 0.02536252258413838, 0.0024179401974785348
11.4, 0.0023717733576541, 0.024782657265540933, 0.21132152043145924, 0.02478265726554093, 0.0023717733576541183
11.5, 0.002326496581430051, 0.024218227465979274, 0.2113132751533438, 0.024218227465979264, 0.002326496581430048
11.6, 0.002282092353298294, 0.02366876804960963, 0.21130521640879898, 0.023668768049609518, 0.0022820923532982903
11.7, 0.002238543518063058, 0.0231338229513957, 0.21129733958972155, 0.02313382295139572, 0.0022385435180630603
11.8, 0.0021958332726934914, 0.022612946324513775, 0.21128964022145413, 0.02261294632451368, 0.0021958332726934936
11.9, 0.002153945158397873, 0.022105703424024122, 0.21128211395788843, 0.02210570342402394, 0.0021539451583978786
12.0, 0.00211286305291043, 0.02161167126075248, 0.211274756576826, 0.0216116712607524, 0.002112863052910397
12.1, 0.002072571162983864, 0.0211304390568502, 0.2112675639755517, 0.0211304390568502, 0.0020725711629838357
12.2, 0.00203305401708046, 0.02066160853194983, 0.2112605321666236, 0.020661608531949812, 0.002033054017080444
12.3, 0.0019942964582542904, 0.020204794046132173, 0.21125365727380563, 0.020204794046132287, 0.001994296458254293
12.4, 0.0019562836372194474, 0.01975962262330691, 0.2112469355282387, 0.019759622623306817, 0.0019562836372194535
12.5, 0.0019190010055962488, 0.019325733875958023, 0.21124036326473253, 0.019325733875958054, 0.001919001005596273
12.6, 0.0018824343093310047, 0.018902779849724254, 0.21123393691825756, 0.018902779849724154, 0.0018824343093309986
12.7, 0.0018465695822828206, 0.018490424803907154, 0.211227653020565, 0.01849042480390699, 0.0018465695822828083
12.8, 0.001811393139972524, 0.01808834494180318, 0.2112215081969491, 0.0180883449418034, 0.0018113931399725645
12.9, 0.0017768915734881925, 0.017696228102755524, 0.2112154991631986, 0.017696228102755365, 0.0017768915734881737
13.0, 0.0017430517435419808, 0.017313773425997245, 0.21120962272256272, 0.017313773425997468, 0.0017430517435419559
13.1, 0.0017098607746746275, 0.016940690994759613, 0.21120387576298538, 0.016940690994759477, 0.0017098607746746524
13.2, 0.0016773060496019037, 0.016576701467676702, 0.2111982552543567, 0.016576701467677143, 0.0016773060496019048
13.3, 0.0016453752036988964, 0.016221535703294238, 0.21119275824589037, 0.016221535703294054, 0.0016453752036988804
13.4, 0.0016140561196185863, 0.015874934382391646, 0.21118738186363636, 0.01587493438239197, 0.0016140561196185694
13.5, 0.0015833369220397632, 0.015536647631939755, 0.21118212330808475, 0.015536647631939618, 0.0015833369220397927
13.6, 0.0015532059725410449, 0.015206434653688369, 0.2111769798518389, 0.015206434653688287, 0.0015532059725410548
13.7, 0.0015236518645969385, 0.014884063359758852, 0.21117194883741092, 0.014884063359758792, 0.0015236518645969398
13.8, 0.0014946634186926734, 0.014569310017033241, 0.211167027675088, 0.014569310017033274, 0.001494663418692675
13.9, 0.001466229677553958, 0.014261958901682505, 0.2111622138408792, 0.01426195890168285, 0.0014662296775539484
14.0, 0.0014383399014887472, 0.013961801964795554, 0.21115750487454327, 0.013961801964795488, 0.0014383399014887507
14.1, 0.0014109835638376179, 0.013668638509750529, 0.21115289837771514, 0.013668638509750568, 0.0014109835638376213
14.2, 0.0013841503465297342, 0.013382274881732414, 0.21114839201202687, 0.013382274881732228, 0.0013841503465297337
14.3, 0.0013578301357413313, 0.013102524169574352, 0.2111439834974077, 0.013102524169574166, 0.0013578301357413296
14.4, 0.0013320130176542526, 0.012829205919960689, 0.2111396706103588, 0.012829205919960564, 0.0013320130176542495
14.5, 0.0013066892743113085, 0.012562145863880504, 0.21113545118232538, 0.012562145863880353, 0.0013066892743113117
14.6, 0.0012818493795660987, 0.012301175655139515, 0.21113132309811522, 0.012301175655139445, 0.001281849379566095
14.7, 0.001257483995124616, 0.012046132620644365, 0.2111272842944108, 0.01204613262064449, 0.001257483995124622
14.8, 0.001233583966676451, 0.011796859522134308, 0.21112333275825568, 0.011796859522134358, 0.0012335839666764545
14.9, 0.0012101403201126382, 0.011553204328980259, 0.21111946652568264, 0.011553204328980266, 0.0012101403201126267
15.0, 0.001187144257828449, 0.011315020001650812, 0.21111568368033717, 0.011315020001650758, 0.00118714425782845
15.1, 0.0011645871551087402, 0.01108216428542668, 0.21111198235214812, 0.01108216428542668, 0.0011645871551087472
15.2, 0.0011424605565932891, 0.010854499513935785, 0.21110836071606162, 0.010854499513935799, 0.0011424605565932909
15.3, 0.0011207561728205468, 0.010631892422074048, 0.21110481699081904, 0.010631892422074058, 0.0011207561728205637
15.4, 0.0010994658768479577, 0.01041421396788827, 0.21110134943775136, 0.010414213967888277, 0.0010994658768479454
15.5, 0.0010785817009458724, 0.01020133916299578, 0.21109795635965, 0.01020133916299571, 0.0010785817009458624
15.6, 0.0010580958333645067, 0.009993146911128825, 0.2110946360996306, 0.009993146911128861, 0.0010580958333645145
15.7, 0.001038000615171195, 0.009789519854403341, 0.21109138704006647, 0.00978951985440345, 0.001038000615171202
15.8, 0.0010182885371565003, 0.009590344226925854, 0.21108820760156108, 0.009590344226925975, 0.001018288537156492
15.9, 0.000998952236807448, 0.009395509715362469, 0.21108509624190544, 0.009395509715362418, 0.0009989522368074352
16.0, 0.000979984495346157, 0.009204909326114721, 0.21108205145513909, 0.009204909326114629, 0.0009799844953461724
16.1, 0.0009613782348325497, 0.009018439258758849, 0.21107907177057716, 0.009018439258758832, 0.0009613782348325684
16.2, 0.0009431265153289365, 0.008835998785423495, 0.21107615575190783, 0.00883599878542342, 0.0009431265153289438
16.3, 0.0009252225321257428, 0.008657490135791856, 0.21107330199629165, 0.00865749013579167, 0.000925222532125746
16.4, 0.0009076596130263794, 0.008482818387434974, 0.2110705091335176, 0.00848281838743504, 0.0009076596130263925
16.5, 0.0008904312156900126, 0.008311891361196214, 0.2110677758251415, 0.00831189136119622, 0.0008904312156900225
16.6, 0.0008735309250308338, 0.008144619521355954, 0.2110651007637008, 0.008144619521356007, 0.0008735309250308149
16.7, 0.0008569524506724293, 0.007980915880332227, 0.21106248267192138, 0.007980915880332215, 0.0008569524506724267
16.8, 0.0008406896244561501, 0.007820695907671746, 0.2110599203019461, 0.007820695907671715, 0.0008406896244561517
16.9, 0.0008247363980019234, 0.007663877443108918, 0.21105741243460738, 0.007663877443108896, 0.0008247363980019173
17.0, 0.0008090868403204267, 0.007510380613480656, 0.2110549578786981, 0.007510380613480664, 0.000809086840320423
17.1, 0.0007937351354755009, 0.0073601277532930375, 0.21105255547027413, 0.007360127753293, 0.0007937351354755149
17.2, 0.0007786755802954725, 0.007213043328751761, 0.21105020407198904, 0.007213043328751789, 0.0007786755802954744
17.3, 0.0007639025821323586, 0.007069053865076718, 0.21104790257242018, 0.007069053865076591, 0.000763902582132362
17.4, 0.0007494106566678363, 0.006928087876929578, 0.2110456498854433, 0.006928087876929522, 0.0007494106566678326
17.5, 0.0007351944257648834, 0.006790075801797618, 0.2110434449495991, 0.006790075801797558, 0.0007351944257648828
17.6, 0.000721248615364082, 0.006654949936180046, 0.21104128672749078, 0.0066549499361800955, 0.0007212486153640837
17.7, 0.0007075680534235343, 0.006522644374437081, 0.21103917420521134, 0.006522644374437126, 0.0007075680534235366
17.8, 0.0006941476679013917, 0.006393094950165022, 0.2110371063917428, 0.006393094950164977, 0.0006941476679013943
17.9, 0.0006809824847801046, 0.006266239179973709, 0.2110350823184523, 0.006266239179973779, 0.0006809824847801027
18.0, 0.0006680676261314635, 0.006142016209544501, 0.21103310103847872, 0.006142016209544549, 0.0006680676261314639
18.1, 0.0006553983082212991, 0.006020366761857022, 0.2110311616262759, 0.006020366761857013, 0.0006553983082213003
18.2, 0.0006429698396533238, 0.005901233087477993, 0.21102926317707013, 0.005901233087478024, 0.0006429698396533248
18.3, 0.0006307776195509234, 0.005784558916813016, 0.21102740480635157, 0.005784558916812981, 0.0006307776195509225
18.4, 0.0006188171357762183, 0.005670289414223934, 0.21102558564942667, 0.005670289414223912, 0.0006188171357762191
18.5, 0.0006070839631855603, 0.00555837113392435, 0.21102380486091005, 0.005558371133924339, 0.0006070839631855586
18.6, 0.0005955737619205737, 0.00544875197756909, 0.21102206161428405, 0.005448751977569096, 0.0005955737619205716
18.7, 0.0005842822757341469, 0.005341381153454964, 0.21102035510144923, 0.005341381153454991, 0.0005842822757341445
18.8, 0.0005732053303502933, 0.005236209137260628, 0.2110186845322978, 0.005236209137260563, 0.000573205330350296
18.9, 0.0005623388318575897, 0.005133187634251178, 0.21101704913427238, 0.005133187634251139, 0.0005623388318575951
19.0, 0.0005516787651349868, 0.005032269542883437, 0.21101544815196593, 0.00503226954288342, 0.0005516787651349812
19.1, 0.0005412211923096096, 0.004933408919743947, 0.21101388084671877, 0.004933408919743954, 0.0005412211923096064
19.2, 0.0005309622512458377, 0.004836560945762723, 0.21101234649622205, 0.004836560945762743, 0.000530962251245836
19.3, 0.0005208981540647381, 0.0047416818936436966, 0.21101084439414416, 0.004741681893643715, 0.0005208981540647373
19.4, 0.0005110251856935235, 0.004648729096458638, 0.21100937384974966, 0.004648729096458662, 0.0005110251856935193
19.5, 0.0005013397024441849, 0.0045576609173523085, 0.2110079341875445, 0.004557660917352338, 0.0005013397024441786
19.6, 0.0004918381306207437, 0.004468436720311232, 0.21100652474692186, 0.00446843672031121, 0.0004918381306207526
19.7, 0.0004825169651544997, 0.004381016841949457, 0.21100514488181235, 0.0043810168419494725, 0.00048251696515450205
19.8, 0.00047337276826665554, 0.004295362564267627, 0.211003793960356, 0.004295362564267579, 0.00047337276826665316
19.9, 0.00046440216815778776, 0.00421143608834412, 0.21100247136457126, 0.004211436088344173, 0.00046440216815778727
20.0, 0.00045560185772361276, 0.004129200508918873, 0.21100117649003092, 0.0041292005089188745, 0.00045560185772361395
20.1, 0.00044696859329635563, 0.004048619789832301, 0.21099990874556332, 0.004048619789832287, 0.0004469685932963473
20.2, 0.00043849919341132116, 0.003969658740284133, 0.2109986675529375, 0.003969658740284185, 0.00043849919341131546
20.3, 0.00043019053759811945, 0.003892282991878654, 0.21099745234657508, 0.003892282991878637, 0.00043019053759811755
20.4, 0.00042203956519596574, 0.0038164589764233007, 0.21099626257325688, 0.0038164589764233038, 0.00042203956519596303
20.5, 0.0004140432741925723, 0.003742153904451815, 0.21099509769183505, 0.003742153904451805, 0.00041404327419256303
20.6, 0.00040619872008614965, 0.0036693357444412935, 0.21099395717298966, 0.0036693357444413143, 0.0004061987200861542
20.7, 0.0003985030147701355, 0.00359797320269669, 0.21099284049890604, 0.003597973202696684, 0.00039850301477013583
20.8, 0.0003909533254398856, 0.003528035703876202, 0.2109917471630701, 0.00352803570387625, 0.00039095332543988417
20.9, 0.0003835468735212395, 0.0034594933721321538, 0.21099067666996538, 0.0034594933721320996, 0.0003835468735212403
21.0, 0.00037628093362022876, 0.003392317012844084, 0.21098962853487085, 0.0033923170128440597, 0.00037628093362022784
21.1, 0.0003691528324936416, 0.003326478094921236, 0.21098860228356597, 0.003326478094921226, 0.0003691528324936412
21.2, 0.00036215994803993684, 0.003261948733652483, 0.21098759745215173, 0.003261948733652506, 0.00036215994803993825
21.3, 0.00035529970831009173, 0.003198701674083239, 0.21098661358675935, 0.0031987016740832683, 0.00035529970831009325
21.4, 0.0003485695905380644, 0.0031367102748997397, 0.2109856502433639, 0.0031367102748997094, 0.00034856959053806416
21.5, 0.000341967120190274, 0.0030759484928016335, 0.2109847069875662, 0.00307594849280163, 0.0003419671201902752
21.6, 0.0003354898700339817, 0.0030163908673451817, 0.21098378339433643, 0.003016390867345167, 0.0003354898700339795
21.7, 0.00032913545922390384, 0.0029580125062395536, 0.2109828790478606, 0.002958012506239554, 0.0003291354592239011
21.8, 0.00032290155240687144, 0.0029007890710801513, 0.21098199354128355, 0.002900789071080155, 0.00032290155240687383
21.9, 0.00031678585884410264, 0.002844696763503074, 0.2109811264765438, 0.002844696763503085, 0.0003167858588441047
22.0, 0.0003107861315507342, 0.002789712311745501, 0.21098027746416623, 0.0027897123117454933, 0.00031078613155073164
22.1, 0.0003049001664522231, 0.0027358129575982847, 0.21097944612305855, 0.0027358129575982834, 0.00030490016645221885
22.2, 0.0002991258015573966, 0.0026829764437360354, 0.21097863208034848, 0.0026829764437360485, 0.00029912580155739817
22.3, 0.00029346091614763036, 0.0026311810014127157, 0.21097783497118064, 0.0026311810014127365, 0.0002934609161476314
22.4, 0.0002879034299819804, 0.0025804053385086274, 0.21097705443855094, 0.0025804053385085996, 0.0002879034299819836
22.5, 0.00028245130251787444, 0.0025306286279184994, 0.2109762901331294, 0.002530628627918499, 0.00028245130251787915
22.6, 0.0002771025321470872, 0.002481830496267179, 0.21097554171308208, 0.002481830496267197, 0.00027710253214708935
22.7, 0.0002718551554465865, 0.0024339910129437202, 0.21097480884391923, 0.00243399101294368, 0.0002718551554465865
22.8, 0.0002667072464441499, 0.0023870906794410287, 0.21097409119833413, 0.002387090679441035, 0.0002667072464441467
22.9, 0.0002616569158982281, 0.0023411104189935638, 0.2109733884560142, 0.0023411104189935677, 0.00026165691589822513
23.0, 0.00025670231059191507, 0.0022960315665002825, 0.21097270030354048, 0.00229603156650029, 0.0002567023105919186
23.1, 0.00025184161264070866, 0.002251835858725889, 0.21097202643417676, 0.0022518358587258827, 0.0002518416126407129
23.2, 0.00024707303881376497, 0.002208505424769857, 0.2109713665477664, 0.0022085054247698356, 0.0002470730388137703
23.3, 0.00024239483986836425, 0.002166022776794994, 0.21097072035056544, 0.002166022776795004, 0.00024239483986836596
23.4, 0.0002378052998973802, 0.002124370801007342, 0.2109700875551138, 0.002124370801007321, 0.00023780529989737397
23.5, 0.00023330273568942606, 0.0020835327488789314, 0.21096946788008716, 0.00208353274887892, 0.00023330273568942383
23.6, 0.00022888549610148199, 0.002043492228606186, 0.2109688610501729, 0.0020434922286061983, 0.00022888549610147795
23.7, 0.00022455196144370883, 0.002004233196796064, 0.21096826679592373, 0.002004233196796051, 0.0002245519614437061
23.8, 0.00022030054287621332, 0.001965739950372944, 0.21096768485365158, 0.001965739950372945, 0.00022030054287621164
23.9, 0.00021612968181755965, 0.0019279971186995644, 0.2109671149652756, 0.0019279971186995537, 0.00021612968181756095
24.0, 0.000212037849364765, 0.0018909896559050467, 0.2109665568782235, 0.0018909896559050508, 0.00021203784936476373
24.1, 0.00020802354572452096, 0.0018547028334137967, 0.21096601034529386, 0.001854702833413826, 0.00020802354572452286
24.2, 0.00020408529965551013, 0.0018191222326692134, 0.21096547512454986, 0.0018191222326692147, 0.0002040852996555124
24.3, 0.0002002216679214822, 0.0017842337380459218, 0.21096495097919557, 0.0017842337380459185, 0.00020022166792148366
24.4, 0.00019643123475496962, 0.0017500235299450987, 0.21096443767747394, 0.0017500235299451302, 0.00019643123475496677
24.5, 0.00019271261133136546, 0.0017164780780676834, 0.21096393499255295, 0.0017164780780676808, 0.00019271261133136364
24.6, 0.000189064435253232, 0.0016835841348591418, 0.21096344270240786, 0.0016835841348591435, 0.00018906443525323324
24.7, 0.00018548537004452694, 0.0016513287291218303, 0.21096296058974162, 0.0016513287291218379, 0.00018548537004452534
24.8, 0.00018197410465468173, 0.0016196991597892435, 0.21096248844186255, 0.0016196991597892713, 0.00018197410465468092
24.9, 0.00017852935297222079, 0.0015886829898577159, 0.21096202605058284, 0.001588682989857716, 0.0001785293529722215
25.0, 0.00017514985334783132, 0.0015582680404706774, 0.210961573212129, 0.0015582680404706698, 0.0001751498533478306
25.1, 0.00017183436812660607, 0.0015284423851514245, 0.21096112972705092, 0.0015284423851514082, 0.0001718343681266059
25.2, 0.00016858168318934207, 0.0014991943441797612, 0.21096069540012355, 0.0014991943441797664, 0.00016858168318934123
25.3, 0.00016539060750272257, 0.00147051247910841, 0.21096027004024379, 0.0014705124791084083, 0.0001653906075027244
25.4, 0.0001622599726781277, 0.00144238558741542, 0.2109598534603619, 0.0014423855874154273, 0.0001622599726781278
25.5, 0.0001591886325390027, 0.0014148026972883182, 0.21095944547737797, 0.0014148026972883177, 0.00015918863253900142
25.6, 0.0001561754626965553, 0.0013877530625366254, 0.2109590459120632, 0.0013877530625366191, 0.00015617546269655592
25.7, 0.00015321936013363766, 0.0013612261576288066, 0.21095865458898472, 0.001361226157628812, 0.00015321936013363736
25.8, 0.0001503192427966394, 0.0013352116728504223, 0.21095827133639472, 0.0013352116728504223, 0.0001503192427966377
25.9, 0.00014747404919526503, 0.0013096995095799137, 0.21095789598619463, 0.0013096995095799107, 0.00014747404919526332
26.0, 0.00014468273800999067, 0.0012846797756787104, 0.2109575283738219, 0.0012846797756787042, 0.0001446827380099888
26.1, 0.00014194428770710827, 0.001260142780992793, 0.2109571683381834, 0.0012601427809927962, 0.00014194428770710886
26.2, 0.0001392576961611698, 0.0012360790329621245, 0.21095681572158775, 0.0012360790329621243, 0.00013925769616116994
26.3, 0.00013662198028468054, 0.0012124792323355675, 0.2109564703696615, 0.0012124792323355755, 0.00013662198028468138
26.4, 0.00013403617566493938, 0.0011893342689879415, 0.21095613213129077, 0.0011893342689879515, 0.0001340361756649411
26.5, 0.00013149933620785703, 0.0011666352178367311, 0.21095580085853533, 0.0011666352178367363, 0.00013149933620785738
26.6, 0.0001290105337886001, 0.0011443733348555118, 0.21095547640658044, 0.0011443733348555129, 0.0001290105337886009
26.7, 0.000126568857908989, 0.001122540053181834, 0.21095515863365238, 0.0011225400531818257, 0.00012656885790899037
26.8, 0.00012417341536144196, 0.0011011269793165259, 0.21095484740096201, 0.0011011269793165007, 0.00012417341536144163
26.9, 0.00012182332989938319, 0.001080125889412449, 0.21095454257262986, 0.0010801258894124267, 0.00012182332989938272
27.0, 0.00011951774191400197, 0.0010595287256501616, 0.2109542440156481, 0.0010595287256501737, 0.00011951774191400114
27.1, 0.0001172558081171909, 0.0010393275926980476, 0.2109539515997873, 0.001039327592698046, 0.00011725580811719239
27.2, 0.00011503670123057061, 0.0010195147542547383, 0.2109536651975685, 0.0010195147542547483, 0.00011503670123057202
27.3, 0.00011285960968049615, 0.0010000826296719626, 0.2109533846841815, 0.0010000826296719745, 0.0001128596096804981
27.4, 0.00011072373729890409, 0.0009810237906552638, 0.21095310993743227, 0.0009810237906552803, 0.0001107237372989032
27.5, 0.00010862830302989434, 0.0009623309580408856, 0.21095284083769672, 0.0009623309580408966, 0.00010862830302989492
27.6, 0.00010657254064194373, 0.0009439969986466524, 0.21095257726785996, 0.0009439969986466581, 0.00010657254064194257
27.7, 0.00010455569844562767, 0.0009260149221951132, 0.21095231911325704, 0.0009260149221951262, 0.00010455569844562788
27.8, 0.00010257703901676285, 0.0009083778783069296, 0.2109520662616377, 0.0009083778783069181, 0.0001025770390167626
27.9, 0.00010063583892483368, 0.0008910791535628157, 0.21095181860309128, 0.0008910791535627889, 0.00010063583892483336
28.0, 9.873138846664453e-5, 0.0008741121686321667, 0.21095157603001127, 0.0008741121686321606, 9.873138846664538e-5
28.1, 9.686299140505421e-5, 0.0008574704754668281, 0.2109513384370524, 0.000857470475466831, 9.686299140505428e-5
28.2, 9.502996471271167e-5, 0.000841147754558248, 0.2109511057210635, 0.0008411477545582413, 9.50299647127119e-5
28.3, 9.323163832071476e-5, 0.0008251378122563964, 0.21095087778106533, 0.0008251378122564043, 9.323163832071503e-5
28.4, 9.146735487205959e-5, 0.0008094345781490353, 0.21095065451817493, 0.000809434578149034, 9.146735487205944e-5
28.5, 8.973646947981299e-5, 0.0007940321024995895, 0.2109504358355858, 0.0007940321024995917, 8.973646947981239e-5
28.6, 8.803834948990835e-5, 0.0007789245537424865, 0.2109502216385215, 0.0007789245537424899, 8.803834948990846e-5
28.7, 8.63723742484934e-5, 0.0007641062160341865, 0.2109500118341709, 0.000764106216034184, 8.637237424849331e-5
28.8, 8.473793487368992e-5, 0.0007495714868588022, 0.2109498063316773, 0.0007495714868588024, 8.473793487368964e-5
28.9, 8.313443403176514e-5, 0.000735314874686751, 0.21094960504206467, 0.0007353148746867524, 8.31344340317656e-5
29.0, 8.15612857175352e-5, 0.0007213309966852913, 0.2109494078782355, 0.0007213309966852895, 8.156128571753492e-5
29.1, 8.001791503899517e-5, 0.0007076145764795843, 0.2109492147548929, 0.0007076145764795845, 8.00179150389945e-5
29.2, 7.850375800605e-5, 0.0006941604419630942, 0.2109490255885255, 0.000694160441963091, 7.850375800605001e-5
29.3, 7.701826132328243e-5, 0.0006809635231560504, 0.21094884029736474, 0.0006809635231560538, 7.70182613232827e-5
29.4, 7.556088218668625e-5, 0.0006680188501109246, 0.21094865880135177, 0.0006680188501109213, 7.556088218668559e-5
29.5, 7.413108808426587e-5, 0.0006553215508636238, 0.21094848102208635, 0.0006553215508636266, 7.413108808426537e-5
29.6, 7.27283566004612e-5, 0.0006428668494295332, 0.2109483068828095, 0.0006428668494295368, 7.272835660046044e-5
29.7, 7.135217522428885e-5, 0.0006306500638430348, 0.21094813630835985, 0.0006306500638430356, 7.135217522428928e-5
29.8, 7.000204116115471e-5, 0.0006186666042397184, 0.2109479692251427, 0.0006186666042397182, 7.000204116115476e-5
29.9, 6.867746114825319e-5, 0.0006069119709801123, 0.21094780556108905, 0.0006069119709801152, 6.8677461148254e-5
30.0, 6.737795127349493e-5, 0.000595381752814035, 0.21094764524564105, 0.0005953817528140337, 6.73779512734954e-5
30.1, 6.610303679787674e-5, 0.0005840716250845554, 0.21094748820970058, 0.0005840716250845552, 6.610303679787576e-5
30.2, 6.485225198124606e-5, 0.0005729773479706026, 0.21094733438561628, 0.0005729773479706016, 6.485225198124558e-5
30.3, 6.362513991139421e-5, 0.0005620947647673746, 0.21094718370713178, 0.0005620947647673774, 6.36251399113934e-5
30.4, 6.242125233639733e-5, 0.0005514198002036342, 0.2109470361093811, 0.0005514198002036432, 6.242125233639544e-5
30.5, 6.124014950015786e-5, 0.000540948458795065, 0.2109468915288365, 0.0005409484587950613, 6.124014950015741e-5
30.6, 6.008139998108221e-5, 0.0005306768232326446, 0.2109467499032965, 0.0005306768232326509, 6.008139998108283e-5
30.7, 5.894458053383367e-5, 0.0005206010528056578, 0.21094661117184282, 0.0005206010528056508, 5.8944580533833824e-5
30.8, 5.7829275934092515e-5, 0.0005107173818579225, 0.21094647527484256, 0.00051071738185793, 5.782927593409294e-5
30.9, 5.673507882628846e-5, 0.0005010221182771733, 0.2109463421538797, 0.000501022118277172, 5.673507882628807e-5
31.0, 5.5661589574216854e-5, 0.0004915116420161377, 0.2109462117517657, 0.0004915116420161348, 5.566158957421692e-5
31.1, 5.460841611451787e-5, 0.00048218240364512053, 0.2109460840124911, 0.0004821824036451202, 5.4608416114518e-5
31.2, 5.357517381293148e-5, 0.0004730309229350882, 0.21094595888120654, 0.0004730309229350972, 5.3575173812931e-5
31.3, 5.2561485323296423e-5, 0.0004640537874706251, 0.21094583630421454, 0.00046405378747062633, 5.25614853232958e-5
31.4, 5.156698044923487e-5, 0.0004552476512920767, 0.21094571622890954, 0.0004552476512920773, 5.156698044923581e-5
31.5, 5.059129600846972e-5, 0.0004466092335662476, 0.2109455986037976, 0.000446609233566253, 5.0591296008470194e-5
31.6, 4.9634075699719604e-5, 0.00043813531728494715, 0.21094548337844532, 0.0004381353172849491, 4.9634075699719604e-5
31.7, 4.86949699721346e-5, 0.0004298227479907964, 0.2109453705034582, 0.00042982274799079225, 4.869496997213436e-5
31.8, 4.7773635897214474e-5, 0.00042166843252969033, 0.2109452599304694, 0.00042166843252968713, 4.777363589721445e-5
31.9, 4.686973704316122e-5, 0.000413669337829253, 0.2109451516121199, 0.0004136693378292545, 4.686973704316094e-5
32.0, 4.598294335162522e-5, 0.0004058224897027572, 0.21094504550202062, 0.0004058224897027573, 4.5982943351625326e-5
32.1, 4.5112931016797224e-5, 0.0003981249716779299, 0.21094494155474558, 0.00039812497167793416, 4.5112931016796824e-5
32.2, 4.425938236679657e-5, 0.00039057392385009193, 0.2109448397258207, 0.000390573923850096, 4.425938236679656e-5
32.3, 4.342198574731943e-5, 0.00038316654175903384, 0.2109447399716793, 0.00038316654175903466, 4.342198574731932e-5
32.4, 4.260043540749914e-5, 0.00037590007528917624, 0.21094464224965692, 0.0003759000752891774, 4.260043540749916e-5
32.5, 4.17944313879324e-5, 0.0003687718275924777, 0.21094454651797714, 0.00036877182759247626, 4.179443138793272e-5
32.6, 4.100367941084604e-5, 0.00036177915403353534, 0.21094445273572945, 0.00036177915403353344, 4.100367941084621e-5
32.7, 4.0227890772337666e-5, 0.0003549194611564432, 0.21094436086283608, 0.0003549194611564406, 4.022789077233792e-5
32.8, 3.946678223667467e-5, 0.00034819020567294234, 0.21094427086006737, 0.00034819020567294304, 3.946678223667512e-5
32.9, 3.87200759326015e-5, 0.00034158889347131005, 0.21094418268898613, 0.0003415888934713121, 3.872007593260171e-5
33.0, 3.798749925161614e-5, 0.00033511307864564057, 0.21094409631195707, 0.00033511307864563943, 3.798749925161622e-5
33.1, 3.7268784748178017e-5, 0.00032876036254497266, 0.21094401169212204, 0.000328760362544973, 3.726878474817769e-5
33.2, 3.656367004181605e-5, 0.0003225283928419526, 0.21094392879338952, 0.0003225283928419528, 3.6563670041816385e-5
33.3, 3.587189772110043e-5, 0.0003164148626204096, 0.2109438475803996, 0.0003164148626204105, 3.5871897721100645e-5
33.4, 3.519321524942476e-5, 0.00031041750948167685, 0.21094376801853185, 0.0003104175094816768, 3.5193215249425075e-5
33.5, 3.452737487259682e-5, 0.00030453411466908566, 0.2109436900738787, 0.00030453411466908425, 3.452737487259698e-5
33.6, 3.38741335281729e-5, 0.0002987625022102336, 0.21094361371323256, 0.00029876250221023124, 3.387413352817321e-5
33.7, 3.3233252756515606e-5, 0.00029310053807678145, 0.2109435389040708, 0.0002931005380767814, 3.323325275651549e-5
33.8, 3.260449861354616e-5, 0.0002875461293612392, 0.2109434656145393, 0.0002875461293612406, 3.260449861354604e-5
33.9, 3.19876415851497e-5, 0.00028209722347052386, 0.2109433938134391, 0.00028209722347052126, 3.198764158514998e-5
34.0, 3.138245650320884e-5, 0.0002767518073357341, 0.21094332347022465, 0.00027675180733573396, 3.138245650320879e-5
34.1, 3.0788722463227695e-5, 0.0002715079066380676, 0.2109432545549639, 0.0002715079066380701, 3.078872246322791e-5
34.2, 3.0206222743527113e-5, 0.00026636358505026104, 0.2109431870383533, 0.0002663635850502587, 3.020622274352671e-5
34.3, 2.9634744725966304e-5, 0.0002613169434934037, 0.21094312089169273, 0.0002613169434934002, 2.9634744725965576e-5
34.4, 2.9074079818174503e-5, 0.00025636611940872, 0.21094305608686106, 0.00025636611940872206, 2.9074079818174907e-5
34.5, 2.8524023377261342e-5, 0.00025150928604402464, 0.21094299259633736, 0.0002515092860440221, 2.852402337726105e-5
34.6, 2.7984374634966697e-5, 0.0002467446517545327, 0.21094293039314227, 0.0002467446517545312, 2.7984374634966887e-5
34.7, 2.7454936624243857e-5, 0.00024207045931772325, 0.21094286945086407, 0.00024207045931771994, 2.7454936624243382e-5
34.8, 2.6935516107222364e-5, 0.00023748498526194556, 0.21094280974363727, 0.000237484985261946, 2.6935516107222073e-5
34.9, 2.642592350455119e-5, 0.00023298653920853437, 0.21094275124613102, 0.00023298653920853776, 2.642592350455098e-5
35.0, 2.5925972826073333e-5, 0.00022857346322704562, 0.21094269393351936, 0.00022857346322704533, 2.5925972826073048e-5
35.1, 2.5435481602822878e-5, 0.00022424413120344418, 0.21094263778150008, 0.0002242441312034409, 2.5435481602822627e-5
35.2, 2.4954270820305948e-5, 0.00021999694822089563, 0.2109425827662667, 0.0002199969482208976, 2.4954270820306002e-5
35.3, 2.4482164853054703e-5, 0.00021583034995296914, 0.21094252886450232, 0.0002158303499529647, 2.4482164853054503e-5
35.4, 2.4018991400417503e-5, 0.00021174280206888956, 0.21094247605336125, 0.00021174280206888928, 2.4018991400417662e-5
35.5, 2.3564581423570293e-5, 0.00020773279965070475, 0.21094242431048094, 0.00020773279965070494, 2.356458142357039e-5
35.6, 2.3118769083722164e-5, 0.00020379886662202064, 0.210942373613948, 0.00020379886662202242, 2.3118769083722263e-5
35.7, 2.268139168149477e-5, 0.00019993955518814128, 0.21094232394230644, 0.00019993955518814483, 2.268139168149493e-5
35.8, 2.225228959744695e-5, 0.00019615344528731753, 0.21094227527452916, 0.00019615344528731504, 2.225228959744698e-5
35.9, 2.183130623373609e-5, 0.00019243914405287803, 0.21094222759002831, 0.00019243914405287817, 2.183130623373604e-5
36.0, 2.1418287956876626e-5, 0.00018879528528610394, 0.21094218086863564, 0.0001887952852861032, 2.1418287956876592e-5
36.1, 2.1013084041590537e-5, 0.0001852205289394857, 0.21094213509059687, 0.0001852205289394862, 2.1013084041590615e-5
36.2, 2.0615546615721638e-5, 0.00018171356061025742, 0.2109420902365606, 0.00018171356061025555, 2.061554661572172e-5
36.3, 2.022553060619276e-5, 0.0001782730910439374, 0.21094204628757854, 0.00017827309104393723, 2.0225530606192664e-5
36.4, 1.984289368598976e-5, 0.00017489785564771748, 0.2109420032250809, 0.00017489785564771794, 1.9842893685989677e-5
36.5, 1.9467496222148436e-5, 0.00017158661401344604, 0.21094196103088542, 0.00017158661401344455, 1.946749622214837e-5
36.6, 1.9099201224733373e-5, 0.0001683381494500404, 0.21094191968717435, 0.00016833814945003983, 1.9099201224733512e-5
36.7, 1.8737874296776673e-5, 0.00016515126852513213, 0.21094187917650495, 0.0001651512685251312, 1.873787429677652e-5
36.8, 1.8383383585171256e-5, 0.0001620248006157465, 0.21094183948177966, 0.00016202480061574566, 1.8383383585171256e-5
36.9, 1.8035599732493365e-5, 0.0001589575974678319, 0.2109418005862562, 0.00015895759746783222, 1.803559973249344e-5
37.0, 1.7694395829739063e-5, 0.00015594853276447576, 0.2109417624735408, 0.0001559485327644764, 1.7694395829739212e-5
37.1, 1.7359647369956362e-5, 0.00015299650170260253, 0.2109417251275599, 0.00015299650170260207, 1.7359647369956474e-5
37.2, 1.7031232202756413e-5, 0.00015010042057800614, 0.21094168853257625, 0.00015010042057800644, 1.7031232202756433e-5
37.3, 1.6709030489687434e-5, 0.0001472592263785289, 0.2109416526731784, 0.00014725922637852742, 1.6709030489687478e-5
37.4, 1.6392924660454292e-5, 0.00014447187638522892, 0.21094161753425814, 0.00014447187638522884, 1.6392924660454282e-5
37.5, 1.6082799369967442e-5, 0.00014173734778137774, 0.21094158310102415, 0.0001417373477813775, 1.608279936996745e-5
37.6, 1.5778541456208314e-5, 0.00013905463726913278, 0.2109415493589821, 0.00013905463726913273, 1.5778541456208022e-5
37.7, 1.548003989888894e-5, 0.00013642276069369434, 0.2109415162939362, 0.00013642276069369432, 1.548003989888887e-5
37.8, 1.5187185778900229e-5, 0.00013384075267484813, 0.21094148389197376, 0.00013384075267484918, 1.5187185778900204e-5
37.9, 1.4899872238525553e-5, 0.0001313076662457257, 0.21094145213947485, 0.00013130766624572596, 1.4899872238525406e-5
38.0, 1.4617994442408554e-5, 0.0001288225724985922, 0.2109414210230915, 0.00012882257249858853, 1.4617994442408546e-5
38.1, 1.4341449539262603e-5, 0.0001263845602376019, 0.2109413905297376, 0.00012638456023760368, 1.4341449539262401e-5
38.2, 1.4070136624303356e-5, 0.00012399273563831498, 0.21094136064661168, 0.00012399273563831425, 1.4070136624303385e-5
38.3, 1.3803956702395756e-5, 0.00012164622191385205, 0.21094133136115453, 0.00012164622191385103, 1.3803956702396046e-5
38.4, 1.3542812651897313e-5, 0.00011934415898759313, 0.21094130266107253, 0.00011934415898759535, 1.3542812651897298e-5
38.5, 1.328660918918732e-5, 0.0001170857031722339, 0.21094127453432016, 0.0001170857031722351, 1.3286609189187191e-5
38.6, 1.3035252833868264e-5, 0.00011487002685510636, 0.2109412469690904, 0.00011487002685510633, 1.3035252833868413e-5
38.7, 1.2788651874627952e-5, 0.00011269631818962786, 0.21094121995381973, 0.0001126963181896278, 1.2788651874628096e-5
38.8, 1.2546716335744789e-5, 0.00011056378079276332, 0.2109411934771801, 0.00011056378079276411, 1.2546716335744755e-5
38.9, 1.2309357944231116e-5, 0.00010847163344837008, 0.2109411675280654, 0.00010847163344836867, 1.230935794423104e-5
39.0, 1.2076490097598351e-5, 0.00010641910981630251, 0.2109411420956047, 0.00010641910981630295, 1.207649009759847e-5
39.1, 1.1848027832231332e-5, 0.00010440545814719691, 0.21094111716914074, 0.00010440545814719801, 1.1848027832231246e-5
39.2, 1.1623887792363772e-5, 0.00010242994100276713, 0.21094109273822265, 0.00010242994100276714, 1.1623887792363701e-5
39.3, 1.1403988199639432e-5, 0.00010049183498156039, 0.2109410687926284, 0.00010049183498155885, 1.140398819963937e-5
39.4, 1.1188248823252655e-5, 9.85904304500086e-5, 0.2109410453223257, 9.859043045001026e-5, 1.1188248823252601e-5
39.5, 1.0976590950651259e-5, 9.672503127872881e-5, 0.21094102231749295, 9.672503127872941e-5, 1.0976590950651254e-5
39.6, 1.076893735879692e-5, 9.489495458390545e-5, 0.21094099976850608, 9.489495458390445e-5, 1.0768937358796937e-5
39.7, 1.0565212285969319e-5, 9.309953047370614e-5, 0.21094097766592773, 9.309953047370603e-5, 1.0565212285969395e-5
39.8, 1.0365341404103906e-5, 9.133810179960847e-5, 0.21094095600051435, 9.133810179960858e-5, 1.0365341404103872e-5
39.9, 1.0169251791653244e-5, 8.961002391253282e-5, 0.2109409347632067, 8.961002391253367e-5, 1.0169251791653234e-5
40.0, 9.976871906963781e-6, 8.791466442370162e-5, 0.2109409139451285, 8.791466442370194e-5, 9.976871906963786e-6
40.1, 9.788131562156563e-6, 8.625140297013179e-5, 0.2109408935375767, 8.62514029701317e-5, 9.788131562156636e-6
40.2, 9.602961897501372e-6, 8.461963098464792e-5, 0.2109408735320277, 8.461963098464856e-5, 9.602961897501392e-6
40.3, 9.421295356277095e-6, 8.301875147035919e-5, 0.21094085392012366, 8.30187514703595e-5, 9.421295356277125e-6
40.4, 9.243065660108504e-6, 8.144817877947551e-5, 0.21094083469367472, 8.144817877947629e-5, 9.243065660108394e-6
40.5, 9.068207784770191e-6, 7.990733839641368e-5, 0.21094081584465424, 7.990733839641322e-5, 9.068207784770103e-6
40.6, 8.896657936447402e-6, 7.839566672508166e-5, 0.21094079736518936, 7.839566672508132e-5, 8.896657936447319e-6
40.7, 8.728353528448745e-6, 7.691261088026866e-5, 0.2109407792475711, 7.69126108802688e-5, 8.728353528448693e-6
40.8, 8.563233158357045e-6, 7.545762848307039e-5, 0.21094076148424268, 7.545762848307002e-5, 8.56323315835714e-6
40.9, 8.401236585615935e-6, 7.403018746024146e-5, 0.21094074406779237, 7.403018746024089e-5, 8.4012365856158e-6
41.0, 8.242304709537868e-6, 7.262976584743258e-5, 0.2109407269909517, 7.262976584743293e-5, 8.242304709537958e-6
41.1, 8.0863795477317e-6, 7.125585159622132e-5, 0.21094071024660233, 7.125585159622047e-5, 8.086379547731653e-6
41.2, 7.933404214936201e-6, 6.990794238483893e-5, 0.21094069382776373, 6.99079423848395e-5, 7.933404214936208e-6
41.3, 7.78332290225523e-6, 6.858554543257169e-5, 0.21094067772758623, 6.858554543257131e-5, 7.783322902255197e-6
41.4, 7.636080856786577e-6, 6.72881773177117e-5, 0.21094066193936745, 6.728817731771061e-5, 7.636080856786538e-6
41.5, 7.491624361636727e-6, 6.601536379902869e-5, 0.21094064645652347, 6.601536379902732e-5, 7.491624361636822e-6
41.6, 7.349900716312231e-6, 6.476663964066168e-5, 0.21094063127259965, 6.476663964066209e-5, 7.349900716312119e-6
41.7, 7.210858217484648e-6, 6.354154844039624e-5, 0.21094061638127454, 6.354154844039635e-5, 7.210858217484597e-6
41.8, 7.074446140118337e-6, 6.233964246122529e-5, 0.21094060177633828, 6.233964246122619e-5, 7.074446140118401e-6
41.9, 6.940614718955773e-6, 6.116048246616084e-5, 0.2109405874517119, 6.11604824661609e-5, 6.940614718955814e-6
42.0, 6.809315130353668e-6, 6.000363755621262e-5, 0.2109405734014266, 6.0003637556211615e-5, 6.809315130353694e-6
42.1, 6.680499474462881e-6, 5.8868685011486e-5, 0.2109405596196288, 5.886868501148578e-5, 6.680499474462781e-6
42.2, 6.5541207577453546e-6, 5.775521013532473e-5, 0.21094054610057786, 5.775521013532496e-5, 6.554120757745422e-6
42.3, 6.430132875823081e-6, 5.6662806101449386e-5, 0.2109405328386481, 5.6662806101450165e-5, 6.430132875823065e-6
42.4, 6.3084905966503e-6, 5.5591073804031866e-5, 0.2109405198283092, 5.55910738040325e-5, 6.308490596650347e-6
42.5, 6.189149544005753e-6, 5.453962171063998e-5, 0.21094050706414474, 5.4539621710639975e-5, 6.189149544005781e-6
42.6, 6.072066181296065e-6, 5.3508065718011236e-5, 0.21094049454083882, 5.3508065718011596e-5, 6.072066181296028e-6
42.7, 5.957197795667284e-6, 5.2496029010587945e-5, 0.2109404822531715, 5.249602901058717e-5, 5.957197795667257e-6
42.8, 5.8445024824154426e-6, 5.1503141921762704e-5, 0.21094047019602605, 5.15031419217632e-5, 5.844502482415382e-6
42.9, 5.733939129693989e-6, 5.052904179779254e-5, 0.21094045836437794, 5.05290417977928e-5, 5.733939129693958e-6
43.0, 5.625467403509494e-6, 4.957337286430777e-5, 0.2109404467532957, 4.9573372864308786e-5, 5.6254674035094795e-6
43.1, 5.5190477330017816e-6, 4.863578609539066e-5, 0.21094043535794194, 4.863578609539067e-5, 5.519047733001792e-6
43.2, 5.414641296002925e-6, 4.771593908514929e-5, 0.21094042417355893, 4.771593908514933e-5, 5.414641296002939e-6
43.3, 5.312210004869486e-6, 4.681349592176822e-5, 0.21094041319549237, 4.681349592176874e-5, 5.312210004869476e-6
43.4, 5.2117164925822095e-6, 4.592812706395062e-5, 0.21094040241915768, 4.592812706395065e-5, 5.211716492582204e-6
43.5, 5.113124099110686e-6, 4.5059509219737296e-5, 0.21094039184006003, 4.505950921973735e-5, 5.113124099110672e-6
43.6, 5.0163968580339e-6, 4.420732522764482e-5, 0.21094038145377902, 4.420732522764488e-5, 5.016396858033891e-6
43.7, 4.921499483415406e-6, 4.337126394007002e-5, 0.21094037125598317, 4.337126394007007e-5, 4.921499483415416e-6
43.8, 4.828397356926879e-6, 4.255102010893153e-5, 0.21094036124241256, 4.255102010893144e-5, 4.82839735692691e-6
43.9, 4.737056515214898e-6, 4.174629427349765e-5, 0.21094035140887732, 4.174629427349767e-5, 4.737056515214896e-6
44.0, 4.647443637506927e-6, 4.0956792650353515e-5, 0.21094034175126733, 4.095679265035378e-5, 4.647443637506916e-6
44.1, 4.559526033452389e-6, 4.018222702547832e-5, 0.21094033226554348, 4.0182227025478395e-5, 4.559526033452396e-6
44.2, 4.473271631193445e-6, 3.942231464837867e-5, 0.21094032294773302, 3.9422314648379024e-5, 4.473271631193483e-6
44.3, 4.3886489656616245e-6, 3.8676778128253956e-5, 0.21094031379393216, 3.867677812825393e-5, 4.3886489656616414e-6
44.4, 4.30562716709599e-6, 3.7945345332130286e-5, 0.21094030480030287, 3.794534533212984e-5, 4.30562716709598e-6
44.5, 4.224175949778741e-6, 3.722774928495801e-5, 0.21094029596307098, 3.722774928495832e-5, 4.2241759497787376e-6
44.6, 4.144265600983698e-6, 3.652372807160365e-5, 0.21094028727852862, 3.652372807160323e-5, 4.144265600983685e-6
44.7, 4.065866970134485e-6, 3.583302474071647e-5, 0.21094027874302537, 3.583302474071668e-5, 4.065866970134457e-6
44.8, 3.988951458167563e-6, 3.5155387210435324e-5, 0.21094027035296475, 3.515538721043572e-5, 3.988951458167574e-6
44.9, 3.9134910070963966e-6, 3.4490568175888625e-5, 0.21094026210481598, 3.449056817588839e-5, 3.91349100709643e-6
45.0, 3.839458089773734e-6, 3.383832501846118e-5, 0.2109402539951015, 3.383832501846068e-5, 3.8394580897737554e-6
45.1, 3.7668256998467986e-6, 3.3198419716793564e-5, 0.21094024602039863, 3.319841971679408e-5, 3.7668256998468773e-6
45.2, 3.695567341903721e-6, 3.257061875947987e-5, 0.21094023817733545, 3.257061875948021e-5, 3.6955673419036887e-6
45.3, 3.6256570218050706e-6, 3.195469305942803e-5, 0.21094023046259566, 3.195469305942828e-5, 3.625657021805121e-6
45.4, 3.5570692371997273e-6, 3.1350417869853564e-5, 0.2109402228729042, 3.1350417869853916e-5, 3.55706923719973e-6
45.5, 3.4897789682194514e-6, 3.0757572701877936e-5, 0.21094021540504407, 3.075757270187814e-5, 3.4897789682194992e-6
45.6, 3.4237616683494003e-6, 3.017594124369316e-5, 0.21094020805583744, 3.017594124369312e-5, 3.423761668349407e-6
45.7, 3.358993255472341e-6, 2.9605311281272133e-5, 0.21094020082215806, 2.960531128127191e-5, 3.358993255472309e-6
45.8, 3.2954501030812254e-6, 2.904547462058599e-5, 0.21094019370091532, 2.904547462058639e-5, 3.295450103081226e-6
45.9, 3.2331090316590025e-6, 2.849622701130805e-5, 0.21094018668906964, 2.849622701130775e-5, 3.233109031658997e-6
46.0, 3.171947300221086e-6, 2.795736807196283e-5, 0.2109401797836169, 2.7957368071962625e-5, 3.171947300221043e-6
46.1, 3.1119425980177216e-6, 2.7428701216512487e-5, 0.21094017298159234, 2.742870121651243e-5, 3.111942598017747e-6
46.2, 3.053073036394063e-6, 2.6910033582333513e-5, 0.21094016628007017, 2.6910033582333134e-5, 3.053073036394064e-6
46.3, 2.9953171408033263e-6, 2.6401175959565532e-5, 0.21094015967616564, 2.640117595956515e-5, 2.9953171408033327e-6
46.4, 2.9386538429721067e-6, 2.5901942721809194e-5, 0.21094015316702258, 2.5901942721809523e-5, 2.9386538429721126e-6
46.5, 2.8830624732133495e-6, 2.5412151758141904e-5, 0.2109401467498208, 2.5412151758141904e-5, 2.883062473213344e-6
46.6, 2.828522752884436e-6, 2.493162440642325e-5, 0.2109401404217751, 2.4931624406423558e-5, 2.82852275288443e-6
46.7, 2.7750147869893342e-6, 2.4460185387879127e-5, 0.21094013418012708, 2.4460185387879357e-5, 2.7750147869893135e-6
46.8, 2.72251905691907e-6, 2.3997662742920914e-5, 0.2109401280221531, 2.3997662742921073e-5, 2.7225190569190747e-6
46.9, 2.6710164133308088e-6, 2.3543887768193815e-5, 0.2109401219451532, 2.3543887768193717e-5, 2.6710164133308312e-6
47.0, 2.6204880691612988e-6, 2.3098694954816517e-5, 0.21094011594645998, 2.3098694954816514e-5, 2.6204880691613195e-6
47.1, 2.570915592771995e-6, 2.2661921927802568e-5, 0.21094011002342636, 2.266192192780271e-5, 2.5709155927719723e-6
47.2, 2.5222809012251575e-6, 2.2233409386627766e-5, 0.21094010417343584, 2.2233409386627715e-5, 2.522280901225186e-6
47.3, 2.474566253685629e-6, 2.181300104693113e-5, 0.21094009839388736, 2.181300104693113e-5, 2.4745662536856455e-6
47.4, 2.427754244948956e-6, 2.1400543583324872e-5, 0.21094009268220645, 2.1400543583324886e-5, 2.4277542449489652e-6
47.5, 2.3818277990906227e-6, 2.099588657329131e-5, 0.21094008703584194, 2.0995886573291182e-5, 2.38182779909061e-6
47.6, 2.336770163236703e-6, 2.059888244214554e-5, 0.2109400814522539, 2.0598882442145626e-5, 2.3367701632367035e-6
47.7, 2.292564901451422e-6, 2.020938640904493e-5, 0.21094007592893313, 2.0209386409044914e-5, 2.292564901451436e-6
47.8, 2.2491958887407874e-6, 1.9827256434027304e-5, 0.21094007046337218, 1.9827256434027365e-5, 2.2491958887408136e-6
47.9, 2.206647305170012e-6, 1.9452353166051595e-5, 0.21094006505309082, 1.9452353166051636e-5, 2.2066473051699925e-6
48.0, 2.1649036300913415e-6, 1.9084539892029726e-5, 0.21094005969561538, 1.9084539892029902e-5, 2.1649036300913674e-6
48.1, 2.1239496364820902e-6, 1.8723682486824532e-5, 0.21094005438849048, 1.872368248682458e-5, 2.123949636482058e-6
48.2, 2.0837703853890557e-6, 1.8369649364199514e-5, 0.21094004912926692, 1.836964936419965e-5, 2.083770385389093e-6
48.3, 2.0443512204789314e-6, 1.8022311428700205e-5, 0.21094004391551224, 1.8022311428700615e-5, 2.0443512204789035e-6
48.4, 2.0056777626905107e-6, 1.7681542028449992e-5, 0.21094003874479753, 1.7681542028449955e-5, 2.005677762690471e-6
48.5, 1.967735904989384e-6, 1.7347216908838772e-5, 0.21094003361470406, 1.7347216908838698e-5, 1.9677359049894e-6
48.6, 1.9305118072213112e-6, 1.7019214167100122e-5, 0.21094002852281565, 1.7019214167100054e-5, 1.9305118072213294e-6
48.7, 1.8939918910627708e-6, 1.669741420774049e-5, 0.21094002346672874, 1.6697414207740884e-5, 1.893991891062782e-6
48.8, 1.8581628350677224e-6, 1.6381699698825024e-5, 0.2109400184440364, 1.6381699698824977e-5, 1.8581628350677123e-6
48.9, 1.8230115698070971e-6, 1.6071955529083394e-5, 0.21094001345234067, 1.6071955529083167e-5, 1.8230115698070874e-6
49.0, 1.7885252731014184e-6, 1.576806876583999e-5, 0.2109400084892349, 1.5768068765839914e-5, 1.7885252731014146e-6
49.1, 1.7546913653425617e-6, 1.546992861373542e-5, 0.21094000355232317, 1.546992861373553e-5, 1.754691365342567e-6
49.2, 1.721497504904919e-6, 1.5177426374235932e-5, 0.21093999863919966, 1.5177426374235837e-5, 1.7214975049049471e-6
49.3, 1.6889315836427309e-6, 1.489045540590959e-5, 0.21093999374746153, 1.489045540590939e-5, 1.688931583642755e-6
49.4, 1.6569817224729124e-6, 1.460891108545672e-5, 0.21093998887469262, 1.4608911085456719e-5, 1.6569817224728997e-6
49.5, 1.6256362670413523e-6, 1.433269076948146e-5, 0.2109399840184847, 1.4332690769481674e-5, 1.6256362670413484e-6
49.6, 1.5948837834714432e-6, 1.4061693756986984e-5, 0.21093997917641047, 1.406169375698667e-5, 1.5948837834714434e-6
49.7, 1.5647130541927702e-6, 1.3795821252582062e-5, 0.2109399743460416, 1.3795821252582293e-5, 1.5647130541927745e-6
49.8, 1.535113073848825e-6, 1.3534976330390892e-5, 0.2109399695249304, 1.3534976330390813e-5, 1.535113073848821e-6
49.9, 1.5060730452820938e-6, 1.327906389863873e-5, 0.21093996471063053, 1.327906389863905e-5, 1.5060730452821075e-6
50.0, 1.4775823755953792e-6, 1.302799066491953e-5, 0.21093995990067446, 1.3027990664919458e-5, 1.4775823755953843e-6
50.1, 1.4496306722871498e-6, 1.2781665102114195e-5, 0.21093995509258304, 1.2781665102114265e-5, 1.449630672287156e-6
50.2, 1.422207739460571e-6, 1.2539997414961209e-5, 0.21093995028385945, 1.253999741496114e-5, 1.4222077394605684e-6
50.3, 1.3953035741037986e-6, 1.2302899507257423e-5, 0.21093994547199077, 1.2302899507257452e-5, 1.3953035741037912e-6
50.4, 1.3689083624409058e-6, 1.2070284949684333e-5, 0.2109399406544448, 1.207028494968439e-5, 1.3689083624409027e-6
50.5, 1.3430124763518965e-6, 1.1842068948242382e-5, 0.2109399358286714, 1.1842068948242426e-5, 1.3430124763519069e-6
50.6, 1.3176064698601287e-6, 1.1618168313283822e-5, 0.21093993099209338, 1.1618168313283742e-5, 1.3176064698601304e-6
50.7, 1.2926810756865498e-6, 1.1398501429135088e-5, 0.21093992614211796, 1.1398501429135274e-5, 1.2926810756865448e-6
50.8, 1.26822720186898e-6, 1.1182988224293117e-5, 0.21093992127611802, 1.1182988224293145e-5, 1.2682272018689866e-6
50.9, 1.244235928445363e-6, 1.0971550142187775e-5, 0.21093991639144746, 1.0971550142187775e-5, 1.2442359284453625e-6
51.0, 1.2206985041997057e-6, 1.0764110112498584e-5, 0.21093991148542493, 1.0764110112498576e-5, 1.2206985041997103e-6
51.1, 1.1976063434697427e-6, 1.0560592523014757e-5, 0.21093990655534603, 1.0560592523014769e-5, 1.1976063434697418e-6
51.2, 1.1749510230148736e-6, 1.036092319203054e-5, 0.21093990159847073, 1.0360923192030584e-5, 1.1749510230148691e-6
51.3, 1.1527242789434068e-6, 1.0165029341260983e-5, 0.2109398966120238, 1.0165029341260958e-5, 1.1527242789434047e-6
51.4, 1.1309180036979298e-6, 9.972839569274605e-6, 0.21093989159319745, 9.972839569274642e-6, 1.1309180036979217e-6
51.5, 1.1095242430976043e-6, 9.784283825426045e-6, 0.21093988653914847, 9.784283825426062e-6, 1.1095242430976037e-6
51.6, 1.0885351934367235e-6, 9.599293384286992e-6, 0.21093988144698933, 9.59929338428688e-6, 1.0885351934367076e-6
51.7, 1.0679431986378607e-6, 9.417800820557269e-6, 0.21093987631379443, 9.417800820557292e-6, 1.0679431986378679e-6
51.8, 1.047740747458974e-6, 9.239739984455768e-6, 0.2109398711365986, 9.23973998445562e-6, 1.0477407474589828e-6
51.9, 1.0279204707534041e-6, 9.065045977573906e-6, 0.21093986591238661, 9.065045977573954e-6, 1.0279204707534045e-6
52.0, 1.0084751387815738e-6, 8.893655129190659e-6, 0.21093986063810075, 8.893655129190669e-6, 1.0084751387815831e-6
52.1, 9.89397658573918e-7, 8.72550497303229e-6, 0.21093985531063061, 8.725504973032246e-6, 9.893976585739163e-7
52.2, 9.706810713430546e-7, 8.560534224476196e-6, 0.2109398499268192, 8.560534224476235e-6, 9.70681071343068e-7
52.3, 9.523185499456157e-7, 8.39868275818441e-6, 0.21093984448345565, 8.398682758184442e-6, 9.523185499455957e-7
52.4, 9.343033963915524e-7, 8.239891586162155e-6, 0.21093983897727, 8.239891586162205e-6, 9.343033963915367e-7
52.5, 9.166290394009791e-7, 8.084102836230755e-6, 0.21093983340494146, 8.084102836230716e-6, 9.166290394009792e-7
52.6, 8.992890320069507e-7, 7.931259730910547e-6, 0.2109398277630866, 7.931259730910449e-6, 8.992890320069406e-7
52.7, 8.822770492036263e-7, 7.781306566701856e-6, 0.21093982204825695, 7.781306566701809e-6, 8.822770492036242e-7
52.8, 8.655868856391421e-7, 7.634188693759308e-6, 0.2109398162569495, 7.634188693759494e-6, 8.655868856391523e-7
52.9, 8.492124533519153e-7, 7.489852495952453e-6, 0.2109398103855835, 7.489852495952355e-6, 8.492124533519311e-7
53.0, 8.331477795497951e-7, 7.348245371301048e-6, 0.21093980443051824, 7.348245371300972e-6, 8.331477795498002e-7
53.1, 8.173870044314206e-7, 7.2093157127842364e-6, 0.21093979838803695, 7.209315712784254e-6, 8.173870044314231e-7
53.2, 8.019243790484899e-7, 7.073012889511521e-6, 0.21093979225435244, 7.07301288951161e-6, 8.019243790484818e-7
53.3, 7.867542632087181e-7, 6.939287228250506e-6, 0.2109397860255969, 6.9392872282504546e-6, 7.867542632087172e-7
53.4, 7.718711234184369e-7, 6.8080899953048805e-6, 0.21093977969782474, 6.808089995304897e-6, 7.718711234184318e-7
53.5, 7.572695308639526e-7, 6.679373378735913e-6, 0.21093977326701266, 6.679373378735911e-6, 7.57269530863953e-7
53.6, 7.429441594313743e-7, 6.553090470919601e-6, 0.21093976672904408, 6.553090470919705e-6, 7.429441594313717e-7
53.7, 7.288897837635563e-7, 6.429195251435657e-6, 0.21093976007972748, 6.429195251435683e-6, 7.288897837635579e-7
53.8, 7.151012773541495e-7, 6.3076425702791164e-6, 0.21093975331476714, 6.3076425702791215e-6, 7.151012773541447e-7
53.9, 7.015736106774598e-7, 6.1883881313909635e-6, 0.2109397464297867, 6.188388131390965e-6, 7.01573610677465e-7
54.0, 6.883018493538072e-7, 6.071388476499934e-6, 0.21093973942030056, 6.071388476499974e-6, 6.883018493538084e-7
54.1, 6.752811523495673e-7, 5.956600969271211e-6, 0.21093973228173518, 5.956600969271237e-6, 6.75281152349568e-7
54.2, 6.625067702112226e-7, 5.8439837797538915e-6, 0.21093972500941066, 5.84398377975389e-6, 6.625067702112166e-7
54.3, 6.499740433329458e-7, 5.733495869124091e-6, 0.21093971759853428, 5.7334958691240975e-6, 6.499740433329463e-7
54.4, 6.376784002567438e-7, 5.625096974717185e-6, 0.2109397100442132, 5.625096974717139e-6, 6.37678400256745e-7
54.5, 6.256153560050529e-7, 5.518747595341657e-6, 0.21093970234143766, 5.518747595341638e-6, 6.256153560050544e-7
54.6, 6.137805104445948e-7, 5.414408976873494e-6, 0.21093969448508015, 5.414408976873458e-6, 6.137805104445931e-7
54.7, 6.021695466813497e-7, 5.3120430981211685e-6, 0.21093968646989725, 5.312043098121114e-6, 6.02169546681347e-7
54.8, 5.907782294858504e-7, 5.211612656959642e-6, 0.21093967829051935, 5.211612656959653e-6, 5.907782294858475e-7
54.9, 5.79602403748286e-7, 5.113081056726252e-6, 0.21093966994144625, 5.113081056726273e-6, 5.79602403748287e-7
55.0, 5.686379929627945e-7, 5.01641239287413e-6, 0.2109396614170521, 5.0164123928741185e-6, 5.686379929627952e-7
55.1, 5.578809977404849e-7, 4.921571439878992e-6, 0.21093965271157367, 4.9215714398790015e-6, 5.578809977404857e-7
55.2, 5.47327494350499e-7, 4.828523638392495e-6, 0.210939643819104, 4.828523638392514e-6, 5.473274943504979e-7
55.3, 5.369736332888036e-7, 4.737235082640342e-6, 0.21093963473360133, 4.737235082640302e-6, 5.369736332888088e-7
55.4, 5.268156378739558e-7, 4.6476725080573875e-6, 0.21093962544886954, 4.647672508057428e-6, 5.268156378739572e-7
55.5, 5.168498028694359e-7, 4.559803279158308e-6, 0.21093961595855826, 4.559803279158333e-6, 5.168498028694485e-7
55.6, 5.070724931321386e-7, 4.473595377636651e-6, 0.21093960625616492, 4.473595377636665e-6, 5.070724931321409e-7
55.7, 4.974801422863314e-7, 4.389017390689918e-6, 0.2109395963350238, 4.38901739068997e-6, 4.974801422863305e-7
55.8, 4.880692514226984e-7, 4.306038499565019e-6, 0.21093958618830316, 4.306038499565119e-6, 4.880692514227072e-7
55.9, 4.788363878221505e-7, 4.224628468321584e-6, 0.21093957580899841, 4.224628468321542e-6, 4.788363878221528e-7
56.0, 4.697781837035358e-7, 4.1447576328061206e-6, 0.21093956518993243, 4.144757632806072e-6, 4.697781837035322e-7
56.1, 4.608913349952138e-7, 4.066396889837136e-6, 0.21093955432374145, 4.066396889837076e-6, 4.6089133499521825e-7
56.2, 4.5217260012987573e-7, 3.989517686593121e-6, 0.21093954320288003, 3.989517686593125e-6, 4.521726001298783e-7
56.3, 4.436187988620041e-7, 3.914092010202337e-6, 0.2109395318196107, 3.914092010202371e-6, 4.4361879886200815e-7
56.4, 4.352268111079237e-7, 3.8400923775293105e-6, 0.21093952016599077, 3.840092377529295e-6, 4.352268111079186e-7
56.5, 4.269935758075918e-7, 3.7674918251545033e-6, 0.21093950823388535, 3.76749182515444e-6, 4.2699357580760005e-7
56.6, 4.1891608980809166e-7, 3.6962638995439333e-6, 0.21093949601494047, 3.69626389954393e-6, 4.1891608980809616e-7
56.7, 4.109914067680959e-7, 3.6263826474047775e-6, 0.21093948350059402, 3.6263826474047237e-6, 4.109914067680938e-7
56.8, 4.0321663608318706e-7, 3.5578226062230324e-6, 0.21093947068206212, 3.557822606223053e-6, 4.032166360831834e-7
56.9, 3.955889418314269e-7, 3.490558794981073e-6, 0.21093945755032797, 3.490558794981083e-6, 3.955889418314314e-7
57.0, 3.8810554173891075e-7, 3.4245667050499165e-6, 0.21093944409614776, 3.424566705049951e-6, 3.8810554173890657e-7
57.1, 3.807637061648423e-7, 3.3598222912547834e-6, 0.21093943031002987, 3.359822291254713e-6, 3.807637061648439e-7
57.2, 3.735607571058939e-7, 3.2963019631087062e-6, 0.2109394161822431, 3.2963019631086753e-6, 3.7356075710589263e-7
57.3, 3.6649406721933164e-7, 3.2339825762131925e-6, 0.21093940170279177, 3.2339825762131742e-6, 3.6649406721933265e-7
57.4, 3.59561058864633e-7, 3.17284142382039e-6, 0.21093938686143207, 3.1728414238204035e-6, 3.5956105886463265e-7
57.5, 3.5275920316326905e-7, 3.1128562285560957e-6, 0.21093937164763712, 3.1128562285560825e-6, 3.527592031632681e-7
57.6, 3.460860190762148e-7, 3.0540051342981493e-6, 0.2109393560506109, 3.054005134298146e-6, 3.4608601907621667e-7
57.7, 3.395390724989888e-7, 2.996266698209766e-6, 0.21093934005927073, 2.9962666982097505e-6, 3.395390724989856e-7
57.8, 3.331159753737341e-7, 2.939619882922392e-6, 0.2109393236622461, 2.939619882922393e-6, 3.3311597537373377e-7
57.9, 3.268143848181531e-7, 2.884044048867624e-6, 0.21093930684786139, 2.8840440488676094e-6, 3.268143848181508e-7
58.0, 3.20632002270891e-7, 2.8295189467532466e-6, 0.21093928960413058, 2.8295189467532335e-6, 3.2063200227088896e-7
58.1, 3.1456657265308786e-7, 2.7760247101821365e-6, 0.21093927191875486, 2.7760247101821513e-6, 3.14566572653086e-7
58.2, 3.0861588354583604e-7, 2.723541848410846e-6, 0.21093925377910847, 2.723541848410854e-6, 3.0861588354583593e-7
58.3, 3.02777764383113e-7, 2.6720512392448387e-6, 0.21093923517222596, 2.6720512392448353e-6, 3.027777643831121e-7
58.4, 2.9705008566007247e-7, 2.6215341220683743e-6, 0.2109392160847997, 2.6215341220683832e-6, 2.9705008566006977e-7
58.5, 2.9143075815624566e-7, 2.571972091006418e-6, 0.2109391965031682, 2.571972091006418e-6, 2.914307581562462e-7
58.6, 2.8591773217348647e-7, 2.5233470882155735e-6, 0.21093917641330692, 2.52334708821559e-6, 2.8591773217348816e-7
58.7, 2.8050899678829966e-7, 2.4756413973022436e-6, 0.21093915580081093, 2.47564139730224e-6, 2.8050899678829616e-7
58.8, 2.7520257911830415e-7, 2.428837636865062e-6, 0.2109391346509009, 2.428837636865054e-6, 2.7520257911830256e-7
58.9, 2.699965436026527e-7, 2.3829187541596404e-6, 0.21093911294839013, 2.3829187541596404e-6, 2.6999654360264913e-7
59.0, 2.648889912959382e-7, 2.337868018883172e-6, 0.21093909067769648, 2.3378680188831783e-6, 2.6488899129593476e-7
59.1, 2.598780591755587e-7, 2.293669017076556e-6, 0.2109390678228148, 2.2936690170765886e-6, 2.598780591755639e-7
59.2, 2.5496191946216444e-7, 2.250305645141982e-6, 0.2109390443673098, 2.250305645141981e-6, 2.5496191946216746e-7
59.3, 2.501387789529209e-7, 2.2077621039732224e-6, 0.21093902029431194, 2.207762103973215e-6, 2.5013877895291837e-7
59.4, 2.454068783674072e-7, 2.166022893197909e-6, 0.21093899558649126, 2.166022893197928e-6, 2.4540687836740893e-7
59.5, 2.407644917059292e-7, 2.1250728055277203e-6, 0.21093897022605623, 2.1250728055277444e-6, 2.4076449170593254e-7
59.6, 2.3620992561991857e-7, 2.084896921216175e-6, 0.210938944194738, 2.0848969212161542e-6, 2.362099256199131e-7
59.7, 2.317415187942259e-7, 2.0454806026206684e-6, 0.2109389174737771, 2.0454806026206815e-6, 2.317415187942234e-7
59.8, 2.273576413411935e-7, 2.0068094888679167e-6, 0.21093889004390506, 2.006809488867919e-6, 2.2735764134118726e-7
59.9, 2.230566942060829e-7, 1.9688694906200747e-6, 0.210938861885339, 1.9688694906201124e-6, 2.2305669420608239e-7
60.0, 2.1883710858382575e-7, 1.9316467849396756e-6, 0.21093883297776095, 1.9316467849396697e-6, 2.188371085838247e-7
60.1, 2.1469734534676059e-7, 1.8951278102519414e-6, 0.21093880330030992, 1.8951278102519363e-6, 2.14697345346764e-7
60.2, 2.1063589448322805e-7, 1.8592992614024521e-6, 0.2109387728315584, 1.8592992614024399e-6, 2.1063589448322758e-7
60.3, 2.0665127454677028e-7, 1.8241480848079803e-6, 0.21093874154950212, 1.8241480848080107e-6, 2.066512745467759e-7
60.4, 2.0274203211576324e-7, 1.7896614736994058e-6, 0.21093870943154558, 1.7896614736994196e-6, 2.027420321157589e-7
60.5, 1.989067412632234e-7, 1.7558268634543344e-6, 0.21093867645448275, 1.755826863454331e-6, 1.9890674126322587e-7
60.6, 1.9514400303674837e-7, 1.7226319270180879e-6, 0.21093864259447906, 1.722631927018051e-6, 1.9514400303674953e-7
60.7, 1.9145244494817115e-7, 1.6900645704113465e-6, 0.21093860782706134, 1.6900645704113304e-6, 1.9145244494817128e-7
60.8, 1.878307204729577e-7, 1.6581129283228612e-6, 0.2109385721270959, 1.6581129283228688e-6, 1.8783072047295554e-7
60.9, 1.842775085590321e-7, 1.6267653597851604e-6, 0.21093853546876623, 1.6267653597851678e-6, 1.842775085590324e-7
61.0, 1.80791513144927e-7, 1.596010443932542e-6, 0.2109384978255611, 1.5960104439325423e-6, 1.807915131449263e-7
61.1, 1.7737146268699773e-7, 1.5658369758387446e-6, 0.2109384591702491, 1.5658369758387698e-6, 1.7737146268699686e-7
61.2, 1.7401610969563683e-7, 1.5362339624339781e-6, 0.21093841947487738, 1.5362339624339932e-6, 1.7401610969563477e-7
61.3, 1.7072423028022185e-7, 1.5071906184985543e-6, 0.2109383787107218, 1.5071906184985704e-6, 1.7072423028022243e-7
61.4, 1.6749462370270201e-7, 1.4786963627327037e-6, 0.21093833684828778, 1.4786963627327098e-6, 1.674946237027029e-7
61.5, 1.6432611193959945e-7, 1.4507408139006178e-6, 0.21093829385728868, 1.4507408139006307e-6, 1.6432611193959948e-7
61.6, 1.612175392523188e-7, 1.4233137870473484e-6, 0.2109382497066164, 1.4233137870473503e-6, 1.6121753925231968e-7
61.7, 1.5816777176557298e-7, 1.3964052897873367e-6, 0.21093820436431773, 1.396405289787335e-6, 1.58167771765573e-7
61.8, 1.5517569705379956e-7, 1.3700055186630493e-6, 0.2109381577975849, 1.3700055186630478e-6, 1.551756970538013e-7
61.9, 1.5224022373538104e-7, 1.3441048555726522e-6, 0.2109381099727202, 1.3441048555726444e-6, 1.5224022373538027e-7
62.0, 1.493602810745462e-7, 1.3186938642649696e-6, 0.21093806085510805, 1.3186938642649807e-6, 1.4936028107454636e-7
62.1, 1.4653481859082497e-7, 1.2937632869011141e-6, 0.2109380104092125, 1.2937632869011156e-6, 1.4653481859082553e-7
62.2, 1.4376280567586116e-7, 1.2693040406806997e-6, 0.21093795859852157, 1.2693040406806906e-6, 1.4376280567586048e-7
62.3, 1.410432312174867e-7, 1.2453072145322063e-6, 0.21093790538554827, 1.2453072145322006e-6, 1.4104323121748526e-7
62.4, 1.3837510323090758e-7, 1.2217640658658727e-6, 0.2109378507317904, 1.2217640658658812e-6, 1.3837510323090727e-7
62.5, 1.3575744849687612e-7, 1.1986660173877676e-6, 0.210937794597702, 1.1986660173877619e-6, 1.3575744849687662e-7
62.6, 1.3318931220668354e-7, 1.1760046539744484e-6, 0.21093773694267617, 1.176004653974463e-6, 1.3318931220668327e-7
62.7, 1.3066975761389278e-7, 1.1537717196064947e-6, 0.2109376777249998, 1.1537717196064983e-6, 1.306697576138926e-7
62.8, 1.2819786569265498e-7, 1.1319591143600782e-6, 0.2109376169018401, 1.1319591143600632e-6, 1.2819786569265485e-7
62.9, 1.2577273480247095e-7, 1.1105588914554613e-6, 0.21093755442920847, 1.1105588914554594e-6, 1.2577273480247267e-7
63.0, 1.2339348035931936e-7, 1.0895632543613714e-6, 0.21093749026192501, 1.0895632543613646e-6, 1.2339348035931926e-7
63.1, 1.2105923451299193e-7, 1.0689645539539765e-6, 0.2109374243535894, 1.0689645539539913e-6, 1.2105923451299058e-7
63.2, 1.1876914583053504e-7, 1.0487552857297444e-6, 0.21093735665655627, 1.0487552857297595e-6, 1.1876914583053462e-7
63.3, 1.1652237898568157e-7, 1.0289280870708443e-6, 0.21093728712188828, 1.0289280870708377e-6, 1.1652237898568144e-7
63.4, 1.1431811445415877e-7, 1.0094757345624363e-6, 0.21093721569932863, 1.0094757345624353e-6, 1.1431811445415904e-7
63.5, 1.1215554821476174e-7, 9.903911413605968e-7, 0.21093714233726688, 9.90391141360611e-7, 1.1215554821476293e-7
63.6, 1.1003389145606928e-7, 9.716673546100724e-7, 0.2109370669826975, 9.7166735461005e-7, 1.100338914560683e-7
63.7, 1.0795237028872065e-7, 9.532975529106941e-7, 0.21093698958119164, 9.532975529106992e-7, 1.0795237028871951e-7
63.8, 1.0591022546313441e-7, 9.352750438320221e-7, 0.21093691007684973, 9.352750438320215e-7, 1.0591022546313456e-7
63.9, 1.039067120925681e-7, 9.175932614746761e-7, 0.21093682841226172, 9.175932614746795e-7, 1.0390671209256895e-7
64.0, 1.0194109938140692e-7, 9.002457640779517e-7, 0.2109367445284787, 9.00245764077961e-7, 1.019410993814065e-7
64.1, 1.000126703585987e-7, 8.832262316726456e-7, 0.2109366583649592, 8.832262316726357e-7, 1.0001267035859734e-7
64.2, 9.812072161613285e-8, 8.665284637781916e-7, 0.2109365698595327, 8.665284637781882e-7, 9.812072161613202e-8
64.3, 9.626456305247325e-8, 8.501463771435385e-7, 0.210936478948355, 8.501463771435284e-7, 9.626456305247301e-8
64.4, 9.444351762082331e-8, 8.340740035304597e-7, 0.21093638556585934, 8.340740035304601e-7, 9.444351762082337e-8
64.5, 9.265692108218099e-8, 8.183054875390712e-7, 0.21093628964472202, 8.183054875390779e-7, 9.265692108218062e-8
64.6, 9.090412176304315e-8, 8.028350844742597e-7, 0.21093619111580567, 8.028350844742623e-7, 9.090412176304344e-8
64.7, 8.918448031769856e-8, 7.876571582525538e-7, 0.2109360899081089, 7.876571582525561e-7, 8.918448031769863e-8
64.8, 8.749736949503076e-8, 7.727661793485408e-7, 0.21093598594873025, 7.727661793485361e-7, 8.749736949503081e-8
64.9, 8.584217390971521e-8, 7.581567227801545e-7, 0.21093587916280263, 7.581567227801568e-7, 8.584217390971528e-8
65.0, 8.421828981775235e-8, 7.438234661319942e-7, 0.21093576947344742, 7.438234661320017e-7, 8.421828981775229e-8
65.1, 8.262512489624716e-8, 7.297611876161074e-7, 0.21093565680172777, 7.297611876161058e-7, 8.262512489624687e-8
65.2, 8.106209802735932e-8, 7.159647641693354e-7, 0.21093554106657825, 7.159647641693336e-7, 8.106209802735953e-8
65.3, 7.952863908632653e-8, 7.024291695867616e-7, 0.21093542218476857, 7.024291695867646e-7, 7.952863908632698e-8
65.4, 7.802418873351184e-8, 6.891494726903559e-7, 0.2109353000708262, 6.891494726903549e-7, 7.802418873351143e-8
65.5, 7.654819821037875e-8, 6.761208355322579e-7, 0.2109351746369921, 6.761208355322586e-7, 7.654819821037843e-8
65.6, 7.510012913932396e-8, 6.633385116321312e-7, 0.21093504579315106, 6.633385116321338e-7, 7.510012913932351e-8
65.7, 7.367945332730394e-8, 6.507978442476558e-7, 0.21093491344677245, 6.507978442476566e-7, 7.367945332730347e-8
65.8, 7.228565257316881e-8, 6.384942646779626e-7, 0.21093477750285564, 6.38494264677968e-7, 7.228565257316915e-8
65.9, 7.091821847864819e-8, 6.264232905989855e-7, 0.21093463786384484, 6.264232905989835e-7, 7.091821847864802e-8
66.0, 6.957665226289847e-8, 6.145805244302787e-7, 0.21093449442957962, 6.1458052443028e-7, 6.957665226289809e-8
66.1, 6.826046458058229e-8, 6.029616517328404e-7, 0.21093434709721823, 6.029616517328374e-7, 6.826046458058189e-8
66.2, 6.696917534336103e-8, 5.915624396371234e-7, 0.210934195761173, 5.915624396371248e-7, 6.696917534336137e-8
66.3, 6.570231354479362e-8, 5.8037873530081e-7, 0.21093404031302265, 5.803787353008074e-7, 6.570231354479314e-8
66.4, 6.445941708851818e-8, 5.694064643957516e-7, 0.21093388064146149, 5.694064643957514e-7, 6.445941708851723e-8
66.5, 6.324003261971033e-8, 5.586416296235e-7, 0.21093371663220492, 5.586416296234921e-7, 6.324003261970971e-8
66.6, 6.20437153597117e-8, 5.480803092589181e-7, 0.21093354816791668, 5.480803092589158e-7, 6.204371535971084e-8
66.7, 6.087002894379411e-8, 5.377186557213344e-7, 0.2109333751281353, 5.377186557213349e-7, 6.087002894379436e-8
66.8, 5.971854526199637e-8, 5.275528941727216e-7, 0.21093319738917982, 5.275528941727158e-7, 5.971854526199617e-8
66.9, 5.858884430295911e-8, 5.175793211423064e-7, 0.2109330148240771, 5.175793211422989e-7, 5.8588844302959624e-8
67.0, 5.748051400073081e-8, 5.077943031773165e-7, 0.210932827302474, 5.07794303177322e-7, 5.74805140007303e-8
67.1, 5.6393150084457234e-8, 4.981942755191639e-7, 0.21093263469053794, 4.981942755191708e-7, 5.639315008445802e-8
67.2, 5.5326355930926054e-8, 4.887757408046095e-7, 0.2109324368508796, 4.887757408046139e-7, 5.532635593092709e-8
67.3, 5.427974241988955e-8, 4.795352677915714e-7, 0.21093223364245148, 4.795352677915786e-7, 5.427974241989016e-8
67.4, 5.325292779213229e-8, 4.7046949010903935e-7, 0.21093202492046567, 4.704694901090293e-7, 5.325292779213207e-8
67.5, 5.2245537510223754e-8, 4.6157510503048224e-7, 0.210931810536272, 4.615751050304798e-7, 5.2245537510224243e-8
67.6, 5.125720412189873e-8, 4.528488722706508e-7, 0.21093159033728354, 4.528488722706489e-7, 5.125720412189868e-8
67.7, 5.028756712602827e-8, 4.442876128049568e-7, 0.21093136416685898, 4.4428761280496186e-7, 5.0287567126028515e-8
67.8, 4.933627284112673e-8, 4.35888207711285e-7, 0.2109311318642048, 4.358882077112818e-7, 4.9336272841127136e-8
67.9, 4.840297427633557e-8, 4.276475970336374e-7, 0.21093089326425835, 4.2764759703364464e-7, 4.840297427633588e-8
68.0, 4.7487331004866816e-8, 4.1956277866727874e-7, 0.21093064819759236, 4.1956277866727826e-7, 4.748733100486704e-8
68.1, 4.6589009039819456e-8, 4.116308072650426e-7, 0.21093039649028034, 4.116308072650427e-7, 4.658900903981925e-8
68.2, 4.570768071236175e-8, 4.0384879316414156e-7, 0.2109301379638079, 4.0384879316414034e-7, 4.570768071236178e-8
68.3, 4.484302455220865e-8, 3.9621390133345563e-7, 0.2109298724349251, 3.9621390133345415e-7, 4.4843024552208526e-8
68.4, 4.399472517036447e-8, 3.8872335034060146e-7, 0.21092959971554756, 3.8872335034060776e-7, 4.399472517036442e-8
68.5, 4.3162473144079896e-8, 3.813744113386093e-7, 0.21092931961262007, 3.813744113386077e-7, 4.316247314408021e-8
68.6, 4.2345964903992455e-8, 3.741644070716616e-7, 0.21092903192798984, 3.741644070716621e-7, 4.234596490399243e-8
68.7, 4.154490262338949e-8, 3.670907108997592e-7, 0.21092873645827806, 3.670907108997585e-7, 4.154490262338954e-8
68.8, 4.0758994109583716e-8, 3.6015074584170104e-7, 0.210928432994744, 3.601507458417029e-7, 4.0758994109583616e-8
68.9, 3.9987952697323194e-8, 3.5334198363627374e-7, 0.2109281213231504, 3.53341983636274e-7, 3.9987952697322976e-8
69.0, 3.9231497144236296e-8, 3.466619438210912e-7, 0.21092780122361493, 3.466619438210935e-7, 3.923149714423621e-8
69.1, 3.848935152824241e-8, 3.4010819282893296e-7, 0.21092747247047425, 3.4010819282893164e-7, 3.8489351528242467e-8
69.2, 3.7761245146908255e-8, 3.336783431010843e-7, 0.21092713483212772, 3.3367834310108574e-7, 3.776124514690866e-8
69.3, 3.704691241870728e-8, 3.273700522175326e-7, 0.21092678807089857, 3.2737005221753244e-7, 3.7046912418707046e-8
69.4, 3.6346092786144536e-8, 3.21181022043542e-7, 0.21092643194286573, 3.211810220435417e-7, 3.6346092786144715e-8
69.5, 3.5658530620721974e-8, 3.15108997892398e-7, 0.210926066197709, 3.151089978924003e-7, 3.565853062072204e-8
69.6, 3.498397512968947e-8, 3.0915176770395663e-7, 0.21092569057855154, 3.091517677039549e-7, 3.498397512968925e-8
69.7, 3.432218026457088e-8, 3.0330716123872677e-7, 0.21092530482178723, 3.0330716123872825e-7, 3.432218026457132e-8
69.8, 3.367290463141444e-8, 2.975730492872401e-7, 0.21092490865690683, 2.9757304928723976e-7, 3.367290463141425e-8
69.9, 3.3035911402741535e-8, 2.9194734289430507e-7, 0.2109245018063363, 2.9194734289430343e-7, 3.303591140274199e-8
70.0, 3.241096823116548e-8, 2.8642799259794446e-7, 0.2109240839852398, 2.864279925979435e-7, 3.241096823116557e-8
70.1, 3.179784716463664e-8, 2.810129876827605e-7, 0.21092365490135379, 2.810129876827622e-7, 3.1797847164636966e-8
70.2, 3.1196324563298695e-8, 2.7570035544734873e-7, 0.21092321425478597, 2.7570035544734846e-7, 3.1196324563297835e-8
70.3, 3.0606181017912276e-8, 2.704881604856537e-7, 0.21092276173783298, 2.7048816048565304e-7, 3.0606181017912653e-8
70.4, 3.002720126982654e-8, 2.653745039817982e-7, 0.21092229703477522, 2.653745039817987e-7, 3.002720126982647e-8
70.5, 2.9459174132459616e-8, 2.603575230183572e-7, 0.21092181982168165, 2.603575230183573e-7, 2.9459174132459405e-8
70.6, 2.8901892414266075e-8, 2.5543538989763117e-7, 0.21092132976620248, 2.554353898976296e-7, 2.890189241426585e-8
70.7, 2.8355152843165104e-8, 2.506063114757935e-7, 0.21092082652735206, 2.506063114757997e-7, 2.8355152843164654e-8
70.8, 2.781875599239342e-8, 2.458685285096088e-7, 0.21092030975530718, 2.4586852850960813e-7, 2.781875599239363e-8
70.9, 2.729250620776535e-8, 2.4122031501550225e-7, 0.21091977909116416, 2.412203150155028e-7, 2.729250620776493e-8
71.0, 2.677621153630246e-8, 2.3665997764075493e-7, 0.21091923416673763, 2.3665997764075514e-7, 2.6776211536301553e-8
71.1, 2.6269683656220728e-8, 2.321858550466095e-7, 0.210918674604311, 2.321858550466063e-7, 2.6269683656220778e-8
71.2, 2.5772737808239067e-8, 2.277963173029582e-7, 0.2109181000164087, 2.277963173029561e-7, 2.5772737808239097e-8
71.3, 2.5285192728185324e-8, 2.2348976529459662e-7, 0.21091751000554435, 2.2348976529459392e-7, 2.5285192728185406e-8
71.4, 2.4806870580878655e-8, 2.192646301385841e-7, 0.21091690416398756, 2.1926463013858458e-7, 2.4806870580878648e-8
71.5, 2.4337596895264207e-8, 2.1511937261271895e-7, 0.21091628207349716, 2.1511937261272122e-7, 2.4337596895263896e-8
71.6, 2.3877200500773105e-8, 2.1105248259473776e-7, 0.21091564330506685, 2.110524825947389e-7, 2.387720050077317e-8
71.7, 2.3425513464887916e-8, 2.0706247851217546e-7, 0.21091498741866685, 2.0706247851217498e-7, 2.3425513464887913e-8
71.8, 2.2982371031884854e-8, 2.031479068025961e-7, 0.2109143139629549, 2.0314790680259627e-7, 2.2982371031884847e-8
71.9, 2.2547611562741356e-8, 1.9930734138403867e-7, 0.21091362247501635, 1.993073413840379e-7, 2.254761156274116e-8
72.0, 2.2121076476175623e-8, 1.9553938313548552e-7, 0.21091291248007474, 1.9553938313548536e-7, 2.212107647617574e-8
72.1, 2.1702610190804118e-8, 1.9184265938712342e-7, 0.21091218349119603, 1.918426593871244e-7, 2.1702610190804042e-8
72.2, 2.1292060068389303e-8, 1.882158234202669e-7, 0.21091143500900028, 1.8821582342026838e-7, 2.1292060068389164e-8
72.3, 2.0889276358167787e-8, 1.8465755397674715e-7, 0.21091066652135254, 1.846575539767473e-7, 2.0889276358167896e-8
72.4, 2.0494112142224952e-8, 1.811665547775277e-7, 0.21090987750305545, 1.8116655477752838e-7, 2.0494112142224932e-8
72.5, 2.0106423281906082e-8, 1.7774155405047697e-7, 0.2109090674155345, 1.7774155405047758e-7, 2.0106423281905972e-8
72.6, 1.972606836524134e-8, 1.7438130406703466e-7, 0.21090823570650383, 1.743813040670341e-7, 1.9726068365241225e-8
72.7, 1.9352908655364478e-8, 1.710845806876548e-7, 0.21090738180965418, 1.7108458068765437e-7, 1.9352908655364418e-8
72.8, 1.8986808039907876e-8, 1.6785018291582717e-7, 0.21090650514429182, 1.6785018291582701e-7, 1.8986808039907605e-8
72.9, 1.8627632981354577e-8, 1.6467693246054423e-7, 0.2109056051150122, 1.6467693246054468e-7, 1.8627632981354732e-8
73.0, 1.82752524683293e-8, 1.615636733070421e-7, 0.21090468111133567, 1.6156367330704172e-7, 1.8275252468329255e-8
73.1, 1.7929537967811018e-8, 1.5850927129563566e-7, 0.2109037325073523, 1.5850927129563643e-7, 1.7929537967810982e-8
73.2, 1.7590363378249684e-8, 1.5551261370853872e-7, 0.2109027586613478, 1.5551261370853964e-7, 1.7590363378249713e-8
73.3, 1.725760498357091e-8, 1.5257260886449883e-7, 0.21090175891543186, 1.5257260886449965e-7, 1.725760498357092e-8
73.4, 1.6931141408049182e-8, 1.4968818572106845e-7, 0.21090073259515213, 1.496881857210677e-7, 1.69311414080493e-8
73.5, 1.6610853572032867e-8, 1.4685829348441725e-7, 0.21089967900910353, 1.4685829348441722e-7, 1.6610853572032926e-8
73.6, 1.6296624648513478e-8, 1.4408190122652662e-7, 0.21089859744852085, 1.4408190122652654e-7, 1.6296624648513315e-8
73.7, 1.5988340020508616e-8, 1.4135799750959999e-7, 0.21089748718687668, 1.4135799750959903e-7, 1.598834002050849e-8
73.8, 1.5685887239256307e-8, 1.3868559001759144e-7, 0.21089634747946576, 1.3868559001759224e-7, 1.5685887239256396e-8
73.9, 1.5389155983198354e-8, 1.3606370519469577e-7, 0.2108951775629651, 1.3606370519469598e-7, 1.5389155983198383e-8
74.0, 1.5098038017739328e-8, 1.3349138789067003e-7, 0.21089397665501286, 1.334913878906688e-7, 1.509803801773942e-8
74.1, 1.4812427155768306e-8, 1.309677010128625e-7, 0.21089274395375657, 1.3096770101286094e-7, 1.4812427155768248e-8
74.2, 1.4532219218924977e-8, 1.2849172518482322e-7, 0.21089147863740357, 1.2849172518482592e-7, 1.4532219218924821e-8
74.3, 1.4257311999600763e-8, 1.2606255841137274e-7, 0.21089017986375472, 1.2606255841137377e-7, 1.4257311999600725e-8
74.4, 1.398760522365827e-8, 1.2367931574998654e-7, 0.21088884676973554, 1.236793157499852e-7, 1.3987605223658165e-8
74.5, 1.372300051385457e-8, 1.2134112898840337e-7, 0.21088747847091843, 1.2134112898840067e-7, 1.3723000513854622e-8
74.6, 1.3463401353958992e-8, 1.1904714632833933e-7, 0.21088607406101773, 1.1904714632834044e-7, 1.3463401353958848e-8
74.7, 1.3208713053545837e-8, 1.1679653207516121e-7, 0.21088463261140805, 1.1679653207516228e-7, 1.3208713053545845e-8
74.8, 1.2958842713457927e-8, 1.1458846633343976e-7, 0.21088315317060297, 1.1458846633343882e-7, 1.2958842713457779e-8
74.9, 1.2713699191919374e-8, 1.1242214470825174e-7, 0.21088163476373892, 1.1242214470825092e-7, 1.271369919191933e-8
75.0, 1.2473193071291597e-8, 1.1029677801213818e-7, 0.21088007639203465, 1.1029677801213679e-7, 1.2473193071291541e-8
75.1, 1.2237236625458025e-8, 1.0821159197759404e-7, 0.21087847703226997, 1.0821159197759376e-7, 1.2237236625457977e-8
75.2, 1.200574378782437e-8, 1.0616582697499778e-7, 0.21087683563621828, 1.0616582697499706e-7, 1.2005743787824369e-8
75.3, 1.1778630119926234e-8, 1.0415873773587435e-7, 0.21087515113009653, 1.0415873773587366e-7, 1.1778630119926219e-8
75.4, 1.1555812780629335e-8, 1.0218959308138369e-7, 0.2108734224139814, 1.0218959308138295e-7, 1.155581278062936e-8
75.5, 1.1337210495912249e-8, 1.0025767565595243e-7, 0.21087164836123928, 1.002576756559533e-7, 1.1337210495912305e-8
75.6, 1.1122743529221994e-8, 9.836228166593569e-8, 0.21086982781792954, 9.83622816659368e-8, 1.112274352922202e-8
75.7, 1.0912333652388924e-8, 9.650272062322325e-8, 0.21086795960219923, 9.650272062322457e-8, 1.0912333652388984e-8
75.8, 1.0705904117092509e-8, 9.467831509368086e-8, 0.21086604250366817, 9.467831509368011e-8, 1.0705904117092438e-8
75.9, 1.0503379626867202e-8, 9.288840045036709e-8, 0.21086407528280524, 9.288840045036738e-8, 1.050337962686722e-8
76.0, 1.030468630963788e-8, 9.11323246314007e-8, 0.21086205667029237, 9.113232463140047e-8, 1.0304686309637865e-8
76.1, 1.0109751690773422e-8, 8.940944790241253e-8, 0.21085998536637596, 8.940944790241198e-8, 1.010975169077339e-8
76.2, 9.91850466665218e-9, 8.771914262348529e-8, 0.21085786004020474, 8.771914262348538e-8, 9.918504666652217e-9
76.3, 9.730875478725935e-9, 8.606079302050232e-8, 0.21085567932916682, 8.606079302050219e-8, 9.730875478725872e-9
76.4, 9.546795688075016e-9, 8.443379496081923e-8, 0.21085344183820084, 8.443379496081964e-8, 9.546795688075052e-9
76.5, 9.366198150445254e-9, 8.283755573317187e-8, 0.21085114613911113, 8.283755573317145e-8, 9.366198150445158e-9
76.6, 9.189016991756038e-9, 8.127149383174717e-8, 0.21084879076985552, 8.127149383174717e-8, 9.189016991755996e-9
76.7, 9.01518758407248e-9, 7.973503874434627e-8, 0.21084637423382752, 7.97350387443467e-8, 9.015187584072509e-9
76.8, 8.844646522032451e-9, 7.82276307445374e-8, 0.210843894999145, 7.822763074453749e-8, 8.844646522032492e-9
76.9, 8.67733159971838e-9, 7.674872068774304e-8, 0.2108413514978909, 7.674872068774276e-8, 8.677331599718282e-9
77.0, 8.513181787967417e-9, 7.529776981119073e-8, 0.21083874212537773, 7.529776981119056e-8, 8.513181787967439e-9
77.1, 8.35213721211131e-9, 7.387424953763563e-8, 0.21083606523937864, 7.387424953763581e-8, 8.352137212111282e-9
77.2, 8.194139130135824e-9, 7.247764128279922e-8, 0.21083331915935594, 7.24776412827982e-8, 8.194139130135826e-9
77.3, 8.039129911254479e-9, 7.110743626644504e-8, 0.21083050216567506, 7.11074362664447e-8, 8.039129911254497e-9
77.4, 7.887053014887663e-9, 6.976313532702767e-8, 0.2108276124988083, 6.976313532702772e-8, 7.887053014887656e-9
77.5, 7.737852970039137e-9, 6.844424873985195e-8, 0.21082464835853232, 6.844424873985244e-8, 7.737852970039305e-9
77.6, 7.59147535506199e-9, 6.715029603865658e-8, 0.21082160790309604, 6.715029603865654e-8, 7.591475355061919e-9
77.7, 7.447866777808159e-9, 6.58808058405825e-8, 0.21081848924840096, 6.588080584058385e-8, 7.447866777808155e-9
77.8, 7.3069748561540715e-9, 6.463531567445045e-8, 0.21081529046715722, 6.463531567444997e-8, 7.306974856154086e-9
77.9, 7.168748198893408e-9, 6.341337181227254e-8, 0.21081200958802537, 6.341337181227324e-8, 7.168748198893448e-9
78.0, 7.033136386991443e-9, 6.221452910396529e-8, 0.21080864459475862, 6.221452910396667e-8, 7.033136386991422e-9
78.1, 6.900089955194845e-9, 6.103835081517583e-8, 0.21080519342532036, 6.103835081517461e-8, 6.9000899551947094e-9
78.2, 6.769560373988841e-9, 5.98844084681786e-8, 0.21080165397100512, 5.988440846817807e-8, 6.769560373988819e-9
78.3, 6.641500031895775e-9, 5.875228168578481e-8, 0.21079802407553722, 5.87522816857861e-8, 6.6415000318957886e-9
78.4, 6.515862218108439e-9, 5.764155803819152e-8, 0.2107943015341656, 5.76415580381909e-8, 6.515862218108404e-9
78.5, 6.392601105452277e-9, 5.65518328927322e-8, 0.21079048409274112, 5.655183289273321e-8, 6.392601105452215e-9
78.6, 6.27167173366876e-9, 5.5482709266477086e-8, 0.21078656944679824, 5.548270926647629e-8, 6.271671733668758e-9
78.7, 6.153029993017059e-9, 5.443379768159676e-8, 0.21078255524060785, 5.443379768159704e-8, 6.153029993017201e-9
78.8, 6.036632608184193e-9, 5.340471602349132e-8, 0.21077843906623286, 5.3404716023491734e-8, 6.036632608184155e-9
78.9, 5.922437122499472e-9, 5.2395089401571066e-8, 0.2107742184625741, 5.239508940157149e-8, 5.922437122499519e-9
79.0, 5.810401882449371e-9, 5.1404550012690563e-8, 0.2107698909144003, 5.14045500126906e-8, 5.810401882449362e-9
79.1, 5.700486022483021e-9, 5.043273700715506e-8, 0.21076545385137904, 5.0432737007155236e-8, 5.700486022483009e-9
79.2, 5.59264945010706e-9, 4.9479296357262805e-8, 0.21076090464708272, 4.9479296357262084e-8, 5.592649450107097e-9
79.3, 5.486852831261193e-9, 4.854388072833054e-8, 0.21075624061801038, 4.854388072833095e-8, 5.486852831261177e-9
79.4, 5.383057575970841e-9, 4.762614935216415e-8, 0.2107514590225753, 4.7626149352164784e-8, 5.383057575970858e-9
79.5, 5.281225824271414e-9, 4.6725767902909156e-8, 0.2107465570601115, 4.6725767902909527e-8, 5.281225824271399e-9
79.6, 5.1813204323986e-9, 4.584240837525925e-8, 0.21074153186984826, 4.584240837525909e-8, 5.181320432398614e-9
79.7, 5.083304959239773e-9, 4.4975748964963364e-8, 0.2107363805299029, 4.497574896496363e-8, 5.083304959239776e-9
79.8, 4.9871436530420946e-9, 4.412547395159231e-8, 0.21073110005623732, 4.4125473951592397e-8, 4.987143653042072e-9
79.9, 4.89280143837165e-9, 4.3291273583518646e-8, 0.21072568740164718, 4.329127358351871e-8, 4.8928014383716215e-9
80.0, 4.80024390331959e-9, 4.2472843965078713e-8, 0.21072013945470588, 4.247284396507889e-8, 4.8002439033196346e-9
