flowtime, w1, w2, w3
0.0, 0.0024693749560417513, 0.7490244080133515, -1.513161250962397
0.1, 0.0012074820302503272, 0.7548600583261079, -1.5366754124413124
0.2, 0.0006243789680869978, 0.7543435358324141, -1.552773055171633
0.3, 0.00033836169172562797, 0.7491598269093264, -1.5639692027064989
0.4, 0.0001904996090374014, 0.7400305833845054, -1.5718358400111112
0.5, 0.0001105866816640845, 0.727061904397934, -1.5773885730222443
0.6, 6.578495789271885e-5, 0.7099119508294331, -1.5813021224655666
0.7, 3.990735545393322e-5, 0.6878805646660948, -1.5840356857515865
0.8, 2.4595080873866243e-5, 0.6599855168315175, -1.5859083602175752
0.9, 1.5355286120852327e-5, 0.6250716055089284, -1.5871458871047934
1.0, 9.689833315902922e-6, 0.5819830176106108, -1.58791039959515
1.1, 6.169833095772725e-6, 0.5298071473935149, -1.5883198086638906
1.2, 3.958570417136693e-6, 0.46818779802998667, -1.5884607083432085
1.3, 2.556451820824826e-6, 0.3977747872544446, -1.588397134275865
1.4, 1.6602922650332261e-6, 0.32103951660105123, -1.5881766132746429
1.5, 1.083572442975085e-6, 0.2434376565318908, -1.5878344088659364
1.6, 7.102098109855782e-7, 0.17326435148421523, -1.5873965436341688
1.7, 4.672386334486043e-7, 0.11781598349189583, -1.5868819778133132
1.8, 3.083995511415714e-7, 0.07886980260209109, -1.5863041961331839
1.9, 2.0414423225440854e-7, 0.05329798918352481, -1.5856723728969284
2.0, 1.354740561562981e-7, 0.03678393934159495, -1.5849922316147451
2.1, 9.010247030367562e-8, 0.02597054331201738, -1.5842666798946403
2.2, 6.004279144513275e-8, 0.01871247643098043, -1.5834962762823563
2.3, 4.00797389867042e-8, 0.01371719261289628, -1.5826795693257008
2.4, 2.6793991147592945e-8, 0.010203485759265916, -1.5818133377429786
2.5, 1.793569219159511e-8, 0.0076862471705579204, -1.580892752546687
2.6, 1.201977990501612e-8, 0.005854594656010699, -1.5799114762242918
2.7, 8.063258465693806e-9, 0.004503622103440596, -1.5788617098926787
2.8, 5.4138474028749215e-9, 0.0034951132487666026, -1.5777341962349942
2.9, 3.6377696917448014e-9, 0.0027340474519049187, -1.576518183674882
3.0, 2.446000140111261e-9, 0.002154038725610032, -1.5752013554116238
3.1, 1.6456345121978847e-9, 0.0017080443343095199, -1.573769725473728
3.2, 1.1077303535685822e-9, 0.0013622980155756522, -1.572207502731693
3.3, 7.4598592852164e-10, 0.0010922747093123314, -1.5704969227585022
3.4, 5.025725871772815e-10, 0.0008799644185501631, -1.5686180464731305
3.5, 3.3870163376565056e-10, 0.0007120050787137161, -1.5665485236001624
3.6, 2.2833241385118575e-10, 0.0005783876752735813, -1.564263318081131
3.7, 1.5396904735985987e-10, 0.0004715476784996443, -1.5617343916544664
3.8, 1.0384861424234863e-10, 0.0003857204564766973, -1.558930340848581
3.9, 7.005789045006043e-11, 0.0003164791285838753, -1.555815981593895
4.0, 4.727066058701158e-11, 0.00026039987555502694, -1.5523518745502027
4.1, 3.190032510603287e-11, 0.0002148172201502373, -1.548493783085165
4.2, 2.1530747742849352e-11, 0.000177643453685132, -1.5441920546828847
4.3, 1.4533708835587151e-11, 0.00014723423744888363, -1.5393909155240943
4.4, 9.811622142732965e-12, 0.0001222877509309445, -1.534027667277492
4.5, 6.624401461958221e-12, 0.00010176842891693127, -1.528031775145349
4.6, 4.4728989013561245e-12, 8.484887447312135e-5, -1.5213238375395486
4.7, 3.020395936809578e-12, 7.086531586342268e-5, -1.5138144314322612
4.8, 2.039704586284031e-12, 5.928323308080261e-5, -1.5054028350143582
4.9, 1.3775138931302524e-12, 4.967067553850627e-5, -1.4959756432277052
5.0, 9.30351667165336e-13, 4.167743608270971e-5, -1.4854053155854305
5.1, 6.283739643543677e-13, 3.5018712718992835e-5, -1.473548734450194
5.2, 4.244307625938819e-13, 2.9462229888150322e-5, -1.4602459120583933
5.3, 2.866891238560174e-13, 2.4818041639656057e-5, -1.4453190732255796
5.4, 1.9365535684726648e-13, 2.093042475495326e-5, -1.4285724632887338
5.5, 1.3081579701573704e-13, 1.7671408508741066e-5, -1.4097933853169906
5.6, 8.836939761909146e-14, 1.493559195194353e-5, -1.3887551361363375
5.7, 5.969712090229413e-14, 1.263597841199518e-5, -1.3652226305124473
5.8, 4.032864946859089e-14, 1.0700616879410686e-5, -1.3389614659378903
5.9, 2.724467974727299e-14, 9.069885848414292e-6, -1.3097508213803455
6.0, 1.840588670415307e-14, 7.694290496189889e-6, -1.2773997395745758
6.1, 1.2434778277887756e-14, 6.532671397783556e-6, -1.2417650151677968
6.2, 8.400884499300707e-15, 5.550744196944269e-6, -1.2027675084246379
6.3, 5.675662832022931e-15, 4.719906218937346e-6, -1.1604031611508558
6.4, 3.834535115659036e-15, 4.016258996438594e-6, -1.1147463713481742
6.5, 2.590677635940706e-15, 3.4198058985227115e-6, -1.0659467902273356
6.6, 1.750317315995373e-15, 2.9137921249633244e-6, -1.014224174183399
6.7, 1.1825630599212406e-15, 2.484160727129912e-6, -0.9598664917164539
6.8, 7.989769207947547e-16, 2.1191034064685677e-6, -0.9032325053492726
6.9, 5.398177023238518e-16, 1.8086889026559422e-6, -0.8447543178420758
7.0, 3.6472158630489727e-16, 1.5445550336277722e-6, -0.7849336297454295
7.1, 2.464218968646083e-16, 1.3196530581928156e-6, -0.7243304252540624
7.2, 1.6649450957088873e-16, 1.1280351311976203e-6, -0.6635497411039256
7.3, 1.1249207451608417e-16, 9.646773150122047e-7, -0.6032330217507487
7.4, 7.600568029932547e-17, 8.253319811526739e-7, -0.5440536148620768
7.5, 5.1353183311406216e-17, 7.064045466601671e-7, -0.48670831225839745
7.6, 3.4696625372791375e-17, 6.048503925120696e-7, -0.43189582317173564
7.7, 2.3443087662443908e-17, 5.180885464600154e-7, -0.38027878954285926
7.8, 1.5839319429914184e-17, 4.439293126186503e-7, -0.3324337264635659
7.9, 1.0701854600571276e-17, 3.8051352072070547e-7, -0.28879935839705084
8.0, 7.230783662708005e-18, 3.2626146991493e-7, -0.249636546907977
8.1, 4.885563653868415e-18, 2.798299719442494e-7, -0.215011145521688
8.2, 3.3009463387078275e-18, 2.4007616988968025e-7, -0.18480442975225617
8.3, 2.2301024433108173e-18, 2.0602703220376291e-7, -0.15874681883856412
8.4, 1.5067335464901705e-18, 1.7685360622059557e-7, -0.13646404225726855
8.5, 1.0180683274820567e-18, 1.518492677982161e-7, -0.11752377441979044
8.6, 6.878797080469878e-19, 1.304113299715494e-7, -0.10147434038819007
8.7, 4.647980065265799e-19, 1.1202547814913783e-7, -0.0878722422211025
8.8, 3.1415647069286624e-19, 9.625258628815533e-8, -0.07629923007632047
8.9, 2.1228170081392193e-19, 8.271754074546991e-8, -0.06637150005628073
9.0, 1.4345026566675947e-19, 7.109975867691667e-8, -0.057743783605273706
9.1, 9.693318382216856e-20, 6.112513803251091e-8, -0.05011045504595997
9.2, 6.548511659423653e-20, 5.25592180879443e-8, -0.04320498653605758
9.3, 4.426564818148354e-20, 4.520136447408374e-8, -0.03679847640733765
9.4, 2.9945222214733646e-20, 3.88798219790333e-8, -0.030697730354998266
9.5, 2.0247272231619376e-20, 3.3447502961159675e-8, -0.024743598568546115
9.6, 1.36828867841845e-20, 2.8778399819405786e-8, -0.01881111659513529
9.7, 9.264553245893866e-21, 2.476452727528161e-8, -0.01281466259271168
9.8, 6.262582329016607e-21, 2.131331477324937e-8, -0.006723854018211024
9.9, 4.233582844271395e-21, 1.8345381554124142e-8, -0.0005980337238575114
10.0, 2.8582980494103e-21, 1.5792637274876506e-8, 0.005356874214574698
10.1, 1.9281959022188097e-21, 1.3596659750095542e-8, 0.010731224970578443
10.2, 1.3050983885905035e-21, 1.1707308735538643e-8, 0.014939183007409994
10.3, 8.803394141837568e-22, 1.0081540879790715e-8, 0.017455699301795007
10.4, 5.973937524842066e-22, 8.682396217407715e-9, 0.018203297404326878
10.5, 4.0873668392386197e-22, 7.478131017745967e-9, 0.017675191895416994
10.6, 2.7506743533706276e-22, 6.441475564956864e-9, 0.016567934716118043
10.7, 1.8695596881884342e-22, 5.548998632836139e-9, 0.015359879366297147
10.8, 1.299147813359263e-22, 4.780563122693606e-9, 0.014227362320693942
10.9, 8.936470166265091e-23, 4.1188596282170864e-9, 0.013174844331425824
11.0, 6.325432660805374e-23, 3.5490066415280096e-9, 0.01215906418848214
11.1, 4.2522255355108185e-23, 3.0582077724254686e-9, 0.011146483811366752
11.2, 3.0136573018604434e-23, 2.635457762922484e-9, 0.010126522263179923
11.3, 2.0778560121939624e-23, 2.2712902793495187e-9, 0.009106995837749807
11.4, 1.5275194714965952e-23, 1.9575614864056503e-9, 0.008105530630362146
11.5, 1.084434715886948e-23, 1.6872642784868973e-9, 0.007142223530026118
11.6, 8.325436186754344e-24, 1.4543687861743453e-9, 0.0062349062649521845
11.7, 6.4904354070941745e-24, 1.2536854091945456e-9, 0.0053968135888513855
11.8, 6.191204236245041e-24, 1.0807471677674606e-9, 0.004635975158069579
11.9, 5.1190137717692064e-24, 9.317086258724055e-10, 0.003955634393392018
12.0, 4.005081541119121e-24, 8.032590343070067e-10, 0.0033551536135827753
12.1, 3.0692475128125036e-24, 6.925476784459722e-10, 0.0028310503125706797
12.2, 2.83778532704627e-24, 5.971197037767743e-10, 0.0023779644015151837
12.3, 2.2280281545008526e-24, 5.148609387840017e-10, 0.001989464798616893
12.4, 1.9870717630949856e-24, 4.4395044568299587e-10, 0.0016586705109661462
12.5, 1.5996099570775353e-24, 3.828197100654834e-10, 0.0013786973162019235
12.6, 1.3713397887246266e-24, 3.3011753514480864e-10, 0.0011429571189329531
12.7, 1.0050762521956679e-24, 2.846798387448876e-10, 0.000945341340421735
12.8, 9.012947629624344e-25, 2.455036646836448e-10, 0.0007803179096223668
12.9, 7.704220490161093e-25, 2.1172481749822128e-10, 0.0006429670031653464
13.0, 6.42045656380205e-25, 1.8259861288724796e-10, 0.000528975569037911
13.1, 5.7779607511199655e-25, 1.5748330780187818e-10, 0.0004346058447974524
13.2, 4.956220883689631e-25, 1.3582583550850384e-10, 0.00035664896290896864
13.3, 4.615739026268298e-25, 1.1714952363018235e-10, 0.00029237143059943305
13.4, 4.0497697849056714e-25, 1.0104351839717556e-10, 0.00023945973309892667
13.5, 3.552347071329192e-25, 8.715367716549541e-11, 0.00019596642657176492
13.6, 3.1719649962412956e-25, 7.517472460802786e-11, 0.00016025973348148182
13.7, 2.75086423748342e-25, 6.48434966262257e-11, 0.00013097770900081694
13.8, 2.560775508189899e-25, 5.5933120639639166e-11, 0.00010698740992702769
13.9, 2.211904374233544e-25, 4.8248002058403286e-11, 8.734908449844696e-5
14.0, 1.9477444716308148e-25, 4.1619504920350365e-11, 7.128514802682517e-5
14.1, 1.5835271001103977e-25, 3.5902230300088145e-11, 5.815356662664914e-5
14.2, 1.3134333189828974e-25, 3.097080953261073e-11, 4.742520359285011e-5
14.3, 1.0899921000501471e-25, 2.6717140847630578e-11, 3.8664664199201696e-5
14.4, 9.177050063309386e-26, 2.304800794808846e-11, 3.151418649976543e-5
14.5, 7.867504457842718e-26, 1.9883027614562492e-11, 2.568015539414159e-5
14.6, 6.102687137975528e-26, 1.7152880771795137e-11, 2.0921856155563144e-5
14.7, 5.183959049140319e-26, 1.4797787781925088e-11, 1.7042126157028397e-5
14.8, 4.52304775138136e-26, 1.2766194175060256e-11, 1.3879606077833839e-5
14.9, 3.950633090241828e-26, 1.1013637715237992e-11, 1.1302332279676336e-5
15.0, 3.4048185742133375e-26, 9.501771734723647e-12, 9.202449129551357e-6
15.1, 2.906577394633441e-26, 8.19752314322792e-12, 7.491853281010094e-6
15.2, 2.7288168095163837e-26, 7.0723665093974734e-12, 6.098611183058955e-6
15.3, 2.2969481074010576e-26, 6.101698187218746e-12, 4.964016496294114e-6
15.4, 1.832212879836031e-26, 5.264296677743582e-12, 4.040175931523627e-6
15.5, 1.545110352075028e-26, 4.541857326585018e-12, 3.2880306312735086e-6
15.6, 1.3766853948094417e-26, 3.918591102802115e-12, 2.6757359581154593e-6
15.7, 1.2573044550923388e-26, 3.3808786219517413e-12, 2.177335800392577e-6
15.8, 1.0453345487387252e-26, 2.9169717969239605e-12, 1.7716785991744398e-6
15.9, 9.229483041653267e-27, 2.516736551980961e-12, 1.4415315535038566e-6
16.0, 8.058053574263161e-27, 2.1714309416621066e-12, 1.1728571536564803e-6
16.1, 7.232553878629631e-27, 1.8735137970911426e-12, 9.542225692766271e-7
16.2, 5.9856720765495514e-27, 1.6164796951252593e-12, 7.763176930400592e-7
16.3, 5.2963702392970766e-27, 1.3947166256792375e-12, 6.315619927588859e-7
16.4, 4.3343529719999074e-27, 1.2033832323290493e-12, 5.137839101787381e-7
16.5, 3.7061163717210986e-27, 1.038302932048456e-12, 4.179594936948493e-7
16.6, 3.2284647275396522e-27, 8.958725912046789e-13, 3.399993745240658e-7
16.7, 2.6051836831409048e-27, 7.729837549730278e-13, 2.7657518325069534e-7
16.8, 2.443728475435664e-27, 6.669547032037424e-13, 2.2497813255008238e-7
16.9, 2.1056316791024113e-27, 5.75471843597236e-13, 1.8300382576605428e-7
17.0, 1.8827915211409202e-27, 4.965391580719535e-13, 1.4885844245891865e-7
17.1, 1.6647470624181985e-27, 4.2843459497185244e-13, 1.2108234450261514e-7
17.2, 1.3722094088532568e-27, 3.6967245216312625e-13, 9.848787563133909e-8
17.3, 1.1678326929610285e-27, 3.189709274719447e-13, 8.0108723025139e-8
17.4, 9.773635048612316e-28, 2.752241262176965e-13, 6.515869583995792e-8
17.5, 8.472002346889619e-28, 2.374779132932416e-13, 5.299817244943359e-8
17.6, 6.9845362996646e-28, 2.049090814895907e-13, 4.3106791910627856e-8
17.7, 6.127305060734545e-28, 1.768073804103569e-13, 3.5061229179983585e-8
17.8, 5.120208220592942e-28, 1.5256001297007024e-13, 2.8517108848375496e-8
17.9, 4.597477003567063e-28, 1.316382604986164e-13, 2.3194287600524864e-8
18.0, 3.9870244546320238e-28, 1.1358594406800551e-13, 1.886487856391172e-8
18.1, 3.571197366470382e-28, 9.800946984263349e-14, 1.534350718447747e-8
18.2, 3.0696471544157344e-28, 8.456924091161728e-14, 1.247938314171043e-8
18.3, 2.7275539420501744e-28, 7.297224795347174e-14, 1.0149850086567823e-8
18.4, 2.196430251356448e-28, 6.296567686483165e-14, 8.25513790979376e-9
18.5, 1.8998961817591983e-28, 5.433139372192865e-14, 6.71409348285331e-9
18.6, 1.612154227433026e-28, 4.6881186623888304e-14, 5.460707525772871e-9
18.7, 1.3952487472795123e-28, 4.0452660510943386e-14, 4.44128921213519e-9
18.8, 1.1547644125353815e-28, 3.490569532115606e-14, 3.612167761032683e-9
18.9, 9.876143119841015e-29, 3.0119390158744807e-14, 2.9378227620780146e-9
19.0, 8.106729921536672e-29, 2.5989426765381818e-14, 2.389363288353334e-9
19.1, 6.316335539062712e-29, 2.2425794745300238e-14, 1.9432907519497835e-9
19.2, 5.108418793297633e-29, 1.9350828896297554e-14, 1.5804925815396225e-9
19.3, 4.3810710754175877e-29, 1.6697515814704497e-14, 1.28542366753327e-9
19.4, 3.849048191116592e-29, 1.4408032822241103e-14, 1.0454405481830314e-9
19.5, 3.2380960901775144e-29, 1.243248733501944e-14, 8.502598417437321e-10
19.6, 2.5891780369315115e-29, 1.0727829170791545e-14, 6.915177440886356e-10
19.7, 2.4887680841197745e-29, 9.256912065505472e-15, 5.624117347788363e-10
19.8, 2.0176905443114751e-29, 7.987683926912682e-15, 4.574091520685052e-10
19.9, 1.811750230646606e-29, 6.892488162538595e-15, 3.7201015891172477e-10
20.0, 1.5576031485920224e-29, 5.947460843194746e-15, 3.025549499635063e-10
20.1, 1.4754268439276903e-29, 5.132010554352556e-15, 2.460669433150324e-10
20.2, 1.1909319776277683e-29, 4.4283695918018205e-15, 2.0012524121674213e-10
20.3, 1.010343928167853e-29, 3.821206714499327e-15, 1.6276089718566287e-10
20.4, 8.501126228725063e-30, 3.2972930103690278e-15, 1.3237254625415635e-10
20.5, 7.580701661284139e-30, 2.8452135893794967e-15, 1.0765778429635172e-10
20.6, 6.443596412091518e-30, 2.4551188177948338e-15, 8.755735683815596e-11
20.7, 5.480085484302273e-30, 2.1185096698955543e-15, 7.120976637552977e-11
20.8, 4.700784358002223e-30, 1.828052517529051e-15, 5.791435347107912e-11
20.9, 3.929600951767799e-30, 1.5774193198156953e-15, 4.71012698699867e-11
21.0, 3.586158948991335e-30, 1.3611497292192544e-15, 3.830705710988125e-11
21.1, 3.0422717045944252e-30, 1.174532108077522e-15, 3.115478423427395e-11
21.2, 2.6104714411036524e-30, 1.0135008620122312e-15, 2.533789353693019e-11
21.3, 2.3372789388951013e-30, 8.745478523915703e-16, 2.060706212815075e-11
21.4, 2.0228733963533745e-30, 7.54645956967455e-16, 1.6759516326330756e-11
21.5, 1.773565724337914e-30, 6.511831126502296e-16, 1.3630340972912485e-11
21.6, 1.5286291323577899e-30, 5.61905402892281e-16, 1.1085411247036006e-11
21.7, 1.3003963105127033e-30, 4.848679493166694e-16, 9.015644078993076e-12
21.8, 1.1314852891471877e-30, 4.1839253734358147e-16, 7.332322806949904e-12
21.9, 9.774047179015648e-31, 3.6103105235166287e-16, 5.963294711543314e-12
22.0, 8.315199217221985e-31, 3.115339295604498e-16, 4.849878468040105e-12
22.1, 7.248187358596016e-31, 2.688229300982763e-16, 3.944348978243376e-12
22.2, 6.294355250885018e-31, 2.3196765001002364e-16, 3.207891787623087e-12
22.3, 5.45136124407006e-31, 2.0016525031623153e-16, 2.6089394173509697e-12
22.4, 4.847215539186007e-31, 1.7272296643410912e-16, 2.1218183082787477e-12
22.5, 4.125987333355432e-31, 1.4904301584225188e-16, 1.7256483857127924e-12
22.6, 3.595993879070843e-31, 1.2860957513478427e-16, 1.4034480805061992e-12
22.7, 3.0831725249250768e-31, 1.1097754270695631e-16, 1.1414064474342441e-12
22.8, 2.7012884343378378e-31, 9.576284222590888e-17, 9.28291183366325e-13
22.9, 2.3022322436117755e-31, 8.26340556155745e-17, 7.549671722856795e-13
23.0, 1.974010965958359e-31, 7.130520325554761e-17, 6.140049213388681e-13
23.1, 1.688719938652001e-31, 6.152951409166949e-17, 4.993621048255043e-13
23.2, 1.4519205804876604e-31, 5.309404992589899e-17, 4.061245664745793e-13
23.3, 1.2918102604432917e-31, 4.5815066764973994e-17, 3.3029567878258016e-13
23.4, 1.1245774215913428e-31, 3.9534012166997404e-17, 2.686250308275226e-13
23.5, 9.637841202914527e-32, 3.4114071382538846e-17, 2.184691016493909e-13
23.6, 8.40359650543661e-32, 2.94371870439982e-17, 1.7767794724579543e-13
23.7, 7.182035745561231e-32, 2.5401487474564845e-17, 1.4450304422894467e-13
23.8, 6.227813362847077e-32, 2.1919067590841304e-17, 1.1752234001387784e-13
23.9, 5.473606919249899e-32, 1.8914074055229992e-17, 9.557929692419484e-14
24.0, 4.6325642874507164e-32, 1.632105296278873e-17, 7.773331742015819e-14
24.1, 4.057396501550928e-32, 1.4083524066991145e-17, 6.321942548337512e-14
24.2, 3.433444340256755e-32, 1.2152750484249723e-17, 5.141547594096903e-14
24.3, 2.964870414593695e-32, 1.0486677075767084e-17, 4.1815486185330384e-14
24.4, 2.624599396217866e-32, 9.049014380030719e-18, 3.400794717335057e-14
24.5, 2.2323730180470177e-32, 7.808448140169376e-18, 2.7658184019623146e-14
24.6, 1.902590640380981e-32, 6.7379572065002086e-18, 2.2494010079480505e-14
24.7, 1.6511071852229307e-32, 5.814224955559414e-18, 1.8294059590014168e-14
24.8, 1.4342606365948932e-32, 5.017131404147881e-18, 1.487829875139456e-14
24.9, 1.2454651038186268e-32, 4.329314954836895e-18, 1.2100308508114805e-14
25.0, 1.0644750711054616e-32, 3.735794226263484e-18, 9.84100823265515e-15
25.1, 9.21963714484617e-33, 3.223641730443749e-18, 8.003551277651517e-15
25.2, 7.92990022035714e-33, 2.7817022887792243e-18, 6.509173594347764e-15
25.3, 6.770051695355657e-33, 2.400350053009948e-18, 5.2938174680228244e-15
25.4, 5.918764344723654e-33, 2.0712788383325033e-18, 4.305385646319418e-15
25.5, 5.0607691424749234e-33, 1.7873212015595175e-18, 3.5015081581178784e-15
25.6, 4.353090796910138e-33, 1.542292323363763e-18, 2.847726097058014e-15
25.7, 3.822865616842426e-33, 1.3308552939656571e-18, 2.3160145170159107e-15
25.8, 3.37953760544596e-33, 1.1484048678581949e-18, 1.8835811229091458e-15
25.9, 2.861203616880629e-33, 9.909671554755632e-19, 1.5318892622163324e-15
26.0, 2.50477277415541e-33, 8.551130668649887e-19, 1.245863337296233e-15
26.1, 2.1669409745492997e-33, 7.37883621979189e-19, 1.0132425781104162e-15
26.2, 1.8458788039850094e-33, 6.3672550069325035e-19, 8.240554744706396e-16
26.3, 1.594944173050146e-33, 5.494354286982809e-19, 6.701923390486656e-16
26.4, 1.3714507532746237e-33, 4.741121878909769e-19, 5.450576788027737e-16
26.5, 1.2017725976060314e-33, 4.0911520595826816e-19, 4.432874735004106e-16
26.6, 1.0374302329961999e-33, 3.530288231662236e-19, 3.6051924229204476e-16
26.7, 9.038830053540734e-34, 3.04631458024204e-19, 2.932050420798922e-16
26.8, 7.831416762529727e-34, 2.6286900020324414e-19, 2.3845938172150546e-16
26.9, 6.78483945914708e-34, 2.268318511656847e-19, 1.9393553279694139e-16
27.0, 5.833925266889358e-34, 1.957351124174571e-19, 1.577249349052343e-16
27.1, 5.068239249957188e-34, 1.6890148985530893e-19, 1.2827538341853949e-16
27.2, 4.305602256487168e-34, 1.4574654184286035e-19, 1.0432449274549327e-16
27.3, 3.873022052794777e-34, 1.257659496996287e-19, 8.48455829512179e-17
27.4, 3.544680338714606e-34, 1.0852453333875006e-19, 6.900367011791093e-17
27.5, 2.212066521789105e-34, 9.364677280114692e-20, 5.611967393465424e-17
27.6, 6.75168132899621e-35, 8.080862923459458e-20, 4.5641308243144184e-17
27.7, -4.382971226839199e-36, 6.973048716991964e-20, 3.7119406736432165e-17
27.8, -5.983708544467428e-36, 6.017106436997196e-20, 3.018866899013352e-17
27.9, -7.374825499072913e-36, 5.192215660199876e-20, 2.4552001486897056e-17
28.0, -9.775931475515257e-36, 4.4804102869759023e-20, 1.9967782397446036e-17
28.1, -1.4721066403188179e-35, 3.8661872334180896e-20, 1.623950421092064e-17
28.2, -2.1152600268658742e-35, 3.336168769245665e-20, 1.3207350235907044e-17
28.3, -2.244843524007207e-35, 2.878811147014185e-20, 1.0741343890677976e-17
28.4, -2.170047167201364e-35, 2.484153176352819e-20, 8.735777120240359e-18
28.5, -2.617396078288539e-35, 2.1435992670006982e-20, 7.104679108761428e-18
28.6, -2.6707539888761465e-35, 1.849732215176263e-20, 5.7781310491974925e-18
28.7, -2.6335940154312056e-35, 1.5961516556504018e-20, 4.699268999007793e-18
28.8, -2.5025812885419906e-35, 1.3773346609151392e-20, 3.821846346316839e-18
28.9, -2.2948665651830892e-35, 1.188515451222007e-20, 3.1082513991414832e-18
29.0, -2.0490390485473254e-35, 1.0255815955126334e-20, 2.5278951196012256e-18
29.1, -1.808928450903091e-35, 8.849844424490148e-21, 2.055899891666306e-18
29.2, -1.4844932981337983e-35, 7.636618306915648e-21, 1.6720331151047939e-18
29.3, -1.2381893715820736e-35, 6.589713950232011e-21, 1.3598399130142944e-18
29.4, -1.0650143671303292e-35, 5.686330157020563e-21, 1.1059377755318627e-18
29.5, -9.168508832665259e-36, 4.906791575697929e-21, 8.994429038771117e-19
29.6, -7.672581696548401e-36, 4.2341201728594e-21, 7.315036643552353e-19
29.7, -6.616142707905367e-36, 3.653665453429752e-21, 5.949211533268642e-19
29.8, -5.734784363377919e-36, 3.152785374723642e-21, 4.838406082548474e-19
29.9, -4.882010613808118e-36, 2.72057100465351e-21, 3.935004368299549e-19
30.0, -4.385353276419003e-36, 2.3476089270875156e-21, 3.2002810603752924e-19
30.1, -3.7100422205445934e-36, 2.025776219508708e-21, 2.6027414172848844e-19
30.2, -3.1669349163493015e-36, 1.7480635375594487e-21, 2.116771229055801e-19
30.3, -2.6675977731829065e-36, 1.5084224532348354e-21, 1.7215388355759588e-19
30.4, -2.3558470344260695e-36, 1.3016337217380343e-21, 1.4001021542297106e-19
30.5, -2.0494559072237913e-36, 1.1231936078426399e-21, 1.13868243858726e-19
30.6, -1.712693647879013e-36, 9.692157959473688e-22, 9.260736370146233e-20
30.7, -1.49771367330171e-36, 8.363467474236212e-22, 7.531620327096854e-20
30.8, -1.3390096200472743e-36, 7.216926617412506e-22, 6.125355740034808e-20
30.9, -1.115394715743182e-36, 6.227564505893522e-22, 4.9816614843755707e-20
31.0, -9.793201334968835e-37, 5.373833522930148e-22, 4.051511809431385e-20
31.1, -8.742121957880358e-37, 4.637140020135407e-22, 3.295034794407843e-20
31.2, -7.13870483447485e-37, 4.0014393560678998e-22, 2.679803193582452e-20
31.3, -6.285633328707574e-37, 3.45288645139649e-22, 2.179444405836752e-20
31.4, -5.280706162227799e-37, 2.979534249797095e-22, 1.7725099833339432e-20
31.5, -4.765587940595202e-37, 2.5710735171185295e-22, 1.4415562195667015e-20
31.6, -4.007798418020083e-37, 2.218608311699805e-22, 1.1723964051521291e-20
31.7, -3.497146539349619e-37, 1.9144622356359808e-22, 9.534926984799354e-21
31.8, -3.0266917473383463e-37, 1.6520112471961731e-22, 7.75461543066272e-21
31.9, -2.586756965568311e-37, 1.4255393930959705e-22, 6.306714307722468e-21
32.0, -2.2100953757618174e-37, 1.230114318517159e-22, 5.129157685547759e-21
32.1, -1.9637021223508504e-37, 1.061479843524268e-22, 4.171468258145885e-21
32.2, -1.6711566583311822e-37, 9.159632662298136e-23, 3.392593576944844e-21
32.3, -1.4913863541053557e-37, 7.903953738058932e-23, 2.7591462909634967e-21
32.4, -1.2427599292133224e-37, 6.820414192133525e-23, 2.24397296007674e-21
32.5, -1.0797384110954922e-37, 5.885415603505189e-23, 1.8249900919384092e-21
32.6, -9.37373729177524e-38, 5.0785946441206955e-23, 1.4842375079682214e-21
32.7, -8.011502688324877e-38, 4.3823795808454855e-23, 1.2071084598640857e-21
32.8, -6.999131616908215e-38, 3.7816075766103963e-23, 9.817234947120168e-22
32.9, -6.07794838096842e-38, 3.2631944557595897e-23, 7.984212287119974e-22
33.0, -5.215385896406613e-38, 2.8158497412611145e-23, 6.493442009579318e-22
33.1, -4.4179575800425686e-38, 2.4298307574444428e-23, 5.281020544241246e-22
33.2, -3.8303543340870333e-38, 2.096730442760535e-23, 4.294976060287784e-22
33.3, -3.2813663449916e-38, 1.8092942512497933e-23, 3.4930406345668685e-22
33.4, -2.877069258106913e-38, 1.5612621549417463e-23, 2.84083838887018e-22
33.5, -2.4974301063256643e-38, 1.347232306097276e-23, 2.310411928706429e-22
33.6, -2.1338418745645788e-38, 1.1625433899441103e-23, 1.8790239176921342e-22
33.7, -1.8395750075282558e-38, 1.0031731056262193e-23, 1.5281824156823448e-22
33.8, -1.5939261446109774e-38, 8.656505643511552e-24, 1.2428482006510116e-22
33.9, -1.3817748539096915e-38, 7.469806968285239e-24, 1.0107900952706737e-22
34.0, -1.1924205220776225e-38, 6.445790236479017e-24, 8.220606635310308e-23
34.1, -1.0212107085292164e-38, 5.562153679434002e-24, 6.685698025345547e-23
34.2, -8.828006011089695e-39, 4.799652844494045e-24, 5.437379509954443e-23
34.3, -7.874255691051018e-39, 4.141681471101265e-24, 4.422140488288351e-23
34.4, -6.590182089437973e-39, 3.573909824246116e-24, 3.5964615784648835e-23
34.5, -5.772515656526766e-39, 3.0839726084694248e-24, 2.9249491095337784e-23
34.6, -5.00602607005666e-39, 2.6611996654449778e-24, 2.378817931321624e-23
34.7, -4.227905382122667e-39, 2.296383589966011e-24, 1.9346575060681563e-23
34.8, -3.681243613320011e-39, 1.9815792032152993e-24, 1.5734283889635438e-23
34.9, -3.272991951937602e-39, 1.7099305160256783e-24, 1.2796460805792896e-23
35.0, -2.7606419324534112e-39, 1.4755214135489422e-24, 1.0407172660952867e-23
35.1, -2.4250846552202917e-39, 1.2732468093839868e-24, 8.46399988459415e-24
35.2, -2.0325349808141292e-39, 1.0987014630239145e-24, 6.883646151855177e-24
35.3, -1.7766507486086308e-39, 9.480840391735734e-25, 5.598367791300533e-24
35.4, -1.5367592809159763e-39, 8.181143194444096e-25, 4.5530698749576156e-24
35.5, -1.3067542494676248e-39, 7.059617633806491e-25, 3.702944511204823e-24
35.6, -1.1299615072165531e-39, 6.0918386294918185e-25, 3.0115501032365568e-24
35.7, -9.773033005030456e-40, 5.256729479183278e-25, 2.449249238323587e-24
35.8, -8.511058496198793e-40, 4.536102836031713e-25, 1.991938246206163e-24
35.9, -7.28397729175879e-40, 3.9142646127597227e-25, 1.6200139676877888e-24
36.0, -6.212462069398265e-40, 3.37767218588336e-25, 1.3175334427840887e-24
36.1, -5.4753410141244714e-40, 2.914639456122046e-25, 1.0715304974982555e-24
36.2, -4.7382199588506776e-40, 2.5150823415471957e-25, 8.71459933933613e-25
36.3, -4.033084432602571e-40, 2.1702991606048364e-25, 7.087454983167652e-25
36.4, -3.410093560443162e-40, 1.8727811220117388e-25, 5.764122500635785e-25
36.5, -3.0342635943913363e-40, 1.6160487942212545e-25, 4.6878757296744e-25
36.6, -2.592281738763657e-40, 1.3945109929615148e-25, 3.812580120123472e-25
36.7, -2.280422830763206e-40, 1.2033430135901552e-25, 3.1007151234257698e-25
36.8, -2.027446373923679e-40, 1.0383815563179164e-25, 2.521765831361289e-25
36.9, -1.6915983191539623e-40, 8.960340559055754e-26, 2.0509149195730525e-25
37.0, -1.4611571214007153e-40, 7.73200441151314e-26, 1.6679788245468234e-25
37.1, -1.2343506428549326e-40, 6.672056201921004e-26, 1.3565425520535118e-25
37.2, -1.0471626036705126e-40, 5.757412212379115e-26, 1.1032560296278764e-25
37.3, -9.535685840783026e-41, 4.96815319930147e-26, 8.972618404272522e-26
37.4, -8.099971753834563e-41, 4.2870905845413626e-26, 7.297298076271724e-26
37.5, -7.054989981688529e-41, 3.6993921162971037e-26, 5.934784787812166e-26
37.6, -5.993651973108905e-41, 3.192258847214188e-26, 4.826672846389007e-26
37.7, -5.199465826277918e-41, 2.7546463947225187e-26, 3.9254617645697335e-26
37.8, -4.5615726053679045e-41, 2.3770244130573119e-26, 3.1925200972085606e-26
37.9, -3.8955103106000413e-41, 2.0511690386121373e-26, 2.5964294603129857e-26
38.0, -3.283060124142279e-41, 1.7699837883882867e-26, 2.1116377460359637e-26
38.1, -2.84053306063348e-41, 1.5273450109738725e-26, 1.717363802312045e-26
38.2, -2.535216647206465e-41, 1.3179685242074522e-26, 1.3967066249761327e-26
38.3, -2.1199499777536498e-41, 1.1372945350967562e-26, 1.135920876865138e-26
38.4, -1.8677913327358025e-41, 9.813883357253776e-27, 9.23827678199197e-27
38.5, -1.575196436534913e-41, 8.468546124587241e-27, 7.513354110976258e-27
38.6, -1.356658944186112e-41, 7.307635022384801e-27, 6.110499969663645e-27
38.7, -1.185372801534349e-41, 6.3058678558935625e-27, 4.969579408509631e-27
38.8, -1.0020466515078599e-41, 5.4414282672448605e-27, 4.041685560882705e-27
38.9, -8.957311146895243e-42, 4.6954906163452506e-27, 3.287043194214124e-27
39.0, -7.860080286141908e-42, 4.051809994292112e-27, 2.6733036990995054e-27
39.1, -6.640177652136647e-42, 3.496368440487492e-27, 2.1741584291075157e-27
39.2, -5.761029943831178e-42, 3.017069658653806e-27, 1.76821095051896e-27
39.3, -5.045444599861612e-42, 2.6034755831846415e-27, 1.4380598596893379e-27
39.4, -4.1356289482431624e-42, 2.2465790586979204e-27, 1.1695528519511406e-27
39.5, -3.6551645030064535e-42, 1.938607682146434e-27, 9.511800668649944e-28
39.6, -3.2292208458817114e-42, 1.672854535510598e-27, 7.735807048689597e-28
39.7, -2.687988438895206e-42, 1.4435321227309784e-27, 6.291417658838004e-28
39.8, -2.345529738566913e-42, 1.2456463298883313e-27, 5.116717093448389e-28
39.9, -2.0416899298179305e-42, 1.074887663711193e-27, 4.1613504672397105e-28
40.0, -1.743529369830611e-42, 9.275373997842864e-28, 3.3843648954631143e-28
