flowtime, w1, w2, w3, w4, w5
0.0, 0.0010120655660063814, 0.9284839012162398, -1.8608647106515794, 0.9284839012162044, 0.0010120655660064504
0.1, 0.0008775899186873935, 0.9289726422370874, -1.8621850347486235, 0.9289726422370561, 0.0008775899186873251
0.2, 0.0007630472682631081, 0.9293684108296293, -1.8634203130373448, 0.9293684108296174, 0.0007630472682630459
0.3, 0.0006651967046050532, 0.9296776083087205, -1.8645769666834047, 0.9296776083086673, 0.0006651967046051599
0.4, 0.0005813615673884809, 0.9299058893294345, -1.8656608251726288, 0.929905889329391, 0.0005813615673884892
0.5, 0.0005093271460212921, 0.9300582394529948, -1.866677191207022, 0.9300582394530038, 0.0005093271460212906
0.6, 0.00044725705811136213, 0.9301390442084733, -1.8676308972740867, 0.9301390442084738, 0.0004472570581113498
0.7, 0.0003936250407373978, 0.9301521503289779, -1.86852635513261, 0.930152150328982, 0.0003936250407373896
0.8, 0.00034715937723628614, 0.9301009198539337, -1.8693675992417162, 0.9301009198539256, 0.0003471593772362557
0.9, 0.00030679763490228264, 0.9299882777675029, -1.8701583249889664, 0.9299882777675281, 0.00030679763490229045
1.0, 0.00027164979014127527, 0.9298167538086295, -1.870901922434179, 0.9298167538086094, 0.00027164979014123125
1.1, 0.00024096816279260355, 0.9295885190371206, -1.871601506171782, 0.9295885190371657, 0.0002409681627926049
1.2, 0.0002141228723477363, 0.9293054176901246, -1.8722599418232257, 0.9293054176901172, 0.00021412287234773682
1.3, 0.0001905817706267071, 0.928968994806552, -1.8728798695920172, 0.9289689948065739, 0.00019058177062668526
1.4, 0.00016989400434652953, 0.9285805200454255, -1.8734637252526825, 0.9285805200453833, 0.00016989400434653474
1.5, 0.00015167652330214164, 0.9281410080704834, -1.8740137588908798, 0.9281410080705363, 0.0001516765233021306
1.6, 0.00013560298161064663, 0.927651235825835, -1.8745320516670887, 0.9276512358258374, 0.0001356029816106592
1.7, 0.00012139458595810274, 0.927111756980242, -1.8750205308414203, 0.9271117569802857, 0.0001213945859581041
1.8, 0.00010881253066651372, 0.9265229137763958, -1.8754809832610355, 0.9265229137764285, 0.00010881253066650922
1.9, 9.765172853029454e-5, 0.9258848464788472, -1.8759150674898024, 0.9258848464788486, 9.7651728530258e-5
2.0, 8.77356019762606e-5, 0.9251975005788072, -1.8763243247332557, 0.925197500578767, 8.773560197623869e-5
2.1, 7.891174382486972e-5, 0.9244606318768928, -1.8767101886935031, 0.9244606318768785, 7.891174382482509e-5
2.2, 7.104829289965746e-5, 0.9236738095309691, -1.8770739944728683, 0.9236738095310317, 7.10482928996558e-5
2.3, 6.403089869184326e-5, 0.9228364171229627, -1.8774169866295416, 0.9228364171229907, 6.403089869185708e-5
2.4, 5.7760172622158405e-5, 0.9219476517657296, -1.8777403264745534, 0.9219476517656982, 5.7760172622179743e-5
2.5, 5.2149542273312115e-5, 0.9210065212390468, -1.8780450986930097, 0.9210065212390524, 5.214954227330291e-5
2.6, 4.7123440183342056e-5, 0.9200118391091996, -1.8783323173578022, 0.9200118391092273, 4.712344018335675e-5
2.7, 4.2615771111728545e-5, 0.9189622177524402, -1.8786029313992978, 0.9189622177524422, 4.261577111172489e-5
2.8, 3.8568611682713426e-5, 0.9178560591673397, -1.8788578295867056, 0.9178560591672985, 3.8568611682717594e-5
2.9, 3.49311044335899e-5, 0.9166915434207396, -1.8790978450688762, 0.9166915434207447, 3.4931104433597303e-5
3.0, 3.165851490947287e-5, 0.9154666145309704, -1.8793237595202466, 0.9154666145309948, 3.165851490947723e-5
3.1, 2.8711425847184094e-5, 0.9141789635469626, -1.8795363069287918, 0.9141789635469963, 2.8711425847198816e-5
3.2, 2.605504690786321e-5, 0.9128260085315459, -1.8797361770614827, 0.9128260085315643, 2.605504690786258e-5
3.3, 2.3658622039234662e-5, 0.9114048711031624, -1.8799240186386794, 0.9114048711031549, 2.3658622039245802e-5
3.4, 2.1494919526122093e-5, 0.9099123491303437, -1.8801004422435728, 0.9099123491303087, 2.149491952611055e-5
3.5, 1.9539792239781916e-5, 0.9083448851074447, -1.8802660229932076, 0.9083448851074366, 1.9539792239777484e-5
3.6, 1.7771797620394886e-5, 0.9066985296681819, -1.8804213029922596, 0.9066985296682171, 1.7771797620402746e-5
3.7, 1.6171868604093438e-5, 0.9049688996161279, -1.880566793588722, 0.9049688996161603, 1.617186860409777e-5
3.8, 1.4723028094715928e-5, 0.9031511297661501, -1.8807029774519204, 0.9031511297661422, 1.4723028094718437e-5
3.9, 1.3410140737226921e-5, 0.9012398178019606, -1.8808303104855293, 0.9012398178019095, 1.3410140737231851e-5
4.0, 1.2219696712408961e-5, 0.8992289612618154, -1.880949223592694, 0.8992289612618, 1.2219696712407787e-5
4.1, 1.1139623077633973e-5, 0.8971118856681843, -1.8810601243058367, 0.8971118856682045, 1.1139623077633352e-5
4.2, 1.015911885150437e-5, 0.894881162723192, -1.881163398292076, 0.8948811627232377, 1.015911885151038e-5
4.3, 9.268510606377882e-6, 0.892528517403965, -1.8812594107448397, 0.89252851740396, 9.26851060637812e-6
4.4, 8.459125807318944e-6, 0.8900447227156943, -1.8813485076731988, 0.890044722715689, 8.459125807320043e-6
4.5, 7.7231815372036e-6, 0.8874194808067077, -1.8814310170955875, 0.8874194808066936, 7.723181537203763e-6
4.6, 7.053686585991125e-6, 0.8846412891265458, -1.8815072501463732, 0.8846412891265653, 7.053686585988559e-6
4.7, 6.444355168694321e-6, 0.8816972903391799, -1.8815775021032566, 0.8816972903392272, 6.444355168689628e-6
4.8, 5.889530779302962e-6, 0.8785731047940507, -1.881642053340988, 0.8785731047940711, 5.889530779298032e-6
4.9, 5.384118894819465e-6, 0.8752526445494315, -1.881701170218174, 0.8752526445494582, 5.384118894822745e-6
5.0, 4.923527419098028e-6, 0.8717179082518449, -1.8817551059019686, 0.8717179082518534, 4.9235274190959095e-6
5.1, 4.503613906292175e-6, 0.8679487566451637, -1.8818041011356195, 0.8679487566451994, 4.503613906291145e-6
5.2, 4.120638732349665e-6, 0.8639226691534482, -1.8818483849541925, 0.8639226691534401, 4.120638732352146e-6
5.3, 3.7712234924566775e-6, 0.8596144829028647, -1.8818881753509875, 0.8596144829028596, 3.7712234924564623e-6
5.4, 3.452313996905229e-6, 0.8549961167687097, -1.8819236799003116, 0.8549961167686834, 3.4523139969018905e-6
5.5, 3.161147319104001e-6, 0.8500362846128615, -1.8819550963378575, 0.8500362846128193, 3.161147319102846e-6
5.6, 2.8952224189194314e-6, 0.8447002038633722, -1.8819826131040402, 0.8447002038633743, 2.895222418919755e-6
5.7, 2.6522739252354385e-6, 0.838949308028947, -1.8820064098514653, 0.8389493080289745, 2.65227392523433e-6
5.8, 2.430248713303941e-6, 0.832740974666059, -1.882026657920196, 0.832740974666035, 2.4302487133044186e-6
5.9, 2.2272849580414467e-6, 0.8260282837280423, -1.8820435207821071, 0.826028283728065, 2.2272849580407754e-6
6.0, 2.041693382968032e-6, 0.8187598250955936, -1.8820571544581652, 0.818759825095561, 2.0416933829699575e-6
6.1, 1.8719404590660312e-6, 0.8108795783366345, -1.8820677079086099, 0.8108795783366374, 1.8719404590643387e-6
6.2, 1.7166333368304032e-6, 0.8023268922471347, -1.8820753234000616, 0.8023268922471053, 1.7166333368318984e-6
6.3, 1.5745063209680214e-6, 0.7930365962998632, -1.8820801368497813, 0.7930365962998698, 1.5745063209698938e-6
6.4, 1.4444087193455122e-6, 0.782939280568496, -1.882082278148851, 0.7829392805684795, 1.4444087193460043e-6
6.5, 1.3252939177280302e-6, 0.7719617847872219, -1.8820818714659888, 0.7719617847872184, 1.3252939177269466e-6
6.6, 1.2162095486672127e-6, 0.7600279407940888, -1.8820790355342905, 0.7600279407940685, 1.2162095486665605e-6
6.7, 1.116288638346406e-6, 0.7470596156708593, -1.8820738839194506, 0.7470596156708647, 1.1162886383461645e-6
6.8, 1.02474162804991e-6, 0.7329781055916268, -1.882066525274048, 0.7329781055916237, 1.0247416280492803e-6
6.9, 9.408491787742865e-7, 0.7177059330990827, -1.8820570635760332, 0.7177059330990829, 9.408491787742103e-7
7.0, 8.639556776287903e-7, 0.7011691036537256, -1.8820455983539954, 0.7011691036537151, 8.639556776290553e-7
7.1, 7.934633735712449e-7, 0.6832998809131529, -1.882032224899624, 0.6832998809131559, 7.934633735706592e-7
7.2, 7.288270781689725e-7, 0.6640401431485677, -1.8820170344686549, 0.6640401431485695, 7.288270781697259e-7
7.3, 6.695493739077806e-7, 0.6433453818266315, -1.8820001144700198, 0.6433453818266316, 6.695493739095015e-7
7.4, 6.151762788068505e-7, 0.6211893897466959, -1.8819815486449574, 0.6211893897467083, 6.151762788059005e-7
7.5, 5.652933216355021e-7, 0.5975696465351074, -1.881961417236413, 0.5975696465351082, 5.652933216358007e-7
7.6, 5.19521986807802e-7, 0.5725133242465236, -1.8819397971494265, 0.5725133242465168, 5.195219868085917e-7
7.7, 4.775164924243994e-7, 0.5460836834832821, -1.8819167621021473, 0.5460836834832982, 4.775164924259935e-7
7.8, 4.389608686618067e-7, 0.5183863961171328, -1.8818923827701683, 0.5183863961171452, 4.389608686618513e-7
7.9, 4.0356630718031373e-7, 0.4895750232081525, -1.8818667269219096, 0.48957502320815816, 4.0356630718017185e-7
8.0, 3.7106875525410595e-7, 0.45985454863419356, -1.8818398595483488, 0.4598545486341665, 3.710687552540704e-7
8.1, 3.412267309331106e-7, 0.4294816301295352, -1.8818118429845228, 0.4294816301295621, 3.4122673093307507e-7
8.2, 3.138193380845234e-7, 0.39876023642908215, -1.8817827370262186, 0.3987602364290758, 3.1381933808482306e-7
8.3, 2.886444621673167e-7, 0.36803174436093744, -1.8817525990400932, 0.3680317443609357, 2.886444621678401e-7
8.4, 2.655171296283093e-7, 0.3376594324704183, -1.881721484068302, 0.337659432470418, 2.6551712962845384e-7
8.5, 2.4426801540349426e-7, 0.3080085058544644, -1.881689444927793, 0.30800850585446443, 2.4426801540407135e-7
8.6, 2.2474208469233824e-7, 0.2794239940947356, -1.8816565323052397, 0.2794239940947342, 2.2474208469192732e-7
8.7, 2.067973563480372e-7, 0.2522096470430081, -1.8816227948467346, 0.25220964704300186, 2.067973563487945e-7
8.8, 1.9030377664809727e-7, 0.2266109677001603, -1.8815882792436576, 0.22661096770016248, 1.9030377664749e-7
8.9, 1.7514219316826572e-7, 0.20280470261888642, -1.8815530303137171, 0.20280470261889166, 1.7514219316822684e-7
9.0, 1.6120341956830093e-7, 0.18089572636917747, -1.8815170910791164, 0.18089572636917042, 1.6120341956879422e-7
9.1, 1.483873829173843e-7, 0.16092078124398027, -1.8814805028401973, 0.16092078124398196, 1.4838738291722588e-7
9.2, 1.366023460257606e-7, 0.14285741706708208, -1.8814433052457031, 0.14285741706707908, 1.3660234602572448e-7
9.3, 1.2576419797063016e-7, 0.12663596050867654, -1.8814055363604343, 0.12663596050867088, 1.2576419797070808e-7
9.4, 1.157958066211541e-7, 0.11215241360834372, -1.8813672327290163, 0.1121524136083467, 1.1579580662100064e-7
9.5, 1.0662642755947878e-7, 0.09928064466648112, -1.8813284294374708, 0.0992806446664808, 1.0662642755937381e-7
9.6, 9.819116436265694e-8, 0.08788284908906252, -1.8812891601709254, 0.08788284908906235, 9.819116436296796e-8
9.7, 9.043047559844614e-8, 0.07781783074613975, -1.8812494572701124, 0.07781783074613823, 9.043047559833114e-8
9.8, 8.328972440116096e-8, 0.06894708285873788, -1.8812093517842066, 0.06894708285873755, 8.328972440127399e-8
9.9, 7.671876683577447e-8, 0.061138908197475986, -1.8811688735218568, 0.061138908197477075, 7.671876683574355e-8
10.0, 7.06715755984801e-8, 0.05427093708169018, -1.8811280510999822, 0.05427093708169058, 7.067157559851009e-8
10.1, 6.510589595093099e-8, 0.0482314221740576, -1.8810869119901195, 0.048231422174056605, 6.51058959507651e-8
10.2, 5.998293104392574e-8, 0.04291965355024012, -1.881045482563204, 0.04291965355024007, 5.998293104433465e-8
10.3, 5.52670540483701e-8, 0.038245777689093326, -1.881003788131804, 0.03824577768909247, 5.5267054048148633e-8
10.4, 5.0925544761147e-8, 0.034130239825404265, -1.880961852991354, 0.03413023982540481, 5.0925544761158625e-8
10.5, 4.692834854252166e-8, 0.030503011004063964, -1.8809197004588338, 0.030503011004064353, 4.6928348542433944e-8
10.6, 4.32478556454697e-8, 0.027302713318375308, -1.8808773529107372, 0.027302713318375516, 4.324785564574746e-8
10.7, 3.9858699178061016e-8, 0.024475719740634373, -1.880834831818141, 0.024475719740634155, 3.9858699178063974e-8
10.8, 3.67375700668599e-8, 0.02197527747341072, -1.880792157781627, 0.021975277473410527, 3.673757006698344e-8
10.9, 3.386304758831695e-8, 0.01976068408436358, -1.8807493505643083, 0.019760684084363673, 3.3863047588384795e-8
11.0, 3.1215444104157135e-8, 0.01779653204614452, -1.8807064291228537, 0.017796532046144467, 3.121544410425575e-8
11.1, 2.877666279241437e-8, 0.016052028135652513, -1.8806634116385186, 0.016052028135652263, 2.877666279252478e-8
11.2, 2.6530067257474095e-8, 0.01450038821129931, -1.8806203155454286, 0.014500388211299243, 2.653006725757305e-8
11.3, 2.4460362024877604e-8, 0.013118304232787372, -1.8805771575592292, 0.013118304232787262, 2.446036202498913e-8
11.4, 2.255348296115217e-8, 0.011885478309585092, -1.880533953703412, 0.01188547830958522, 2.2553482961175942e-8
11.5, 2.0796496809831785e-8, 0.010784217549228276, -1.8804907193352278, 0.010784217549228314, 2.079649680978883e-8
11.6, 1.9177509050478558e-8, 0.009799083158142164, -1.880447469170264, 0.009799083158142206, 1.9177509050551893e-8
11.7, 1.76855793842566e-8, 0.00891658736783242, -1.8804042173062119, 0.008916587367832542, 1.7685579384494584e-8
11.8, 1.6310644200993747e-8, 0.008124932139203601, -1.8803609772459735, 0.008124932139203643, 1.631064420090651e-8
11.9, 1.504344544339506e-8, 0.007413784115834412, -1.8803177619190237, 0.0074137841158343825, 1.504344544341879e-8
12.0, 1.3875465331444222e-8, 0.006774080872645214, -1.8802745837028558, 0.0067740808726453995, 1.38754653315857e-8
12.1, 1.2798866446652556e-8, 0.006197864087889953, -1.8802314544431575, 0.00619786408788995, 1.2798866446679762e-8
12.2, 1.1806436739851329e-8, 0.005678135822293816, -1.8801883854733914, 0.005678135822293871, 1.180643673991398e-8
12.3, 1.0891539046108825e-8, 0.005208734601928191, -1.8801453876332361, 0.005208734601928158, 1.0891539046175895e-8
12.4, 1.0048064729191805e-8, 0.004784228462668643, -1.880102471287044, 0.004784228462668603, 1.0048064729304275e-8
12.5, 9.270391116760456e-9, 0.004399822521668283, -1.880059646340746, 0.0043998225216682835, 9.270391116778694e-9
12.6, 8.55334240786311e-9, 0.004051278996583144, -1.8800169222589527, 0.004051278996583202, 8.55334240789345e-9
12.7, 7.892153765748441e-9, 0.003734847900005274, -1.8799743080807068, 0.003734847900005229, 7.892153765832117e-9
12.8, 7.282438332582322e-9, 0.003447206899379499, -1.879931812435263, 0.0034472068993793986, 7.282438332701615e-9
12.9, 6.7201569266775404e-9, 0.0031854090567097343, -1.879889443556429, 0.003185409056709696, 6.7201569267449755e-9
13.0, 6.201590199079161e-9, 0.0029468373526320003, -1.8798472092977188, 0.002946837352631966, 6.2015901991440856e-9
13.1, 5.7233130434957654e-9, 0.0027291650606781604, -1.8798051171455628, 0.0027291650606781816, 5.723313043514968e-9
13.2, 5.2821710842199115e-9, 0.002530321174048555, -1.8797631742329044, 0.002530321174048449, 5.282171084292753e-9
13.3, 4.8752590587143375e-9, 0.002348460202719514, -1.879721387351637, 0.002348460202719483, 4.875259058708094e-9
13.4, 4.499900951046275e-9, 0.002181935756524354, -1.8796797629658737, 0.0021819357565243578, 4.499900951135079e-9
13.5, 4.153631725796556e-9, 0.002029277412750225, -1.8796383072225455, 0.0020292774127502345, 4.153631725814643e-9
13.6, 3.834180531809575e-9, 0.0018891704371743624, -1.8795970259641954, 0.0018891704371743593, 3.834180531795865e-9
13.7, 3.53945526346321e-9, 0.00176043798731419, -1.8795559247390736, 0.0017604379873141477, 3.5394552634479552e-9
13.8, 3.2675283552494446e-9, 0.0016420254776649797, -1.879515008812417, 0.0016420254776649875, 3.267528355286627e-9
13.9, 3.0166237240780454e-9, 0.0015329868302442757, -1.87947428317632, 0.0015329868302442827, 3.0166237241457162e-9
14.0, 2.78510475526613e-9, 0.001432472371019296, -1.87943375256012, 0.0014324723710192912, 2.7851047552905683e-9
14.1, 2.571463251647325e-9, 0.0013397181647382813, -1.8793934214395025, 0.0013397181647382909, 2.5714632516361897e-9
14.2, 2.3743092668171667e-9, 0.0012540366081267265, -1.8793532940458444, 0.0012540366081267372, 2.3743092668721146e-9
14.3, 2.192361754410678e-9, 0.0011748081250254761, -1.8793133743755446, 0.0011748081250254703, 2.1923617544287653e-9
14.4, 2.0244399603134224e-9, 0.0011014738274098131, -1.8792736661982528, 0.0011014738274098682, 2.024439960347708e-9
14.5, 1.8694555036993532e-9, 0.0010335290238087918, -1.8792341730648654, 0.0010335290238087866, 1.8694555037301847e-9
14.6, 1.7264050901580321e-9, 0.0009705174718484399, -1.8791948983159876, 0.0009705174718484612, 1.7264050901990766e-9
14.7, 1.5943638027443938e-9, 0.0009120262848101972, -1.8791558450898949, 0.00091202628481021, 1.5943638027552288e-9
14.8, 1.4724789306143901e-9, 0.0008576814135095914, -1.8791170163291395, 0.0008576814135095893, 1.472478930642647e-9
14.9, 1.359964284240793e-9, 0.0008071436347105712, -1.8790784147884092, 0.0008071436347105804, 1.3599642842605966e-9
15.0, 1.256094964759348e-9, 0.0007601049859004309, -1.8790400430414245, 0.00076010498590045, 1.2560949647845582e-9
15.1, 1.1602025478472604e-9, 0.0007162855937394689, -1.8790019034872216, 0.0007162855937394678, 1.1602025478589323e-9
15.2, 1.0716706498260529e-9, 0.0006754308500184086, -1.8789639983571234, 0.0006754308500184126, 1.0716706498701226e-9
15.3, 9.89930843571768e-10, 0.0006373088946382133, -1.878926329720573, 0.0006373088946382284, 9.899308435894046e-10
15.4, 9.14458898278308e-10, 0.0006017083700791451, -1.8788888994914257, 0.000601708370079151, 9.14458898283307e-10
15.5, 8.447713182418242e-10, 0.0005684364161492901, -1.8788517094337958, 0.0005684364161493082, 8.447713182496125e-10
15.6, 7.80422152481705e-10, 0.0005373168775783911, -1.8788147611673605, 0.000537316877578415, 7.804221525223419e-10
15.7, 7.210000582745956e-10, 0.0005081887003212443, -1.8787780561731044, 0.0005081887003212404, 7.210000582962764e-10
15.8, 6.661255957378761e-10, 0.0004809044953219965, -1.8787415957984182, 0.000480904495322005, 6.661255957611447e-10
15.9, 6.15448734494597e-10, 0.0004553292510156871, -1.8787053812622687, 0.00045532925101569584, 6.154487344935993e-10
16.0, 5.686465583608135e-10, 0.0004313391780556343, -1.878669413659911, 0.00043133917805563527, 5.686465583816361e-10
16.1, 5.254211507181567e-10, 0.0004088206716949531, -1.878633693967874, 0.000408820671694965, 5.254211507331435e-10
16.2, 4.854976440696522e-10, 0.0003876693789504171, -1.8785982230479996, 0.00038766937895041997, 4.854976440891231e-10
16.3, 4.486224252936627e-10, 0.0003677893591704443, -1.8785630016526225, 0.00036778935917045427, 4.486224252997024e-10
16.4, 4.1456148023345104e-10, 0.00034909232793993433, -1.8785280304281342, 0.0003490923279399392, 4.1456148025586143e-10
16.5, 3.8309886948789867e-10, 0.00033149697540763614, -1.878493309919552, 0.00033149697540764883, 3.830988695084424e-10
16.6, 3.5403532189425377e-10, 0.0003149283511357338, -1.8784588405739304, 0.0003149283511357369, 3.5403532191007727e-10
16.7, 3.2718694018675965e-10, 0.0002993173084640028, -1.8784246227450645, 0.00029931730846401015, 3.271869402023471e-10
16.8, 3.023840061527953e-10, 0.00028460000216770496, -1.8783906566962634, 0.0002846000021677133, 3.023840061495877e-10
16.9, 2.794698813184875e-10, 0.00027071743388182095, -1.8783569426044815, 0.00027071743388182334, 2.7946988133283054e-10
17.0, 2.5829999095759854e-10, 0.00025761504037591457, -1.878323480563698, 0.0002576150403759311, 2.582999909666635e-10
17.1, 2.387408905066674e-10, 0.00024524232030503234, -1.87829027058829, 0.00024524232030504795, 2.38740890508534e-10
17.2, 2.2066940225065786e-10, 0.00023355249553906675, -1.8782573126158246, 0.00023355249553907244, 2.206694022549597e-10
17.3, 2.0397182057061567e-10, 0.00022250220359588263, -1.8782246065107004, 0.0002225022035958933, 2.0397182058483e-10
17.4, 1.8854317949122923e-10, 0.00021205121807744656, -1.878192152067078, 0.00021205121807744902, 1.885431795022896e-10
17.5, 1.742865762263998e-10, 0.00020216219433947063, -1.8781599490113596, 0.00020216219433947442, 1.7428657625015117e-10
17.6, 1.6111254820622957e-10, 0.00019280043791909787, -1.8781279970055984, 0.00019280043791910291, 1.611125482166892e-10
17.7, 1.489384985526533e-10, 0.00018393369350561418, -1.8780962956497445, 0.00018393369350561733, 1.4893849856347766e-10
17.8, 1.3768816555455267e-10, 0.00017553195247106638, -1.878064844484499, 0.0001755319524710688, 1.3768816556739383e-10
17.9, 1.2729113443574267e-10, 0.00016756727718316916, -1.8780336429936701, 0.00016756727718316778, 1.2729113445135162e-10
18.0, 1.1768238607526482e-10, 0.00016001364050629994, -1.878002690606865, 0.0001600136405063087, 1.1768238608014596e-10
18.1, 1.0880188130002708e-10, 0.0001528467790592017, -1.8779719867014033, 0.00015284677905920446, 1.0880188130856641e-10
18.2, 1.0059417707314933e-10, 0.0001460440589433399, -1.877941530605416, 0.0001460440589433465, 1.0059417707902816e-10
18.3, 9.300807291728687e-11, 0.0001395843527855224, -1.8779113215990528, 0.0001395843527855303, 9.30080729315763e-11
18.4, 8.599628415354302e-11, 0.0001334479270538827, -1.8778813589171188, 0.00013344792705389193, 8.599628415395068e-11
18.5, 7.95151408305175e-11, 0.00012761633870970435, -1.8778516417513584, 0.00012761633870971004, 7.951514083518409e-11
18.6, 7.352431010374639e-11, 0.00012207234034992886, -1.8778221692518642, 0.0001220723403499326, 7.352431011064973e-11
18.7, 6.798653960836402e-11, 0.00011679979307777911, -1.8777929405293894, 0.00011679979307778369, 6.79865396138942e-11
18.8, 6.286742069493634e-11, 0.00011178358641289654, -1.8777639546571576, 0.00011178358641290342, 6.286742070892002e-11
18.9, 5.8135170715524215e-11, 0.00010700956461884592, -1.877735210672408, 0.0001070095646188522, 5.8135170723768524e-11
19.0, 5.3760431052736125e-11, 0.0001024644588851333, -1.877706707578518, 0.00010246445888513608, 5.3760431056201204e-11
19.1, 4.9716081473468835e-11, 9.813582485439427e-5, -1.8776784443462735, 9.813582485439892e-5, 4.97160814830863e-11
19.2, 4.5977068544564785e-11, 9.40119850333886e-5, -1.877650419915645, 9.401198503339008e-5, 4.5977068547477385e-11
19.3, 4.252024752694944e-11, 9.008197566944531e-5, -1.8776226331973358, 9.008197566944921e-5, 4.252024752723372e-11
19.4, 3.932423578632217e-11, 8.633549771295687e-5, -1.8775950830743886, 8.633549771296029e-5, 3.9324235787486136e-11
19.5, 3.636927823762007e-11, 8.276287152132386e-5, -1.8775677684032108, 8.276287152132769e-5, 3.636927824456095e-11
19.6, 3.3637122992083875e-11, 7.935499499136e-5, -1.8775406880154948, 7.935499499136236e-5, 3.3637122996777285e-11
19.7, 3.111090583795183e-11, 7.610330483546996e-5, -1.8775138407194962, 7.610330483547219e-5, 3.111090584229122e-11
19.8, 2.8775044889807644e-11, 7.299974074262553e-5, -1.8774872253006334, 7.299974074262827e-5, 2.8775044891722558e-11
19.9, 2.6615142178582812e-11, 7.003671218824793e-5, -1.8774608405238318, 7.003671218825132e-5, 2.661514217818052e-11
20.0, 2.461789343271516e-11, 6.720706767809742e-5, -1.8774346851337391, 6.720706767809961e-5, 2.4617893437387116e-11
20.1, 2.277100458611389e-11, 6.450406623014732e-5, -1.8774087578567382, 6.450406623014842e-5, 2.277100458722422e-11
20.2, 2.106311459771705e-11, 6.1921350915616e-5, -1.8773830574011998, 6.192135091561969e-5, 2.10631146013055e-11
20.3, 1.948372446732298e-11, 5.945292429580247e-5, -1.877357582459313, 5.9452924295804634e-5, 1.9483724475170363e-11
20.4, 1.8023131412168277e-11, 5.7093125605474735e-5, -1.8773323317077333, 5.709312560547617e-5, 1.802313141698506e-11
20.5, 1.6672368311793042e-11, 5.483660954633606e-5, -1.877307303808772, 5.4836609546338874e-5, 1.6672368318015163e-11
20.6, 1.5423147539277277e-11, 5.267832656569385e-5, -1.877282497411182, 5.2678326565696305e-5, 1.5423147546164525e-11
20.7, 1.4267809338408372e-11, 5.061350450593448e-5, -1.8772579111512713, 5.0613504505936266e-5, 1.4267809346336215e-11
20.8, 1.3199274027437857e-11, 4.8637631520068514e-5, -1.8772335436536667, 4.8637631520070696e-5, 1.3199274029363496e-11
20.9, 1.2210997886318673e-11, 4.674644015726087e-5, -1.8772093935323595, 4.6746440157262644e-5, 1.2210997890105587e-11
21.0, 1.1296932342557839e-11, 4.493589253020423e-5, -1.8771854593913495, 4.4935892530206124e-5, 1.1296932345647444e-11
21.1, 1.0451486420886183e-11, 4.3202166483451215e-5, -1.8771617398255405, 4.320216648345353e-5, 1.045148642381219e-11
21.2, 9.669491944117403e-12, 4.154164268835496e-5, -1.8771382334214588, 4.1541642688356934e-5, 9.669491947687078e-12
21.3, 8.946171417335011e-12, 3.995089259632473e-5, -1.8771149387583246, 3.995089259632667e-5, 8.946171421097786e-12
21.4, 8.277108421922644e-12, 3.84266671875526e-5, -1.8770918544081, 3.8426667187553626e-5, 8.27710842629154e-12
21.5, 7.658220118016938e-12, 3.6965886457408586e-5, -1.8770689789369819, 3.6965886457409995e-5, 7.658220122578935e-12
21.6, 7.085732039793799e-12, 3.5565629587249836e-5, -1.8770463109054085, 3.556562958725057e-5, 7.085732043819405e-12
21.7, 6.556154615312517e-12, 3.4223125750592706e-5, -1.8770238488690159, 3.422312575059352e-5, 6.556154618791005e-12
21.8, 6.066261650582066e-12, 3.2935745509422826e-5, -1.8770015913793987, 3.2935745509424365e-5, 6.066261654999237e-12
21.9, 5.613070410749733e-12, 3.170099275893928e-5, -1.876979536984307, 3.170099275894112e-5, 5.613070412651235e-12
22.0, 5.193823032250041e-12, 3.051649718222361e-5, -1.876957684228609, 3.051649718222542e-5, 5.193823034371463e-12
22.1, 4.805969650325831e-12, 2.938000717928181e-5, -1.8769360316545574, 2.9380007179282888e-5, 4.8059696526805836e-12
22.2, 4.447152533589163e-12, 2.8289383237609798e-5, -1.8769145778025, 2.82893832376111e-5, 4.44715253595196e-12
22.3, 4.11519171361076e-12, 2.7242591713916567e-5, -1.8768933212112482, 2.724259171391809e-5, 4.1151917160647435e-12
22.4, 3.808071279750928e-12, 2.6237698998920092e-5, -1.8768722604187813, 2.623769899892189e-5, 3.808071282644751e-12
22.5, 3.5239272264288228e-12, 2.5272866039203243e-5, -1.8768513939623772, 2.527286603920456e-5, 3.5239272285234254e-12
22.6, 3.2610358698393155e-12, 2.4346343192073718e-5, -1.876830720379432, 2.4346343192074762e-5, 3.2610358710515568e-12
22.7, 3.0178031449902434e-12, 2.3456465391118767e-5, -1.8768102382076386, 2.3456465391120637e-5, 3.0178031469480664e-12
22.8, 2.7927551122022896e-12, 2.260164760179696e-5, -1.8767899459856257, 2.2601647601798328e-5, 2.7927551151256146e-12
22.9, 2.5845285673600788e-12, 2.1780380547877862e-5, -1.8767698422530077, 2.1780380547879678e-5, 2.584528569197214e-12
23.0, 2.391862771501669e-12, 2.099122669096216e-5, -1.876749925551176, 2.0991226690963116e-5, 2.3918627734809473e-12
23.1, 2.2135918703368488e-12, 2.0232816446563926e-5, -1.8767301944234378, 2.023281644656499e-5, 2.213591873050982e-12
23.2, 2.0486375495597447e-12, 1.9503844621411876e-5, -1.8767106474153321, 1.950384462141284e-5, 2.0486375517428516e-12
23.3, 1.8960025141447826e-12, 1.8803067057741412e-5, -1.8766912830750315, 1.8803067057742266e-5, 1.8960025153999347e-12
23.4, 1.7547644093060832e-12, 1.8129297471311163e-5, -1.8766720999538846, 1.8129297471312498e-5, 1.7547644111351726e-12
23.5, 1.624070121558814e-12, 1.7481404470834695e-5, -1.8766530966063255, 1.7481404470835647e-5, 1.6240701232859893e-12
23.6, 1.5031305681447548e-12, 1.6858308747355492e-5, -1.8766342715902775, 1.685830874735656e-5, 1.503130571416733e-12
23.7, 1.3912159093382575e-12, 1.6258980422901656e-5, -1.876615623467896, 1.6258980422902337e-5, 1.3912159116058457e-12
23.8, 1.2876510550036255e-12, 1.5682436548468364e-5, -1.8765971508051125, 1.5682436548469208e-5, 1.287651056724096e-12
23.9, 1.1918115514931467e-12, 1.5127738742076148e-5, -1.8765788521724804, 1.5127738742077042e-5, 1.1918115529963792e-12
24.0, 1.1031197495329656e-12, 1.4593990958259345e-5, -1.8765607261449344, 1.4593990958260225e-5, 1.103119750784095e-12
24.1, 1.0210413511609333e-12, 1.4080337380943584e-5, -1.8765427713026854, 1.4080337380944307e-5, 1.0210413525676157e-12
24.2, 9.450820980098946e-13, 1.3585960432187913e-5, -1.876524986230728, 1.3585960432188582e-5, 9.450820991617918e-13
24.3, 8.747847567724252e-13, 1.3110078889782578e-5, -1.876507369519326, 1.3110078889783373e-5, 8.747847572323795e-13
24.4, 8.09726322480089e-13, 1.2651946107155108e-5, -1.876489919764621, 1.2651946107155943e-5, 8.09726324018187e-13
24.5, 7.495155101753964e-13, 1.221084832945976e-5, -1.87647263556823, 1.2210848329460491e-5, 7.49515510938411e-13
24.6, 6.937903193302991e-13, 1.178610310013264e-5, -1.8764555155376905, 1.1786103100133345e-5, 6.937903209394687e-13
24.7, 6.422158717993863e-13, 1.1377057752576441e-5, -1.8764385582867118, 1.1377057752577138e-5, 6.422158734715818e-13
24.8, 5.944823163967265e-13, 1.098308798195374e-5, -1.8764217624352109, 1.0983087981954495e-5, 5.944823181346298e-13
24.9, 5.503030144069097e-13, 1.060359649242395e-5, -1.8764051266094963, 1.060359649242459e-5, 5.503030155923313e-13
25.0, 5.094127635056269e-13, 1.0238011715435357e-5, -1.8763886494424997, 1.0238011715435909e-5, 5.094127651147965e-13
25.1, 4.71566225347488e-13, 9.885786594972267e-6, -1.8763723295738546, 9.885786594972889e-6, 4.715662262325312e-13
25.2, 4.365363318900034e-13, 9.546397435912364e-6, -1.8763561656501122, 9.546397435912971e-6, 4.3653633294669145e-13
25.3, 4.0411305455313614e-13, 9.219342811885974e-6, -1.8763401563246496, 9.219342811886643e-6, 4.0411305582706214e-13
25.4, 3.741020583165198e-13, 8.904142529268678e-6, -1.876324300257967, 8.904142529269352e-6, 3.741020594603712e-13
25.5, 3.463235199412518e-13, 8.600336644130548e-6, -1.8763085961179051, 8.600336644131138e-6, 3.463235213546391e-13
25.6, 3.206110348153643e-13, 8.307484529173967e-6, -1.8762930425796698, 8.30748452917456e-6, 3.206110352873874e-13
25.7, 2.9681065279435545e-13, 8.025163987866003e-6, -1.8762776383255704, 8.02516398786648e-6, 2.9681065336695164e-13
25.8, 2.747799095977309e-13, 7.752970413149192e-6, -1.8762623820458555, 7.752970413149639e-6, 2.7477991027492314e-13
25.9, 2.543869885965617e-13, 7.4905159882640605e-6, -1.8762472724381103, 7.490515988264558e-6, 2.5438698944003476e-13
26.0, 2.355099053091067e-13, 7.237428927375947e-6, -1.8762323082076355, 7.237428927376341e-6, 2.3550990652537074e-13
26.1, 2.1803578058045685e-13, 6.993352753829008e-6, -1.8762174880676115, 6.993352753829365e-6, 2.180357815526635e-13
26.2, 2.0186014669048306e-13, 6.757945613982636e-6, -1.876202810739051, 6.757945613983209e-6, 2.0186014729459216e-13
26.3, 1.868863721601714e-13, 6.5308796247123575e-6, -1.8761882749508247, 6.530879624712826e-6, 1.8688637281657852e-13
26.4, 1.730249736076591e-13, 6.311840252757041e-6, -1.87617387943978, 6.311840252757521e-6, 1.7302497475620396e-13
26.5, 1.6019317777651095e-13, 6.10052572421961e-6, -1.8761596229509445, 6.100525724219935e-6, 1.601931784516917e-13
26.6, 1.4831439160866652e-13, 5.896646462607873e-6, -1.8761455042371717, 5.896646462608385e-6, 1.4831439269820846e-13
26.7, 1.3731771765909507e-13, 5.699924553914055e-6, -1.876131522059631, 5.699924553914412e-6, 1.3731771803926138e-13
26.8, 1.27137523362653e-13, 5.510093237300586e-6, -1.8761176751877169, 5.510093237300965e-6, 1.2713752419070488e-13
26.9, 1.1771310035141553e-13, 5.32689642005844e-6, -1.8761039623990077, 5.326896420058889e-6, 1.1771310134708923e-13
27.0, 1.0898824292196162e-13, 5.150088215570758e-6, -1.8760903824791302, 5.150088215571076e-6, 1.0898824350595609e-13
27.1, 1.0091093425466961e-13, 4.979432503086043e-6, -1.8760769342224204, 4.979432503086429e-6, 1.0091093478368413e-13
27.2, 9.343305494347934e-14, 4.81470250818119e-6, -1.8760636164311297, 4.8147025081815344e-6, 9.343305552479186e-14
27.3, 8.651003922965239e-14, 4.655680402845208e-6, -1.8760504279161168, 4.655680402845541e-6, 8.651003948711953e-14
27.4, 8.01006588004442e-14, 4.502156924190863e-6, -1.8760373674965, 4.502156924191198e-6, 8.010065942802036e-14
27.5, 7.416675122295361e-14, 4.353931010836425e-6, -1.8760244339998657, 4.353931010836754e-6, 7.416675180426615e-14
27.6, 6.867298014365172e-14, 4.2108094560728855e-6, -1.876011626261967, 4.210809456073261e-6, 6.867298078463761e-14
27.7, 6.358666070889703e-14, 4.072606576967393e-6, -1.875998943127486, 4.072606576967734e-6, 6.358666113331552e-14
27.8, 5.887752590344658e-14, 3.939143898603005e-6, -1.8759863834488928, 3.939143898603256e-6, 5.887752629299973e-14
27.9, 5.4517570619906204e-14, 3.810249852704693e-6, -1.8759739460875573, 3.810249852704998e-6, 5.4517570835132646e-14
28.0, 5.048086001131993e-14, 3.6857594899334077e-6, -1.8759616299131117, 3.685759489933693e-6, 5.0480860358632386e-14
28.1, 4.674339485596909e-14, 3.5655142051747964e-6, -1.8759494338036342, 3.565514205175051e-6, 4.674339542186041e-14
28.2, 4.3282968825366184e-14, 3.4493614751836317e-6, -1.8759373566456636, 3.449361475183913e-6, 4.328296920218007e-14
28.3, 4.00790123351265e-14, 3.337154607979087e-6, -1.875925397334076, 3.3371546079793316e-6, 4.007901298482874e-14
28.4, 3.7112491662100417e-14, 3.2287525034186703e-6, -1.8759135547723178, 3.228752503418916e-6, 3.7112492181057624e-14
28.5, 3.4365790388800185e-14, 3.1240194244071863e-6, -1.8759018278721942, 3.124019424407415e-6, 3.4365790694542414e-14
28.6, 3.1822597149737295e-14, 3.0228247782298907e-6, -1.8758902155538997, 3.0228247782301308e-6, 3.1822597643215987e-14
28.7, 2.946781571772788e-14, 2.9250429075210687e-6, -1.8758787167460544, 2.925042907521306e-6, 2.9467816080461536e-14
28.8, 2.7287464242048024e-14, 2.8305528904069164e-6, -1.8758673303856173, 2.8305528904071103e-6, 2.728746430272713e-14
28.9, 2.5268606501354295e-14, 2.739238349387629e-6, -1.87585605541795, 2.739238349387808e-6, 2.5268607057523552e-14
29.0, 2.3399276985438727e-14, 2.650987268542344e-6, -1.8758448907967662, 2.650987268542526e-6, 2.3399277459808528e-14
29.1, 2.1668370685211645e-14, 2.565691818663768e-6, -1.8758338354840731, 2.565691818663971e-6, 2.1668370995312046e-14
29.2, 2.006563991559734e-14, 2.483248189951328e-6, -1.8758228884501618, 2.483248189951494e-6, 2.0065640282689166e-14
29.3, 1.8581576297021222e-14, 2.403556431906552e-6, -1.8758120486737182, 2.403556431906719e-6, 1.8581576605780648e-14
29.4, 1.720738203977759e-14, 2.3265203000969705e-6, -1.8758013151415314, 2.3265203000971755e-6, 1.720738227344243e-14
29.5, 1.593491279973377e-14, 2.252047109467537e-6, -1.8757906868487981, 2.2520471094677095e-6, 1.5934913223481774e-14
29.6, 1.475663487207097e-14, 2.1800475938988947e-6, -1.8757801627987283, 2.180047593899068e-6, 1.475663516742065e-14
29.7, 1.3665560395051568e-14, 2.110435771723044e-6, -1.8757697420028765, 2.11043577172316e-6, 1.3665560818799572e-14
29.8, 1.2655234233275038e-14, 2.0431288169241162e-6, -1.875759423480775, 2.0431288169242594e-6, 1.2655234638919885e-14
29.9, 1.1719674869859915e-14, 1.9780469357642186e-6, -1.875749206260254, 1.978046935764339e-6, 1.1719675155487526e-14
30.0, 1.0853340029216368e-14, 1.915113248587285e-6, -1.875739089377141, 1.915113248587416e-6, 1.0853340333282381e-14
30.1, 1.0051106094760784e-14, 1.8542536765670033e-6, -1.8757290718751827, 1.8542536765671399e-6, 1.0051106351222195e-14
30.2, 9.30822313731773e-15, 1.7953968331746657e-6, -1.8757191528064527, 1.7953968331747927e-6, 9.308223561400979e-15
30.3, 8.620288896187862e-15, 1.7384739201561505e-6, -1.8757093312305602, 1.7384739201562621e-6, 8.620289109402839e-15
30.4, 7.98324261971587e-15, 1.6834186278136209e-6, -1.8756996062155777, 1.683418627813764e-6, 7.983242901991045e-15
30.5, 7.393314448524224e-15, 1.6301670394028508e-6, -1.8756899768370303, 1.6301670394029705e-6, 7.393314813604586e-15
30.6, 6.847014888526522e-15, 1.5786575394610214e-6, -1.8756804421785467, 1.5786575394611271e-6, 6.847015241202868e-15
30.7, 6.341115897820326e-15, 1.528830725892088e-6, -1.875671001331479, 1.5288307258921909e-6, 6.341116057061072e-15
30.8, 5.8726291015474314e-15, 1.48062932564283e-6, -1.8756616533950452, 1.4806293256429431e-6, 5.872629317444358e-15
30.9, 5.4387812500453936e-15, 1.4339981138136221e-6, -1.8756523974762005, 1.4339981138137056e-6, 5.438781487733159e-15
31.0, 5.0370091519746225e-15, 1.3888838360513073e-6, -1.8756432326895731, 1.3888838360513998e-6, 5.037009339711081e-15
31.1, 4.6649402566694864e-15, 1.345235134082913e-6, -1.875634158157427, 1.3452351340830292e-6, 4.664940472566413e-15
31.2, 4.320372716526468e-15, 1.3030024742522876e-6, -1.8756251730096911, 1.3030024742523757e-6, 4.3203730095294404e-15
31.3, 4.0012768823585805e-15, 1.2621380789301483e-6, -1.875616276383909, 1.2621380789302425e-6, 4.001277223133776e-15
31.4, 3.705767631879565e-15, 1.2225958606736442e-6, -1.8756074674250443, 1.2225958606737317e-6, 3.705767887000002e-15
31.5, 3.4320986140728586e-15, 1.1843313590170651e-6, -1.8755987452856306, 1.1843313590171496e-6, 3.4320987510199e-15
31.6, 3.178652711844282e-15, 1.1473016797803165e-6, -1.8755901091256622, 1.1473016797804048e-6, 3.1786529825535494e-15
31.7, 2.9439375680275767e-15, 1.1114654367888924e-6, -1.8755815581124609, 1.1114654367889763e-6, 2.943937751238245e-15
31.8, 2.7265654048885214e-15, 1.0767826959013655e-6, -1.875573091420826, 1.076782695901451e-6, 2.726565611733869e-15
31.9, 2.525253453739703e-15, 1.0432149212471035e-6, -1.8755647082326912, 1.0432149212471969e-6, 2.5252536917627123e-15
32.0, 2.338816533316038e-15, 1.0107249235813958e-6, -1.8755564077374591, 1.0107249235814708e-6, 2.3388168403992447e-15
32.1, 2.166153478607945e-15, 9.79276810667139e-7, -1.87554818913147, 9.79276810667223e-7, 2.1661535448185707e-15
32.2, 2.0062449009307272e-15, 9.488359395996481e-7, -1.8755400516185177, 9.488359395997163e-7, 2.006245092019622e-15
32.3, 1.85815108024759e-15, 9.193688709921397e-7, -1.8755319944093753, 9.193688709922131e-7, 1.858151254574301e-15
32.4, 1.7209944637735875e-15, 8.908433249450688e-7, -1.8755240167218878, 8.908433249451489e-7, 1.7209946246905515e-15
32.5, 1.5939682356420638e-15, 8.632281387241924e-7, -1.875516117780953, 8.632281387242627e-7, 1.593968377785382e-15
32.6, 1.4763238527124387e-15, 8.364932260773524e-7, -1.875508296818507, 8.364932260774002e-7, 1.4763240630778447e-15
32.7, 1.3673673813625713e-15, 8.106095381217069e-7, -1.8755005530732458, 8.106095381217678e-7, 1.3673675146219321e-15
32.8, 1.266457963246081e-15, 7.855490257374268e-7, -1.8754928857909685, 7.855490257374858e-7, 1.2664580542647387e-15
32.9, 1.1729986844279932e-15, 7.61284603404691e-7, -1.875485294224117, 7.61284603404753e-7, 1.1729988307618574e-15
33.0, 1.0864412585712579e-15, 7.377901144263146e-7, -1.8754777776320317, 7.377901144263761e-7, 1.0864413510985122e-15
33.1, 1.0062731016168595e-15, 7.150402974786934e-7, -1.8754703352807531, 7.150402974787435e-7, 1.0062732414134718e-15
33.2, 9.320253605345893e-16, 6.930107544369517e-7, -1.8754629664430165, 6.930107544369882e-7, 9.320254884300513e-16
33.3, 8.632591255888028e-16, 6.716779194228395e-7, -1.8754556703981926, 6.716779194228893e-7, 8.632592620329786e-16
33.4, 7.995681206689105e-16, 6.510190290261405e-7, -1.8754484464320844, 6.510190290261942e-7, 7.995681684411342e-16
33.5, 7.405787527378205e-16, 6.310120936515712e-7, -1.875441293837458, 6.310120936516233e-7, 7.405788363811174e-16
33.6, 6.859432232449046e-16, 6.116358699465278e-7, -1.875434211913182, 6.116358699465777e-7, 6.859433415859219e-16
33.7, 6.353410750241256e-16, 5.928698342661295e-7, -1.8754271999646799, 5.9286983426618e-7, 6.353411087999259e-16
33.8, 5.884746049872106e-16, 5.746941571340778e-7, -1.8754202573037873, 5.746941571341226e-7, 5.884746890495622e-16
33.9, 5.450658583288606e-16, 5.570896786596402e-7, -1.8754133832486608, 5.570896786596861e-7, 5.450658999828872e-16
34.0, 5.048608507532156e-16, 5.400378848725908e-7, -1.8754065771238644, 5.400378848726341e-7, 5.048609497339106e-16
34.1, 4.676240923522342e-16, 5.23520884940105e-7, -1.8753998382600308, 5.235208849401415e-7, 4.676242422899678e-16
34.2, 4.33134223068289e-16, 5.075213892304028e-7, -1.8753931659940395, 5.075213892304393e-7, 4.331343276643156e-16
34.3, 4.011899522063564e-16, 4.920226881898181e-7, -1.875386559669134, 4.920226881898526e-7, 4.011900115444869e-16
34.4, 3.716035961931265e-16, 4.770086320013856e-7, -1.8753800186342005, 4.770086320014209e-7, 3.7160371981423167e-16
34.5, 3.4419914648389293e-16, 4.624636109941511e-7, -1.8753735422448097, 4.624636109941879e-7, 3.4419922652332033e-16
34.6, 3.188163706822403e-16, 4.483725367743275e-7, -1.8753671298618375, 4.48372536774361e-7, 3.1881648617368635e-16
34.7, 2.953062026042692e-16, 4.347208240492368e-7, -1.8753607808527555, 4.34720824049267e-7, 2.9530625465084976e-16
34.8, 2.735312456469742e-16, 4.2149437311801517e-7, -1.8753544945904013, 4.2149437311805064e-7, 2.7353134865059335e-16
34.9, 2.533625992878053e-16, 4.086795530027513e-7, -1.875348270453946, 4.0867955300277625e-7, 2.533626748014431e-16
35.0, 2.346812769139806e-16, 3.962631851951299e-7, -1.8753421078280175, 3.962631851951621e-7, 2.3468132711672094e-16
35.1, 2.1737795321637703e-16, 3.842325279953829e-7, -1.8753360061031112, 3.8423252799541163e-7, 2.173780459950641e-16
35.2, 2.0135098055270546e-16, 3.7257526142007967e-7, -1.875329964675506, 3.7257526142010556e-7, 2.0135099396245247e-16
35.3, 1.865067005565066e-16, 3.612794726573996e-7, -1.8753239829470512, 3.612794726574281e-7, 1.8650673123130286e-16
35.4, 1.7275717193933275e-16, 3.503336420486619e-7, -1.8753180603252695, 3.503336420486837e-7, 1.7275725114065096e-16
35.5, 1.600211557719086e-16, 3.3972662957617297e-7, -1.8753121962233592, 3.397266295762015e-7, 1.6002122944170619e-16
35.6, 1.48225009159958e-16, 3.294476618378702e-7, -1.8753063900598028, 3.2944766183789385e-7, 1.4822505215495931e-16
35.7, 1.3729795428546217e-16, 3.194863194904279e-7, -1.87530064125868, 3.194863194904501e-7, 1.372980175627058e-16
35.8, 1.2717729647446117e-16, 3.0983252514309406e-7, -1.8752949492495672, 3.098325251431169e-7, 1.27177322455846e-16
35.9, 1.1780219997917297e-16, 3.004765316849889e-7, -1.8752893134673636, 3.004765316850127e-7, 1.178022233624193e-16
36.0, 1.0911915085748846e-16, 2.914089110296255e-7, -1.8752837333523498, 2.9140891102964807e-7, 1.0911923416554169e-16
36.1, 1.0107606146151373e-16, 2.8262054326107634e-7, -1.875278208349882, 2.826205432611008e-7, 1.0107611501669081e-16
36.2, 9.362583462260647e-17, 2.7410260616633364e-7, -1.875272737910884, 2.7410260616635434e-7, 9.362583877124694e-17
36.3, 8.672489545170114e-17, 2.6584656513983153e-7, -1.87526732149124, 2.6584656513985207e-7, 8.67249696662697e-17
36.4, 8.0332939738931e-17, 2.578441634457956e-7, -1.8752619585521908, 2.578441634458168e-7, 8.033297070706548e-17
36.5, 7.441239877900636e-17, 2.5008741282529466e-7, -1.8752566485597852, 2.5008741282531356e-7, 7.441243984635656e-17
36.6, 6.892806109063285e-17, 2.425685844351941e-7, -1.875251390985412, 2.425685844352152e-7, 6.892811602869009e-17
36.7, 6.384812005299575e-17, 2.3528020010654582e-7, -1.875246185305369, 2.352802001065654e-7, 6.384819099893847e-17
36.8, 5.914278599694553e-17, 2.282150239106176e-7, -1.8752410310008476, 2.282150239106346e-7, 5.914282396329173e-17
36.9, 5.4784463046036395e-17, 2.213660540211926e-7, -1.875235927558137, 2.2136605402120937e-7, 5.4784502856222803e-17
37.0, 5.0747333330558365e-17, 2.1472651486225198e-7, -1.8752308744682364, 2.1472651486226813e-7, 5.0747391285808677e-17
37.1, 4.700773036518031e-17, 2.0828984953043766e-7, -1.8752258712271623, 2.0828984953045494e-7, 4.700776476956245e-17
37.2, 4.354398961408182e-17, 2.0204971248223828e-7, -1.8752209173354975, 2.0204971248225784e-7, 4.354402150413641e-17
37.3, 4.0335591356687156e-17, 1.959999624762898e-7, -1.8752160122987747, 1.95999962476305e-7, 4.033561708663921e-17
37.4, 3.736319689398213e-17, 1.9013465576120468e-7, -1.8752111556271347, 1.90134655761221e-7, 3.7363235866059346e-17
37.5, 3.461017290150435e-17, 1.8444803950032338e-7, -1.8752063468353437, 1.8444803950033862e-7, 3.4610208521144816e-17
37.6, 3.2060064907292035e-17, 1.7893454542435244e-7, -1.8752015854429032, 1.7893454542436642e-7, 3.206009076296047e-17
37.7, 2.9697812675922256e-17, 1.7358878370393784e-7, -1.8751968709738163, 1.7358878370395245e-7, 2.96978595681313e-17
37.8, 2.7509849524449685e-17, 1.6840553703402144e-7, -1.8751922029565835, 1.6840553703403386e-7, 2.750988078592238e-17
37.9, 2.5482865608489488e-17, 1.633797549223756e-7, -1.8751875809242373, 1.6337975492238924e-7, 2.548289762426045e-17
38.0, 2.360549922655772e-17, 1.5850654817479238e-7, -1.875183004414278, 1.5850654817480558e-7, 2.360552856037928e-17
38.1, 2.1866214769514025e-17, 1.5378118357012022e-7, -1.8751784729685814, 1.5378118357013157e-7, 2.186625470541681e-17
38.2, 2.0255246295767455e-17, 1.4919907871801842e-7, -1.8751739861334094, 1.4919907871803131e-7, 2.0255266284671577e-17
38.3, 1.876288405894808e-17, 1.447557970930334e-7, -1.8751695434593132, 1.4475579709304486e-7, 1.8762902748782962e-17
38.4, 1.7380364998918713e-17, 1.4044704323864847e-7, -1.8751651445011281, 1.404470432386608e-7, 1.7380404348145064e-17
38.5, 1.6099979097830793e-17, 1.3626865813514545e-7, -1.8751607888179072, 1.3626865813515797e-7, 1.6100019159449956e-17
38.6, 1.4913650670797265e-17, 1.3221661472555087e-7, -1.8751564759729622, 1.3221661472556255e-7, 1.4913682267513633e-17
38.7, 1.3815022680583675e-17, 1.2828701359393205e-7, -1.8751522055336782, 1.2828701359394182e-7, 1.3815053627765424e-17
38.8, 1.2797230677700736e-17, 1.2447607879063736e-7, -1.8751479770717505, 1.244760787906471e-7, 1.2797257727674763e-17
38.9, 1.1854369826726117e-17, 1.2078015379931532e-7, -1.8751437901626253, 1.2078015379932432e-7, 1.1854394802379903e-17
39.0, 1.0981177556260591e-17, 1.1719569764065128e-7, -1.8751396443859805, 1.1719569764066218e-7, 1.0981196790866446e-17
39.1, 1.0172195826889686e-17, 1.1371928110792286e-7, -1.8751355393255926, 1.1371928110793409e-7, 1.017222300258009e-17
39.2, 9.422996593484898e-18, 1.1034758312984167e-7, -1.8751314745689194, 1.1034758312985098e-7, 9.423018405276502e-18
39.3, 8.728665917116272e-18, 1.0707738725609372e-7, -1.8751274497075958, 1.0707738725610253e-7, 8.728679955445163e-18
39.4, 8.085676091449982e-18, 1.0390557826129035e-7, -1.8751234643369568, 1.039055782612983e-7, 8.085697756572479e-18
39.5, 7.490091125261506e-18, 1.008291388632026e-7, -1.8751195180562148, 1.0082913886321118e-7, 7.490110087481873e-18
39.6, 6.9382870344240985e-18, 9.78451465511913e-8, -1.8751156104685118, 9.784514655119839e-8, 6.938296840301593e-18
39.7, 6.4273078916443714e-18, 9.495077052108077e-8, -1.875111741180504, 9.495077052108677e-8, 6.427324297631717e-18
39.8, 5.953733331422684e-18, 9.214326871264363e-8, -1.8751079098027836, 9.214326871265182e-8, 5.953754766065155e-18
39.9, 5.515049319534755e-18, 8.941998494621534e-8, -1.8751041159494874, 8.941998494622357e-8, 5.515061346401595e-18
40.0, 5.1088645837995425e-18, 8.677834615491625e-8, -1.8751003592385085, 8.677834615492337e-8, 5.108875206833494e-18
40.1, 4.732529316304392e-18, 8.421585970918474e-8, -1.8750966392912527, 8.421585970919188e-8, 4.732549891884945e-18
40.2, 4.383956918510648e-18, 8.173011083043786e-8, -1.875092955732741, 8.173011083044433e-8, 4.3839773264693634e-18
40.3, 4.060885354673981e-18, 7.931876009072468e-8, -1.8750893081915003, 7.931876009073106e-8, 4.060891158580104e-18
40.4, 3.7616821557189796e-18, 7.697954099540798e-8, -1.8750856962994984, 7.69795409954141e-8, 3.7616976607389485e-18
40.5, 3.484452503441819e-18, 7.471025764608145e-8, -1.8750821196924012, 7.471025764608767e-8, 3.484459543558994e-18
40.6, 3.227931460598536e-18, 7.2508782480813e-8, -1.8750785780089594, 7.25087824808192e-8, 3.2279439484254296e-18
40.7, 2.9901360189460498e-18, 7.037305408916486e-8, -1.8750750708914632, 7.037305408917038e-8, 2.990147941049242e-18
40.8, 2.7698657127896468e-18, 6.83010750994396e-8, -1.8750715979856398, 6.830107509944526e-8, 2.769878284427459e-18
40.9, 2.565929945170296e-18, 6.629091013552516e-8, -1.8750681589404048, 6.629091013553045e-8, 2.5659467911649648e-18
41.0, 2.3768725013747184e-18, 6.43406838411131e-8, -1.8750647534079001, 6.434068384111857e-8, 2.3768893054639277e-18
41.1, 2.2017685907726983e-18, 6.244857896892202e-8, -1.8750613810435914, 6.244857896892738e-8, 2.201779528097595e-18
41.2, 2.0395623948389196e-18, 6.061283453269115e-8, -1.875058041506234, 6.061283453269661e-8, 2.0395734683565594e-18
41.3, 1.889353595731441e-18, 5.883174401981569e-8, -1.875054734457551, 5.8831744019820794e-8, 1.889366135940159e-18
41.4, 1.750198052974181e-18, 5.710365366256354e-8, -1.875051459562502, 5.710365366256819e-8, 1.750200724447216e-18
41.5, 1.6212456828946243e-18, 5.54269607658858e-8, -1.8750482164891336, 5.542696076589086e-8, 1.6212604755217836e-18
41.6, 1.5018789980725163e-18, 5.380011208990583e-8, -1.8750450049085194, 5.380011208991056e-8, 1.5018926487759077e-18
41.7, 1.3911854547481439e-18, 5.2221602285197054e-8, -1.8750418244947793, 5.222160228520144e-8, 1.3911975968549979e-18
41.8, 1.2887010651989428e-18, 5.068997237910271e-8, -1.875038674924986, 5.0689972379105785e-8, 1.2887078015015372e-18
41.9, 1.1938658048658264e-18, 4.920380831135745e-8, -1.8750355558793277, 4.920380831136149e-8, 1.1938697544553724e-18
42.0, 1.1058790489947068e-18, 4.7761739517345206e-8, -1.8750324670406016, 4.776173951734889e-8, 1.1058852405263295e-18
42.1, 1.0244014157464715e-18, 4.6362437557375227e-8, -1.8750294080947647, 4.6362437557379104e-8, 1.0244138407151763e-18
42.2, 9.490531892773593e-19, 4.5004614790473667e-8, -1.87502637873051, 4.5004614790477716e-8, 9.490653313842131e-19
42.3, 8.791625936444955e-19, 4.368702309113834e-8, -1.8750233786393005, 4.368702309114174e-8, 8.791732900130008e-19
42.4, 8.143863078955859e-19, 4.24084526076479e-8, -1.8750204075154344, 4.2408452607652017e-8, 8.1439849190789915e-19
42.5, 7.544040800337226e-19, 4.11677305605267e-8, -1.8750174650560005, 4.116773056052999e-8, 7.544137601948383e-19
42.6, 6.988449315034242e-19, 3.996372007982252e-8, -1.8750145509606753, 3.996372007982574e-8, 6.988474563073516e-19
42.7, 6.47324023518521e-19, 3.879531907988789e-8, -1.8750116649319122, 3.879531907989097e-8, 6.473312941157225e-19
42.8, 5.99646663314757e-19, 3.766145917045526e-8, -1.8750088066748207, 3.766145917045883e-8, 5.996526977009069e-19
42.9, 5.55488837880245e-19, 3.6561104602712255e-8, -1.8750059758969755, 3.656110460271541e-8, 5.554970303975529e-19
43.0, 5.145794503219242e-19, 3.5493251249324184e-8, -1.8750031723086644, 3.549325124932721e-8, 5.145843218315765e-19
43.1, 4.767209897333953e-19, 3.445692561717007e-8, -1.8750003956226644, 3.445692561717321e-8, 4.767290460579601e-19
43.2, 4.416008623404512e-19, 3.345118389179179e-8, -1.8749976455542614, 3.345118389179429e-8, 4.416081643667472e-19
43.3, 4.090927127067114e-19, 3.247511101243046e-8, -1.8749949218211748, 3.2475111012432786e-8, 4.0909850613647e-19
43.4, 3.789388327333851e-19, 3.152781977671317e-8, -1.8749922241436578, 3.1527819776716045e-8, 3.789435156684703e-19
43.5, 3.5096735765521083e-19, 3.0608449973942636e-8, -1.8749895522442432, 3.060844997394502e-8, 3.5097597970347723e-19
43.6, 3.251340091161765e-19, 2.971616754607373e-8, -1.8749869058479387, 2.971616754607599e-8, 3.251379429911753e-19
43.7, 3.0117013121622945e-19, 2.8850163775489245e-8, -1.874984284682032, 2.8850163775491644e-8, 3.01174719864031e-19
43.8, 2.7894362747105502e-19, 2.800965449865067e-8, -1.87498168847614, 2.8009654498653222e-8, 2.7894967233356985e-19
43.9, 2.583920430316373e-19, 2.7193879344783613e-8, -1.874979116962069, 2.719387934478615e-8, 2.583977997941189e-19
44.0, 2.393627896440273e-19, 2.640210099880068e-8, -1.8749765698739838, 2.6402100998802983e-8, 2.393701178612355e-19
44.1, 2.216835415829105e-19, 2.5633604487624466e-8, -1.8749740469482121, 2.5633604487626312e-8, 2.216894345381351e-19
44.2, 2.053269083924029e-19, 2.4887696489192758e-8, -1.8749715479231668, 2.488769648919456e-8, 2.0533700236992983e-19
44.3, 1.901702799365559e-19, 2.4163704663362904e-8, -1.8749690725395036, 2.416370466336527e-8, 1.9017630908452347e-19
44.4, 1.7613101864948212e-19, 2.346097700401751e-8, -1.8749666205399083, 2.346097700401911e-8, 1.7613730970657079e-19
44.5, 1.6318033024240857e-19, 2.2778881211682993e-8, -1.874964191669118, 2.2778881211684535e-8, 1.6318478269746716e-19
44.6, 1.511534948308972e-19, 2.211680408597661e-8, -1.874961785674008, 2.2116804085978548e-8, 1.5115801014414487e-19
44.7, 1.4000760122454813e-19, 2.1474150937250482e-8, -1.8749594023033056, 2.1474150937252298e-8, 1.400125513069368e-19
44.8, 1.2969023617004812e-19, 2.0850345016807756e-8, -1.874957041307823, 2.085034501680908e-8, 1.2969249382667197e-19
44.9, 1.2010966861682548e-19, 2.0244826965079146e-8, -1.8749547024402418, 2.024482696508081e-8, 1.2011395345004656e-19
45.0, 1.112618599262329e-19, 1.9657054277180606e-8, -1.874952385455147, 1.9657054277182197e-8, 1.112668204849864e-19
45.1, 1.0306923785478498e-19, 1.9086500785291568e-8, -1.8749500901089775, 1.908650078529335e-8, 1.0307402031533615e-19
45.2, 9.547566480146659e-20, 1.853265615730245e-8, -1.8749478161600024, 1.8532656157304088e-8, 9.547740911621307e-20
45.3, 8.845355649764415e-20, 1.79950254112178e-8, -1.8749455633683296, 1.7995025411219522e-8, 8.845558891242384e-20
45.4, 8.19093956725401e-20, 1.7473128444788867e-8, -1.8749433314957318, 1.7473128444790098e-8, 8.191362812393698e-20
45.5, 7.588127962690867e-20, 1.696649957989696e-8, -1.8749411203057775, 1.6966499579898355e-8, 7.588420777088249e-20
45.6, 7.02832916926664e-20, 1.6474687121214362e-8, -1.8749389295636567, 1.6474687121215454e-8, 7.028582697295858e-20
45.7, 6.508411277711295e-20, 1.5997252928669022e-8, -1.874936759036299, 1.5997252928670266e-8, 6.508721378110669e-20
45.8, 6.028696436243776e-20, 1.5533772003276005e-8, -1.8749346084921958, 1.5533772003277103e-8, 6.028982964822252e-20
45.9, 5.582063859679798e-20, 1.5083832085919234e-8, -1.8749324777013825, 1.5083832085920273e-8, 5.582315292436048e-20
46.0, 5.169669876788989e-20, 1.4647033268644183e-8, -1.87493036643552, 1.4647033268645396e-8, 5.1700928600195545e-20
46.1, 4.786828409576746e-20, 1.4222987618079704e-8, -1.874928274467741, 1.4222987618080877e-8, 4.7871636532517455e-20
46.2, 4.4336630791482253e-20, 1.3811318810587316e-8, -1.8749262015726094, 1.3811318810588507e-8, 4.433906392721721e-20
46.3, 4.104543887036405e-20, 1.3411661778780497e-8, -1.8749241475262, 1.3411661778781609e-8, 4.1049482747193727e-20
46.4, 3.800440158898451e-20, 1.302366236901929e-8, -1.8749221121059112, 1.3023662369020233e-8, 3.8006923773820634e-20
46.5, 3.518723636704192e-20, 1.264697700957292e-8, -1.874920095090586, 1.2646977009574071e-8, 3.5188752820853044e-20
46.6, 3.2580056782935906e-20, 1.228127238906947e-8, -1.8749180962603147, 1.2281272389070684e-8, 3.258236944047516e-20
46.7, 3.01451636377763e-20, 1.1926225144930948e-8, -1.874916115396511, 1.1926225144931959e-8, 3.014722748165051e-20
46.8, 2.791063882752672e-20, 1.1581521561462354e-8, -1.8749141522818398, 1.1581521561463366e-8, 2.7912519335016176e-20
46.9, 2.5853279823149528e-20, 1.1246857277297787e-8, -1.8749122067001793, 1.1246857277298601e-8, 2.5854866992423352e-20
47.0, 2.394257159294612e-20, 1.0921937001897517e-8, -1.8749102784365426, 1.0921937001898426e-8, 2.394549711782873e-20
47.1, 2.2165675351800506e-20, 1.0606474240816359e-8, -1.8749083672771305, 1.0606474240817042e-8, 2.216748514382726e-20
47.2, 2.0531223624343925e-20, 1.0300191029457724e-8, -1.8749064730091984, 1.030019102945851e-8, 2.0533811286460326e-20
47.3, 1.9007543740562558e-20, 1.0002817675050709e-8, -1.8749045954210497, 1.0002817675051457e-8, 1.9008735427063534e-20
47.4, 1.7598957200954447e-20, 9.714092506590601e-9, -1.874902734302054, 9.714092506591476e-9, 1.7600188173823583e-20
47.5, 1.629278760405867e-20, 9.433761632481174e-9, -1.8749008894425063, 9.433761632482051e-9, 1.6294961449763744e-20
47.6, 1.509025806547074e-20, 9.161578705651969e-9, -1.8748990606336393, 9.161578705652695e-9, 1.509234286207464e-20
47.7, 1.3968142484332093e-20, 8.897304695898873e-9, -1.8748972476675942, 8.897304695899478e-9, 1.3970174899111775e-20
47.8, 1.29486874213884e-20, 8.640707669229103e-9, -1.8748954503373592, 8.640707669229843e-9, 1.2950683168891132e-20
47.9, 1.1981773947227243e-20, 8.39156257399153e-9, -1.8748936684366873, 8.391562573992283e-9, 1.198378802836845e-20
48.0, 1.1102733602284108e-20, 8.149651033569022e-9, -1.8748919017601513, 8.149651033569715e-9, 1.1104061481528052e-20
48.1, 1.0268613290699693e-20, 7.91476114543821e-9, -1.8748901501030395, 7.914761145438838e-9, 1.0270509512736408e-20
48.2, 9.523476603006736e-21, 7.686687286389257e-9, -1.8748884132612622, 7.686687286389766e-9, 9.525406873229194e-21
48.3, 8.810979029984431e-21, 7.465229923715218e-9, -1.8748866910314148, 7.465229923715731e-9, 8.813158113871928e-21
48.4, 8.156026819503149e-21, 7.25019543218248e-9, -1.874884983210627, 7.250195432183154e-9, 8.15680338004719e-21
48.5, 7.554631095648635e-21, 7.041395916605118e-9, -1.8748832895966345, 7.041395916605675e-9, 7.556323028570898e-21
48.6, 6.995748460329992e-21, 6.8386490398380645e-9, -1.8748816099876275, 6.8386490398385145e-9, 6.99689562228038e-21
48.7, 6.477317688764215e-21, 6.641777856034849e-9, -1.8748799441822463, 6.641777856035405e-9, 6.47813353567642e-21
48.8, 5.9914828168641084e-21, 6.450610648991011e-9, -1.8748782919794955, 6.450610648991471e-9, 5.993420944360199e-21
48.9, 5.5408943649351375e-21, 6.264980775421667e-9, -1.8748766531788068, 6.264980775422161e-9, 5.541331753167363e-21
49.0, 5.1219641780183226e-21, 6.084726513019867e-9, -1.8748750275798516, 6.084726513020345e-9, 5.1236862304895116e-21
49.1, 4.728060717167582e-21, 5.909690913143599e-9, -1.8748734149825357, 5.909690913144056e-9, 4.7288215631643576e-21
49.2, 4.372807185316584e-21, 5.739721657990022e-9, -1.8748718151870063, 5.739721657990549e-9, 4.374083992281914e-21
49.3, 4.046219606769252e-21, 5.574670922113984e-9, -1.8748702279935774, 5.574670922114495e-9, 4.046972595492395e-21
49.4, 3.750071106275386e-21, 5.414395238160633e-9, -1.8748686532025902, 5.4143952381609915e-9, 3.751651727821185e-21
49.5, 3.4745060436082465e-21, 5.2587553666760694e-9, -1.874867090614468, 5.258755366676471e-9, 3.475515703270061e-21
49.6, 3.2202996697662674e-21, 5.1076161698766755e-9, -1.874865540029603, 5.107616169877014e-9, 3.220850988466169e-21
49.7, 2.982674762380708e-21, 4.960846489243695e-9, -1.874864001248338, 4.960846489244088e-9, 2.9839279975251394e-21
49.8, 2.761935136032035e-21, 4.818319026834827e-9, -1.8748624740708837, 4.818319026835239e-9, 2.7628570561382836e-21
49.9, 2.54847003552173e-21, 4.679910230193594e-9, -1.8748609582972164, 4.679910230193971e-9, 2.549572672921533e-21
50.0, 2.3585898513658794e-21, 4.545500180742733e-9, -1.8748594537271424, 4.545500180743145e-9, 2.359006286868418e-21
50.1, 2.1762709835359937e-21, 4.4149724855593874e-9, -1.8748579601601578, 4.4149724855597654e-9, 2.177237428192828e-21
50.2, 2.0143692412409386e-21, 4.288214172423739e-9, -1.8748564773953504, 4.288214172424146e-9, 2.0155098554633e-21
50.3, 1.8614955063499706e-21, 4.1651155880401736e-9, -1.8748550052314212, 4.165115588040587e-9, 1.862981840612175e-21
50.4, 1.724858827421184e-21, 4.045570299335527e-9, -1.8748535434665454, 4.045570299335914e-9, 1.725627530691593e-21
50.5, 1.5879641680081202e-21, 3.929474997737144e-9, -1.874852091898392, 3.929474997737423e-9, 1.5893182381641728e-21
50.6, 1.470755907682037e-21, 3.816729406341241e-9, -1.8748506503240332, 3.816729406341609e-9, 1.4721806933007847e-21
50.7, 1.3518020230638668e-21, 3.707236189880722e-9, -1.8748492185397265, 3.7072361898810195e-9, 1.3522983408483385e-21
50.8, 1.250997130991859e-21, 3.6009008674073936e-9, -1.874847796341154, 3.600900867407747e-9, 1.2520683392971307e-21
50.9, 1.157951951405044e-21, 3.4976317276047663e-9, -1.8748463835230378, 3.4976317276050864e-9, 1.1589053006058237e-21
51.0, 1.0722985019882856e-21, 3.397339746652043e-9, -1.8748449798792932, 3.3973397466522897e-9, 1.0725649945189982e-21
51.1, 9.900524902369515e-22, 3.2999385085579254e-9, -1.8748435852027825, 3.2999385085581674e-9, 9.907327991789916e-22
51.2, 9.108577197463548e-22, 3.2053441278930676e-9, -1.8748421992854392, 3.205344127893342e-9, 9.111883800117351e-22
51.3, 8.459540204482158e-22, 3.1134751748425635e-9, -1.8748408219179964, 3.113475174842839e-9, 8.469106435130091e-22
51.4, 7.794644614218566e-22, 3.024252602512627e-9, -1.8748394528900632, 3.024252602512875e-9, 7.801382226358692e-22
51.5, 7.193563181309365e-22, 2.9375996764181252e-9, -1.874838091989882, 2.9375996764184007e-9, 7.1984019523215645e-22
51.6, 6.644346302104672e-22, 2.85344190608713e-9, -1.8748367390044296, 2.8534419060873927e-9, 6.645184411292171e-22
51.7, 6.104132548937562e-22, 2.7717069787168017e-9, -1.8748353937192082, 2.7717069787170118e-9, 6.1115052906963395e-22
51.8, 5.64207902523273e-22, 2.6923246948174172e-9, -1.8748340559182488, 2.692324694817622e-9, 5.646263023442196e-22
51.9, 5.215893955661631e-22, 2.6152269057858344e-9, -1.8748327253839232, 2.6152269057860793e-9, 5.225663165878412e-22
52.0, 4.816187898233066e-22, 2.5403474533472416e-9, -1.8748314018969363, 2.5403474533474364e-9, 4.821825492064601e-22
52.1, 4.430651124255652e-22, 2.4676221108095177e-9, -1.8748300852362259, 2.4676221108097104e-9, 4.435699422564726e-22
52.2, 4.096762828957843e-22, 2.3969885260753567e-9, -1.874828775178836, 2.396988526075563e-9, 4.099768236122389e-22
52.3, 3.7627108404593505e-22, 2.3283861663577866e-9, -1.8748274714998192, 2.32838616635799e-9, 3.7668359091165706e-22
52.4, 3.452564606988652e-22, 2.2617562645479897e-9, -1.8748261739722574, 2.2617562645481994e-9, 3.457220041616086e-22
52.5, 3.1860458853640757e-22, 2.1970417671847296e-9, -1.874824882366951, 2.1970417671848905e-9, 3.1898304721638745e-22
52.6, 2.914315172229742e-22, 2.1341872839770822e-9, -1.874823596452552, 2.1341872839772688e-9, 2.9178771362766114e-22
52.7, 2.681150577176402e-22, 2.0731390388334652e-9, -1.8748223159952664, 2.0731390388336195e-9, 2.6862709004937765e-22
52.8, 2.4858580410331576e-22, 2.0138448223506448e-9, -1.874821040758865, 2.0138448223507717e-9, 2.489786677849558e-22
52.9, 2.291770286846943e-22, 1.9562539457193947e-9, -1.8748197705045324, 1.9562539457195465e-9, 2.2986323058195884e-22
53.0, 2.1058671926948945e-22, 1.900317196002711e-9, -1.874818504990774, 1.9003171960028807e-9, 2.1093833226455725e-22
53.1, 1.930643442955427e-22, 1.8459867927471666e-9, -1.8748172439733297, 1.8459867927473277e-9, 1.934257788826515e-22
53.2, 1.7840398124234335e-22, 1.7932163458836943e-9, -1.8748159872049246, 1.7932163458838651e-9, 1.7893041857574095e-22
53.3, 1.6262428408287137e-22, 1.7419608148824312e-9, -1.8748147344353634, 1.7419608148825847e-9, 1.6331146813934e-22
53.4, 1.480876730893886e-22, 1.6921764691214476e-9, -1.8748134854112106, 1.6921764691215965e-9, 1.4821862764993528e-22
53.5, 1.3644450311118446e-22, 1.6438208494333613e-9, -1.8748122398757754, 1.6438208494334937e-9, 1.368056103118919e-22
53.6, 1.2550521389591865e-22, 1.5968527307944417e-9, -1.8748109975689575, 1.5968527307945534e-9, 1.2582932643327166e-22
53.7, 1.132000686141511e-22, 1.5512320861215561e-9, -1.8748097582271754, 1.5512320861216628e-9, 1.133876610221342e-22
53.8, 1.061913805336935e-22, 1.5069200511435561e-9, -1.8748085215830823, 1.5069200511436808e-9, 1.0662975092512345e-22
53.9, 9.822705154764659e-23, 1.463878890315252e-9, -1.8748072873655985, 1.463878890315362e-9, 9.832199360404292e-23
54.0, 9.183777853857471e-23, 1.4220719637411841e-9, -1.8748060552996433, 1.422071963741294e-9, 9.212064038935551e-23
54.1, 8.28186105673244e-23, 1.3814636950809042e-9, -1.8748048251060903, 1.3814636950810214e-9, 8.31829916320455e-23
54.2, 7.601650330612916e-23, 1.3420195404044854e-9, -1.874803596501524, 1.3420195404045917e-9, 7.657829837087436e-23
54.3, 6.833700048927125e-23, 1.303705957970242e-9, -1.8748023691981892, 1.30370595797035e-9, 6.865161882098462e-23
54.4, 6.200469271403717e-23, 1.2664903788975236e-9, -1.8748011429037608, 1.2664903788976355e-9, 6.221094614689818e-23
54.5, 5.725136955259454e-23, 1.2303411787068594e-9, -1.8747999173212089, 1.230341178706958e-9, 5.750542140005508e-23
54.6, 5.1812499266690095e-23, 1.1952276497020658e-9, -1.8747986921486244, 1.195227649702176e-9, 5.213039146241713e-23
54.7, 4.805606769740896e-23, 1.1611199741685555e-9, -1.8747974670791083, 1.1611199741686434e-9, 4.8305208748848993e-23
54.8, 4.4823781756715854e-23, 1.1279891983641146e-9, -1.8747962418005113, 1.1279891983642124e-9, 4.5012356323903054e-23
54.9, 4.064764082088265e-23, 1.0958072072773496e-9, -1.8747950159953408, 1.0958072072774355e-9, 4.0812970953572814e-23
55.0, 3.657790046549361e-23, 1.0645467001316648e-9, -1.8747937893405076, 1.0645467001317668e-9, 3.6847666860219746e-23
55.1, 3.416211620980898e-23, 1.0341811666127133e-9, -1.8747925615072467, 1.0341811666127966e-9, 3.4495068179998875e-23
55.2, 3.038767838845267e-23, 1.004684863796148e-9, -1.874791332160777, 1.0046848637962365e-9, 3.0671849784838935e-23
55.3, 2.6761546606915465e-23, 9.760327937568014e-10, -1.8747901009602406, 9.760327937569015e-10, 2.72650668922174e-23
55.4, 2.4126086075913797e-23, 9.482006818371657e-10, -1.8747888675584379, 9.482006818372426e-10, 2.4371625876938796e-23
55.5, 2.1633038629506628e-23, 9.211649555567999e-10, -1.8747876316016652, 9.211649555568673e-10, 2.1789201942958528e-23
55.6, 1.9057817196356423e-23, 8.949027241422982e-10, -1.8747863927294897, 8.94902724142391e-10, 1.9107907315765523e-23
55.7, 1.6607657368528287e-23, 8.693917586608087e-10, -1.874785150574438, 8.693917586608885e-10, 1.6753016930735086e-23
55.8, 1.4010992126088566e-23, 8.446104727373917e-10, -1.8747839047619868, 8.446104727374694e-10, 1.425865993872245e-23
55.9, 1.2822252102726198e-23, 8.205379038404416e-10, -1.8747826549101188, 8.205379038405131e-10, 1.2907536260282216e-23
56.0, 1.0782634822211864e-23, 7.971536951168781e-10, -1.8747814006292276, 7.971536951169593e-10, 1.1048963659723647e-23
56.1, 8.989375808725944e-24, 7.744380777619501e-10, -1.8747801415218734, 7.744380777620149e-10, 9.219364755686027e-24
56.2, 8.802274480344894e-24, 7.523718539065258e-10, -1.8747788771824183, 7.523718539065903e-10, 9.003126037583345e-24
56.3, 8.24866407563386e-24, 7.309363800076821e-10, -1.8747776071969637, 7.309363800077442e-10, 8.299572661046377e-24
56.4, 7.702419864953576e-24, 7.101135507266855e-10, -1.8747763311428947, 7.101135507267488e-10, 7.864803520031443e-24
56.5, 6.600109851552008e-24, 6.898857832802869e-10, -1.8747750485888082, 6.8988578328034e-10, 6.638741446913275e-24
56.6, 5.6547816176057566e-24, 6.702360022513315e-10, -1.874773759094071, 6.702360022514004e-10, 5.8412281731840736e-24
56.7, 4.167792582598355e-24, 6.511476248450208e-10, -1.874772462208642, 6.51147624845074e-10, 4.2951458927299885e-24
56.8, 3.202984857770787e-24, 6.326045465771658e-10, -1.8747711574728119, 6.326045465772213e-10, 3.357347546015171e-24
56.9, 2.1224460400601024e-24, 6.145911273823974e-10, -1.8747698444168182, 6.145911273824425e-10, 2.2858118543420696e-24
57.0, 1.5303677331884853e-24, 5.970921781290885e-10, -1.8747685225605888, 5.970921781291445e-10, 1.6945520134738686e-24
57.1, 1.3507962920388682e-24, 5.800929475296128e-10, -1.8747671914134496, 5.800929475296598e-10, 1.4884622738135519e-24
57.2, 7.998049785387677e-25, 5.635791094336797e-10, -1.8747658504738554, 5.635791094337305e-10, 9.350155623032012e-25
57.3, 1.1041106386090847e-24, 5.475367504938445e-10, -1.8747644992288757, 5.475367504939001e-10, 1.2234429819072348e-24
57.4, -1.5878240466283352e-26, 5.319523581917966e-10, -1.8747631371541338, 5.319523581918361e-10, 1.5550854064916685e-25
57.5, -4.724185771721006e-25, 5.16812809214856e-10, -1.87476176371323, 5.168128092149024e-10, -4.329685158074172e-25
57.6, -6.485524611073674e-25, 5.021053581727381e-10, -1.8747603783575255, 5.021053581727737e-10, -5.089221609244839e-25
57.7, -4.491741426750672e-25, 4.878176266438884e-10, -1.8747589805257254, 4.87817626643931e-10, -3.593065754999171e-25
57.8, -6.816184876454008e-25, 4.73937592542009e-10, -1.8747575696435625, 4.739375925420463e-10, -5.63923076354084e-25
57.9, -8.23540492637851e-25, 4.6045357979332786e-10, -1.874756145123343, 4.6045357979337346e-10, -7.205774694080342e-25
58.0, -1.1910317281719348e-24, 4.473542483151959e-10, -1.8747547063636436, 4.4735424831523076e-10, -1.097890296983118e-24
58.1, -1.2130484636638431e-24, 4.34628584287456e-10, -1.8747532527488138, 4.3462858428749617e-10, -1.1319384827252514e-24
58.2, -1.4630898277076351e-24, 4.2226589070771926e-10, -1.8747517836486334, 4.2226589070775576e-10, -1.391883285410385e-24
58.3, -1.3855810971840767e-24, 4.1025577822219986e-10, -1.8747502984179252, 4.102557782222342e-10, -1.3345088185708766e-24
58.4, -1.37003024311916e-24, 3.9858815622404276e-10, -1.874748796396017, 3.9858815622407357e-10, -1.3188761179056183e-24
58.5, -1.4148821801063935e-24, 3.8725322421119403e-10, -1.8747472769063513, 3.872532242112296e-10, -1.3359820573770266e-24
58.6, -1.3276337041421766e-24, 3.7624146339627727e-10, -1.8747457392560969, 3.7624146339631005e-10, -1.2633841228739681e-24
58.7, -1.659849054929002e-24, 3.655436285609501e-10, -1.8747441827355573, 3.6554362856097984e-10, -1.5567223384985018e-24
58.8, -1.2713232431071098e-24, 3.5515074014764264e-10, -1.8747426066178163, 3.551507401476719e-10, -1.1890674097637347e-24
58.9, -1.1979886892009765e-24, 3.4505407658153637e-10, -1.8747410101581055, 3.4505407658155937e-10, -1.1296467779156848e-24
59.0, -1.4561328666785935e-24, 3.352451668161839e-10, -1.8747393925934461, 3.3524516681620767e-10, -1.377150897348885e-24
59.1, -1.811347112161427e-24, 3.2571578309609697e-10, -1.8747377531420173, 3.2571578309612277e-10, -1.7223798575900353e-24
59.2, -2.1575582316066777e-24, 3.164579339299812e-10, -1.8747360910026778, 3.1645793393001046e-10, -2.0790673418790192e-24
59.3, -1.7550366511263604e-24, 3.074638572684477e-10, -1.874734405354409, 3.0746385726847205e-10, -1.653956099704402e-24
59.4, -1.9748766196440775e-24, 2.987260138799626e-10, -1.8747326953557675, 2.9872601387998426e-10, -1.9274055914459106e-24
59.5, -1.815112055777144e-24, 2.9023708091963375e-10, -1.8747309601442652, 2.902370809196551e-10, -1.756182503531144e-24
59.6, -1.6265374885899436e-24, 2.8198994568474253e-10, -1.8747291988358192, 2.8198994568476197e-10, -1.5925711494481519e-24
59.7, -1.3936839106179018e-24, 2.739776995519774e-10, -1.8747274105241416, 2.7397769955199935e-10, -1.355543394858685e-24
59.8, -1.2901479611856933e-24, 2.6619363209059754e-10, -1.8747255942800762, 2.661936320906208e-10, -1.2032268716228432e-24
59.9, -1.4436103368263185e-24, 2.5863122534662894e-10, -1.8747237491510036, 2.5863122534665066e-10, -1.3819798467690434e-24
60.0, -1.338846688388985e-24, 2.5128414829313526e-10, -1.874721874160187, 2.512841482931558e-10, -1.2641207422770431e-24
60.1, -1.5169448907324518e-24, 2.4414625144149883e-10, -1.8747199683060358, 2.4414625144151853e-10, -1.4705378683387267e-24
60.2, -1.5655617713354018e-24, 2.372115616091065e-10, -1.8747180305614912, 2.3721156160912207e-10, -1.4827330117896352e-24
60.3, -1.5318409719946353e-24, 2.3047427683887774e-10, -1.8747160598732566, 2.3047427683889865e-10, -1.4743028119544434e-24
60.4, -1.7078930093295604e-24, 2.2392876146616603e-10, -1.874714055161098, 2.2392876146618514e-10, -1.6514188550938103e-24
60.5, -1.831972455447527e-24, 2.175695413286624e-10, -1.8747120153170567, 2.1756954132868222e-10, -1.783437421444919e-24
60.6, -1.866716337292565e-24, 2.113912991152217e-10, -1.8747099392047695, 2.1139129911524155e-10, -1.8127385043672356e-24
60.7, -1.8348780097596565e-24, 2.053888698495217e-10, -1.8747078256585668, 2.0538886984954123e-10, -1.803244298727602e-24
60.8, -1.751762787112694e-24, 1.995572365045937e-10, -1.8747056734827525, 1.9955723650461116e-10, -1.7314239069277895e-24
60.9, -1.7868749786592687e-24, 1.938915257443054e-10, -1.8747034814506507, 1.938915257443193e-10, -1.7282318895144647e-24
61.0, -1.7309737506259105e-24, 1.8838700378833054e-10, -1.8747012483039334, 1.8838700378834605e-10, -1.686162736938848e-24
61.1, -1.7230755536929397e-24, 1.8303907239675496e-10, -1.8746989727516266, 1.8303907239677094e-10, -1.6763002215976772e-24
61.2, -1.6110684811253686e-24, 1.778432649710074e-10, -1.8746966534690763, 1.778432649710234e-10, -1.6006739628819769e-24
61.3, -1.511256552008706e-24, 1.7279524276752855e-10, -1.874694289097403, 1.7279524276754463e-10, -1.4580153384864517e-24
61.4, -1.5639657626287394e-24, 1.6789079122113216e-10, -1.8746918782421402, 1.6789079122114596e-10, -1.5458367406530603e-24
61.5, -1.510028853003581e-24, 1.6312581637464062e-10, -1.874689419472516, 1.6312581637465323e-10, -1.4673049276252309e-24
61.6, -1.4474162037422059e-24, 1.5849634141179842e-10, -1.8746869113203817, 1.5849634141181217e-10, -1.4231077634407309e-24
61.7, -1.4407457058143601e-24, 1.5399850329047466e-10, -1.8746843522791097, 1.539985032904875e-10, -1.409603074384356e-24
61.8, -1.1330843351300347e-24, 1.4962854947317465e-10, -1.8746817408026937, 1.496285494731865e-10, -1.109185127830268e-24
61.9, -1.1833381477398182e-24, 1.4538283475204512e-10, -1.8746790753045484, 1.4538283475205776e-10, -1.1467117940869222e-24
62.0, -1.315970563593489e-24, 1.4125781816562423e-10, -1.874676354156397, 1.4125781816563778e-10, -1.2781165109354681e-24
62.1, -1.2083832074443682e-24, 1.372500600047096e-10, -1.8746735756872313, 1.37250060004721e-10, -1.1660275917675557e-24
62.2, -1.0797612750074388e-24, 1.333562189046599e-10, -1.8746707381820027, 1.3335621890467257e-10, -1.0544297522016929e-24
62.3, -1.1627537277538889e-24, 1.2957304902164175e-10, -1.8746678398805425, 1.2957304902165121e-10, -1.1397957563580513e-24
62.4, -1.1769131896129972e-24, 1.2589739729052322e-10, -1.8746648789762357, 1.258973972905326e-10, -1.1539142949169889e-24
62.5, -1.1640632733593556e-24, 1.223262007617514e-10, -1.8746618536148485, 1.2232620076175953e-10, -1.1291966216138055e-24
62.6, -1.1970065299968764e-24, 1.1885648401523406e-10, -1.8746587618930959, 1.1885648401524324e-10, -1.176503956611289e-24
62.7, -1.094207199967743e-24, 1.1548535664871596e-10, -1.8746556018574463, 1.1548535664872516e-10, -1.0677298247572138e-24
62.8, -1.0872502389387013e-24, 1.1221001083873246e-10, -1.8746523715026988, 1.122100108387416e-10, -1.056353147309722e-24
62.9, -9.788034934859928e-25, 1.0902771897179519e-10, -1.8746490687705235, 1.0902771897180411e-10, -9.436913019394179e-25
63.0, -1.0598930127744992e-24, 1.0593583134396597e-10, -1.874645691548095, 1.0593583134397368e-10, -1.0297939254988513e-24
63.1, -1.0607524020780868e-24, 1.0293177392668394e-10, -1.8746422376665277, 1.0293177392669126e-10, -1.0341727186171304e-24
63.2, -1.0458972441160742e-24, 1.0001304619705668e-10, -1.8746387048994828, 1.0001304619706587e-10, -1.0326994798109804e-24
63.3, -1.0057924099486574e-24, 9.717721903062482e-11, -1.8746350909615241, 9.717721903063262e-11, -9.877247729232346e-25
63.4, -9.512211891708512e-25, 9.442193265486345e-11, -1.8746313935064047, 9.442193265487068e-11, -9.330512438950011e-25
63.5, -8.734464571961823e-25, 9.174489466163192e-11, -1.8746276101257175, 9.174489466164048e-11, -8.467030805345428e-25
63.6, -8.082147167238739e-25, 8.914387807688987e-11, -1.874623738346872, 8.91438780768967e-11, -7.9554895532100095e-25
63.7, -8.616196234468115e-25, 8.661671948595211e-11, -1.8746197756316199, 8.661671948595882e-11, -8.405236622087469e-25
63.8, -8.85211905995297e-25, 8.416131721275874e-11, -1.874615719374165, 8.416131721276459e-11, -8.673693471208135e-25
63.9, -8.637476350556949e-25, 8.177562955153979e-11, -1.874611566899291, 8.177562955154546e-11, -8.336485477800468e-25
64.0, -8.797077221223198e-25, 7.94576730493505e-11, -1.8746073154606224, 7.945767304935917e-11, -8.576500633302407e-25
64.1, -8.570975987779344e-25, 7.720552083808705e-11, -1.8746029622385634, 7.72055208380934e-11, -8.288195983598885e-25
64.2, -8.412398199617364e-25, 7.50173010143985e-11, -1.874598504338466, 7.501730101440546e-11, -8.217807907305052e-25
64.3, -8.021171449984198e-25, 7.289119506628606e-11, -1.8745939387884565, 7.289119506629244e-11, -7.824534992663343e-25
64.4, -7.460931470645488e-25, 7.082543634489971e-11, -1.8745892625374732, 7.082543634490578e-11, -7.274525838367342e-25
64.5, -7.416529689960134e-25, 6.881830858029192e-11, -1.8745844724530911, 6.881830858029757e-11, -7.2575426687964465e-25
64.6, -6.914810029865717e-25, 6.686814443982217e-11, -1.8745795653193005, 6.686814443982842e-11, -6.780376988804529e-25
64.7, -6.9622810580638835e-25, 6.497332412803734e-11, -1.8745745378343361, 6.497332412804269e-11, -6.797974007877988e-25
64.8, -6.8980314767956755e-25, 6.313227402675212e-11, -1.8745693866083732, 6.313227402675668e-11, -6.722675135563654e-25
64.9, -6.3959025836995495e-25, 6.134346537422639e-11, -1.8745641081609903, 6.13434653742314e-11, -6.260855693135799e-25
65.0, -6.689936495426987e-25, 5.960541298226882e-11, -1.874558698919028, 5.960541298227494e-11, -6.507418576665071e-25
65.1, -6.891688365269196e-25, 5.791667399021571e-11, -1.8745531552138424, 5.791667399022063e-11, -6.774852343281467e-25
65.2, -6.560005017384592e-25, 5.6275846654669095e-11, -1.8745474732789273, 5.62758466546739e-11, -6.4096118892567785e-25
65.3, -6.329402220921945e-25, 5.468156917400047e-11, -1.8745416492471656, 5.468156917400605e-11, -6.165299787236904e-25
65.4, -5.96549177415281e-25, 5.3132518546612065e-11, -1.8745356791482333, 5.3132518546616156e-11, -5.913723799436705e-25
65.5, -5.692942595015059e-25, 5.1627409461936154e-11, -1.874529558905777, 5.162740946194057e-11, -5.575595031775194e-25
65.6, -5.072749980926079e-25, 5.0164993223298645e-11, -1.874523284334658, 5.016499322330314e-11, -4.994688785850215e-25
65.7, -4.901281353210288e-25, 4.874405670168467e-11, -1.8745168511379653, 4.874405670168819e-11, -4.82015091062161e-25
65.8, -5.126973353652433e-25, 4.736342131950391e-11, -1.8745102549040573, 4.7363421319508e-11, -4.988652599075017e-25
65.9, -5.17863902011811e-25, 4.6021942063534156e-11, -1.8745034911035723, 4.602194206353809e-11, -5.113570972846486e-25
66.0, -5.209740728247944e-25, 4.471850652615087e-11, -1.8744965550861676, 4.4718506526154445e-11, -5.074489221183339e-25
66.1, -5.085947745231173e-25, 4.345203397407485e-11, -1.874489442077399, 4.3452033974078583e-11, -5.011467338920256e-25
66.2, -4.8587211210326205e-25, 4.222147444379354e-11, -1.874482147175383, 4.2221474443797005e-11, -4.775544513435402e-25
66.3, -4.963791694221235e-25, 4.1025807862951103e-11, -1.8744746653474678, 4.102580786295505e-11, -4.882354326881277e-25
66.4, -4.9916195383374015e-25, 3.986404319690469e-11, -1.8744669914265917, 3.9864043196908024e-11, -4.919185297035027e-25
66.5, -4.809920085578902e-25, 3.8735217619732715e-11, -1.8744591201079832, 3.873521761973585e-11, -4.770633717414901e-25
66.6, -4.420739500954276e-25, 3.763839570901331e-11, -1.87445104594528, 3.7638395709016805e-11, -4.380839283287714e-25
66.7, -4.426775687729474e-25, 3.6572668663666985e-11, -1.8744427633468337, 3.657266866366968e-11, -4.32027279903488e-25
66.8, -4.286920309395651e-25, 3.5537153544214855e-11, -1.8744342665719416, 3.553715354421771e-11, -4.214895301094984e-25
66.9, -4.0692083524868175e-25, 3.453099253479103e-11, -1.8744255497267859, 3.453099253479393e-11, -4.025522729554453e-25
67.0, -4.1112570434123486e-25, 3.3553352226288517e-11, -1.874416606760548, 3.3553352226291425e-11, -4.005163387719463e-25
67.1, -4.11401936617388e-25, 3.260342292003827e-11, -1.8744074314610526, 3.260342292004123e-11, -4.0398458846142447e-25
67.2, -3.9894079171536926e-25, 3.168041795143432e-11, -1.8743980174506687, 3.1680417951437367e-11, -3.906845159059036e-25
67.3, -3.727703412561213e-25, 3.078357303289954e-11, -1.8743883581818916, 3.0783573032902353e-11, -3.655576096010119e-25
67.4, -3.7576797299363483e-25, 2.991214561567748e-11, -1.8743784469328961, 2.9912145615680185e-11, -3.6958855466783898e-25
67.5, -3.6877008866442233e-25, 2.9065414269881894e-11, -1.87436827680282, 2.9065414269884262e-11, -3.6463683534716813e-25
67.6, -3.566056376886421e-25, 2.824267808228813e-11, -1.8743578407072459, 2.8242678082290737e-11, -3.5139814774190354e-25
67.7, -3.5973627015171084e-25, 2.7443256071361056e-11, -1.8743471313732436, 2.7443256071363233e-11, -3.542627787538619e-25
67.8, -3.5303507974873687e-25, 2.6666486619003726e-11, -1.8743361413344464, 2.66664866190063e-11, -3.469835467359749e-25
67.9, -3.346707487970754e-25, 2.5911726918580027e-11, -1.8743248629260099, 2.5911726918582463e-11, -3.3015895495324103e-25
68.0, -3.220663723444587e-25, 2.517835243871016e-11, -1.8743132882793505, 2.5178352438712294e-11, -3.1553399055468945e-25
68.1, -3.0965126615513217e-25, 2.4465756402403726e-11, -1.8743014093168524, 2.4465756402405742e-11, -3.022850721243821e-25
68.2, -3.12812591093329e-25, 2.377334928109038e-11, -1.8742892177463601, 2.3773349281092393e-11, -3.0758463949650505e-25
68.3, -3.0326723132848215e-25, 2.3100558303116166e-11, -1.8742767050555786, 2.310055830311824e-11, -2.9785000946836807e-25
68.4, -2.924992879710316e-25, 2.2446826976283883e-11, -1.8742638625064028, 2.2446826976285754e-11, -2.8505124733993993e-25
68.5, -2.8915892359458735e-25, 2.1811614624047935e-11, -1.8742506811288333, 2.1811614624050284e-11, -2.8474432258865867e-25
68.6, -2.8485686166412846e-25, 2.1194395934962838e-11, -1.874237151715127, 2.1194395934964926e-11, -2.8297438985627013e-25
68.7, -2.7081505429301126e-25, 2.059466052500647e-11, -1.874223264813445, 2.0594660525008415e-11, -2.670040719646024e-25
68.8, -2.6099857766453263e-25, 2.001191251240525e-11, -1.8742090107216511, 2.0011912512406933e-11, -2.585329488292399e-25
68.9, -2.5642539887044197e-25, 1.9445670104614055e-11, -1.874194379480624, 1.944567010461548e-11, -2.5114117773588313e-25
69.0, -2.539546546226279e-25, 1.889546519708959e-11, -1.8741793608677861, 1.8895465197091184e-11, -2.4707442478140654e-25
69.1, -2.3715052448997944e-25, 1.836084298352721e-11, -1.8741639443900295, 1.836084298352864e-11, -2.318918804180274e-25
69.2, -2.427007470756487e-25, 1.784136157722123e-11, -1.8741481192769103, 1.7841361577222807e-11, -2.427160933132128e-25
69.3, -2.4516637591094144e-25, 1.7336591643248765e-11, -1.8741318744733384, 1.733659164325035e-11, -2.4091546810569614e-25
69.4, -2.350327437061388e-25, 1.6846116041151766e-11, -1.874115198632275, 1.6846116041153472e-11, -2.3095575992661954e-25
69.5, -2.3627067353630656e-25, 1.6369529477815647e-11, -1.8740980801071196, 1.6369529477817004e-11, -2.318765341804633e-25
69.6, -2.3983100065116905e-25, 1.5906438170262345e-11, -1.874080506944062, 1.590643817026401e-11, -2.3606094162293103e-25
69.7, -2.288584407928643e-25, 1.5456459518070897e-11, -1.87406246687403, 1.545645951807229e-11, -2.256152692543258e-25
69.8, -2.1410047566875753e-25, 1.5019221785137665e-11, -1.874043947304719, 1.5019221785138683e-11, -2.1142511492008934e-25
69.9, -2.021508720188742e-25, 1.4594363790529186e-11, -1.874024935312183, 1.4594363790530527e-11, -1.9994612922217055e-25
70.0, -2.0194114010549868e-25, 1.4181534608149342e-11, -1.8740054176322833, 1.4181534608150445e-11, -1.983091972153372e-25
70.1, -2.0531731236959244e-25, 1.378039327497585e-11, -1.8739853806520221, 1.3780393274977081e-11, -2.0129659812780806e-25
70.2, -2.0351157174955443e-25, 1.339060850762716e-11, -1.8739648104005087, 1.3390608507628233e-11, -2.007134411003737e-25
70.3, -2.016597924168242e-25, 1.3011858427003754e-11, -1.8739436925399047, 1.3011858427004895e-11, -1.9771836706912082e-25
70.4, -1.9804575347048747e-25, 1.2643830290792601e-11, -1.8739220123559488, 1.2643830290793672e-11, -1.957003368294466e-25
70.5, -1.9394319262836144e-25, 1.228622023359439e-11, -1.8738997547483152, 1.2286220233595289e-11, -1.920607208205031e-25
70.6, -1.9097113795345466e-25, 1.1938733014464573e-11, -1.8738769042208738, 1.1938733014465673e-11, -1.8958741886642836e-25
70.7, -1.8829321949852574e-25, 1.1601081771651692e-11, -1.8738534448713804, 1.1601081771652822e-11, -1.851063174977221e-25
70.8, -1.8402440774945569e-25, 1.1272987784331242e-11, -1.8738293603814442, 1.1272987784331956e-11, -1.8165597175206871e-25
70.9, -1.8217774382924684e-25, 1.0954180241123904e-11, -1.8738046340056536, 1.0954180241124912e-11, -1.790803615475669e-25
71.0, -1.722794206004265e-25, 1.0644396015223672e-11, -1.8737792485609324, 1.0644396015224528e-11, -1.6934061610690855e-25
71.1, -1.644016853175411e-25, 1.0343379445926508e-11, -1.8737531864152643, 1.0343379445927484e-11, -1.6214834610188456e-25
71.2, -1.630614472369463e-25, 1.0050882126389689e-11, -1.873726429476538, 1.0050882126390608e-11, -1.6094622415936635e-25
71.3, -1.581480935101856e-25, 9.766662697437205e-12, -1.8736989591806859, 9.766662697438102e-12, -1.57099433943308e-25
71.4, -1.53828127635902e-25, 9.490486647242735e-12, -1.8736707564798978, 9.490486647243547e-12, -1.5125251743140019e-25
71.5, -1.5266181358103325e-25, 9.222126116717032e-12, -1.873641801830371, 9.222126116717777e-12, -1.5172825079588613e-25
71.6, -1.47198553008227e-25, 8.961359710443126e-12, -1.8736120751798977, 8.961359710443799e-12, -1.4561021742034653e-25
71.7, -1.4409093990150434e-25, 8.707972312994315e-12, -1.8735815559549078, 8.707972312995165e-12, -1.4187852398601866e-25
71.8, -1.366377838578913e-25, 8.461754910487055e-12, -1.8735502230475287, 8.461754910487916e-12, -1.346299844432598e-25
71.9, -1.3637945552556293e-25, 8.222504417211413e-12, -1.8735180548021937, 8.222504417212287e-12, -1.3360690193898897e-25
72.0, -1.3045580782583479e-25, 7.990023507205506e-12, -1.8734850290017562, 7.990023507206259e-12, -1.2748886856344937e-25
72.1, -1.3079854046476553e-25, 7.764120450620755e-12, -1.8734511228536992, 7.764120450621338e-12, -1.2930228230226944e-25
72.2, -1.2858356684301917e-25, 7.544608954749124e-12, -1.873416312975578, 7.544608954749844e-12, -1.2741213737562907e-25
72.3, -1.2415361959952646e-25, 7.331308009574933e-12, -1.873380575380378, 7.33130800957553e-12, -1.2200770404681837e-25
72.4, -1.250769515596309e-25, 7.124041737724466e-12, -1.8733438854615911, 7.124041737725072e-12, -1.2362161669730562e-25
72.5, -1.2406409988040277e-25, 6.922639248687625e-12, -1.8733062179775872, 6.922639248688161e-12, -1.2330701882724233e-25
72.6, -1.1495866559239232e-25, 6.726934497188104e-12, -1.8732675470361466, 6.7269344971886385e-12, -1.126618453703043e-25
72.7, -1.0953888602601758e-25, 6.5367661455839065e-12, -1.873227846078181, 6.536766145584508e-12, -1.085567268219176e-25
72.8, -1.0684945789291562e-25, 6.351977430186077e-12, -1.873187087861277, 6.35197743018657e-12, -1.050475538322686e-25
72.9, -1.0600029941437083e-25, 6.172416031379276e-12, -1.8731452444429708, 6.172416031379783e-12, -1.0442731006405443e-25
73.0, -1.0455135881769725e-25, 5.997933947438648e-12, -1.873102287163317, 5.997933947439182e-12, -1.0310625478041471e-25
73.1, -1.0097440661214035e-25, 5.828387371938739e-12, -1.873058186627459, 5.8283873719392795e-12, -9.989633342326497e-26
73.2, -1.001725656994181e-25, 5.6636365746475786e-12, -1.873012912687482, 5.66363657464811e-12, -9.861748029292643e-26
73.3, -1.0100509908726848e-25, 5.503545785809794e-12, -1.8729664344240444, 5.50354578581027e-12, -9.993981442969648e-26
73.4, -9.746395476936105e-26, 5.347983083722543e-12, -1.8729187201275037, 5.347983083722947e-12, -9.707006800521679e-26
73.5, -9.297645913500311e-26, 5.196820285508049e-12, -1.8728697372786998, 5.196820285508533e-12, -9.236388848557094e-26
73.6, -9.115665113053136e-26, 5.049932840993068e-12, -1.8728194525291868, 5.0499328409934665e-12, -9.019623242964712e-26
73.7, -8.570873679528916e-26, 4.907199729606495e-12, -1.872767831681186, 4.90719972960684e-12, -8.494270377021638e-26
73.8, -8.627526873202914e-26, 4.768503360207149e-12, -1.872714839666962, 4.768503360207551e-12, -8.533786938749099e-26
73.9, -8.102301892572874e-26, 4.633729473763474e-12, -1.8726604405277933, 4.63372947376384e-12, -8.035289988543135e-26
74.0, -8.126600102049307e-26, 4.502767048796889e-12, -1.8726045973925438, 4.5027670487973175e-12, -7.998203247763317e-26
74.1, -7.554824867474944e-26, 4.3755082095152334e-12, -1.8725472724555905, 4.3755082095156244e-12, -7.4458665807701e-26
74.2, -7.30851775457174e-26, 4.251848136557736e-12, -1.872488426954536, 4.25184813655813e-12, -7.199559467866897e-26
74.3, -7.316062988040738e-26, 4.1316849802761365e-12, -1.8724280211471347, 4.13168498027645e-12, -7.275395458495973e-26
74.4, -7.121933082855347e-26, 4.014919776482077e-12, -1.8723660142880627, 4.0149197764824804e-12, -7.088810786779579e-26
74.5, -6.849409480780204e-26, 3.901456364588344e-12, -1.8723023646048103, 3.901456364588703e-12, -6.779072558611584e-26
74.6, -6.463195835417964e-26, 3.791201308076596e-12, -1.872237029273341, 3.7912013080769035e-12, -6.343750953044343e-26
74.7, -6.302316111621374e-26, 3.684063817226014e-12, -1.8721699643932512, 3.6840638172263155e-12, -6.183254885186856e-26
74.8, -6.23709460197411e-26, 3.5799556740364965e-12, -1.872101124962092, 3.5799556740367764e-12, -6.139262337503211e-26
74.9, -5.930425621318926e-26, 3.4787911592866374e-12, -1.8720304648495365, 3.4787911592869545e-12, -5.879910922670554e-26
75.0, -5.804074932041479e-26, 3.3804869816622485e-12, -1.8719579367707702, 3.380486981662562e-12, -5.704324387875072e-26
75.1, -5.317407373291146e-26, 3.2849622089009463e-12, -1.8718834922593557, 3.284962208901246e-12, -5.221045789920137e-26
75.2, -5.231212672306328e-26, 3.192138200890268e-12, -1.8718070816396373, 3.192138200890564e-12, -5.1596608396638866e-26
75.3, -5.1532026313556767e-26, 3.101938544668028e-12, -1.8717286539984717, 3.1019385446682793e-12, -5.098659545346738e-26
75.4, -4.952870288488144e-26, 3.014288991267721e-12, -1.8716481571564527, 3.0142889912679494e-12, -4.8778016097372715e-26
75.5, -4.8567644757432024e-26, 2.929117394359654e-12, -1.8715655376385223, 2.9291173943599086e-12, -4.808999311325058e-26
75.6, -4.5947914119933517e-26, 2.8463536506322976e-12, -1.871480740643894, 2.846353650632564e-12, -4.541079580519133e-26
75.7, -4.521065529029335e-26, 2.7659296418684805e-12, -1.871393710015629, 2.765929641868697e-12, -4.4308424406839507e-26
75.8, -4.5150549193167435e-26, 2.6877791786660435e-12, -1.8713043882093254, 2.6877791786662588e-12, -4.4213789275194455e-26
75.9, -4.3430491732862096e-26, 2.6118379457568946e-12, -1.8712127162613763, 2.6118379457570937e-12, -4.246943360541268e-26
76.0, -4.2536573394755457e-26, 2.5380434488778624e-12, -1.8711186337565213, 2.5380434488780756e-12, -4.19591712064076e-26
76.1, -4.1087632798081885e-26, 2.466334963150776e-12, -1.8710220787946577, 2.4663349631509868e-12, -4.0462913043911506e-26
76.2, -3.8997347356543535e-26, 2.396653482928162e-12, -1.8709229879573883, 2.3966534829283924e-12, -3.857660467666216e-26
76.3, -3.847685413249575e-26, 2.3289416730623776e-12, -1.8708212962734092, 2.3289416730625957e-12, -3.811685697630545e-26
76.4, -3.7384713559186636e-26, 2.2631438215579542e-12, -1.870716937183696, 2.2631438215581336e-12, -3.6883403132093926e-26
76.5, -3.691985044630857e-26, 2.199205793568852e-12, -1.870609842505713, 2.1992057935690353e-12, -3.6252289112271853e-26
76.6, -3.7165390247333574e-26, 2.13707498670002e-12, -1.870499942397082, 2.1370749867002383e-12, -3.6813705636490474e-26
76.7, -3.7526026830089045e-26, 2.0767002875794324e-12, -1.870387165318655, 2.0767002875796355e-12, -3.700233647321541e-26
76.8, -3.6417261166085527e-26, 2.018032029661031e-12, -1.870271437996706, 2.0180320296612084e-12, -3.6086677631893014e-26
76.9, -3.4573794378702514e-26, 1.9610219522259935e-12, -1.8701526853845707, 1.9610219522261623e-12, -3.4162643097298673e-26
77.0, -3.404115204991651e-26, 1.905623160547507e-12, -1.870030830623624, 1.905623160547686e-12, -3.3602505426210393e-26
77.1, -3.238887380551912e-26, 1.8517900871855362e-12, -1.869905795003453, 1.8517900871857277e-12, -3.2074275935455834e-26
77.2, -3.1792928246781356e-26, 1.7994784543802922e-12, -1.8697774979213073, 1.7994784543804608e-12, -3.1307603483817875e-26
77.3, -3.073659556112172e-26, 1.7486452375119964e-12, -1.869645856841028, 1.7486452375121477e-12, -3.050512314453044e-26
77.4, -2.9402751746178616e-26, 1.6992486295983831e-12, -1.8695107872510013, 1.69924862959854e-12, -2.9045951722814163e-26
77.5, -2.830773375332624e-26, 1.651248006798676e-12, -1.869372202621527, 1.6512480067988353e-12, -2.800848212082702e-26
77.6, -2.752155879145062e-26, 1.604603894896207e-12, -1.8692300143616125, 1.60460389489632e-12, -2.711328492959004e-26
77.7, -2.7077796755223146e-26, 1.5592779367321436e-12, -1.8690841317746005, 1.5592779367322542e-12, -2.662444332051813e-26
77.8, -2.6049598838430956e-26, 1.5152328605628097e-12, -1.868934462013628, 1.5152328605629591e-12, -2.558569486540065e-26
77.9, -2.514225254245576e-26, 1.4724324493144995e-12, -1.8687809100357977, 1.4724324493146193e-12, -2.48250969661318e-26
78.0, -2.3817040986142446e-26, 1.4308415107104253e-12, -1.8686233785560606, 1.4308415107105479e-12, -2.3505959962187594e-26
78.1, -2.2984827311574638e-26, 1.3904258482446432e-12, -1.8684617680001132, 1.390425848244757e-12, -2.2783407943546317e-26
78.2, -2.2555132659780885e-26, 1.3511522329795781e-12, -1.8682959764565992, 1.3511522329796906e-12, -2.2259717586672684e-26
78.3, -2.225747959369459e-26, 1.3129883761431177e-12, -1.8681258996285377, 1.3129883761432364e-12, -2.1738584936059727e-26
78.4, -2.1005482379093156e-26, 1.2759029025025365e-12, -1.8679514307841147, 1.2759029025026395e-12, -2.0569393461647713e-26
78.5, -2.0101013502661223e-26, 1.2398653244938812e-12, -1.8677724607066983, 1.2398653244939846e-12, -1.9764035702817016e-26
78.6, -1.9444642133514965e-26, 1.2048460170845544e-12, -1.8675888776439622, 1.2048460170846584e-12, -1.924162419907372e-26
78.7, -1.9135799102538208e-26, 1.1708161933487684e-12, -1.867400567256467, 1.170816193348876e-12, -1.897178618857229e-26
78.8, -1.8940454286878993e-26, 1.1377478807354091e-12, -1.867207412565453, 1.1377478807354961e-12, -1.8826956071561448e-26
78.9, -1.8659746024769683e-26, 1.1056138980088282e-12, -1.8670092938997531, 1.1056138980089197e-12, -1.852578615936672e-26
79.0, -1.8202556030673655e-26, 1.0743878328432874e-12, -1.8668060888422107, 1.0743878328433625e-12, -1.794966282414921e-26
79.1, -1.816355101019833e-26, 1.0440440200524748e-12, -1.8665976721751891, 1.0440440200525626e-12, -1.7837443461962001e-26
79.2, -1.7647533772106728e-26, 1.0145575204362166e-12, -1.8663839158254372, 1.0145575204363022e-12, -1.7331976762195692e-26
79.3, -1.705318677978189e-26, 9.859041002267537e-13, -1.866164688808214, 9.859041002268329e-13, -1.6705978154894975e-26
79.4, -1.6293548020360796e-26, 9.580602111176291e-13, -1.865939857170702, 9.58060211117709e-13, -1.619251862306405e-26
79.5, -1.5087909231734132e-26, 9.310029708586917e-13, -1.8657092839348148, 9.310029708587749e-13, -1.4951711373353078e-26
79.6, -1.5163361566424107e-26, 9.047101444007415e-13, -1.8654728290391362, 9.047101444008135e-13, -1.4927413163876646e-26
79.7, -1.4295659717489405e-26, 8.791601255749384e-13, -1.8652303492802826, 8.791601255750066e-13, -1.410351203465604e-26
79.8, -1.3704829571273e-26, 8.54331919291194e-13, -1.864981698253749, 8.543319192912575e-13, -1.347527543437723e-26
79.9, -1.312199225712121e-26, 8.302051242410165e-13, -1.8647267262937395, 8.302051242410803e-13, -1.2936238839939535e-26
80.0, -1.2688141332653856e-26, 8.067599160905648e-13, -1.8644652804126804, 8.067599160906336e-13, -1.2477450279430582e-26
