flowtime, wM1R1, wM1R2, wM1R3, wM1R4, wM1R5, wM1R6, wM1R7, wM1R8, wM1R9, wM1R10, wM1R11, wM1R12, wM1R13, wM1R14, wM1R15
0.0, 0.0017073643483740888, 0.0017157503605352118, 0.0024324613598778783, 0.0018776582351332607, 0.0025598956711077774, 0.003081998571278289, 0.0019105495670376702, 0.0029952984754390366, 0.001856663976633331, 0.00714725837455485, 0.0022459530172081535, 0.0017400603931528643, 0.0033597518549298134, 0.001754924229581156, 0.006375542005295297
0.1, 0.0009962058169780204, 0.001027994569062401, 0.0015036632374048529, 0.0011111483219031172, 0.0015559044510402372, 0.0019790901970898997, 0.0011336459826256178, 0.0018731673551539902, 0.0010884499200033548, 0.0047221421311355125, 0.0013900634564529117, 0.0010365825672753921, 0.002140469787225422, 0.0010275435035543015, 0.0042646011088872055
0.2, 0.0005741185632058105, 0.0006086415761700365, 0.0009197315092789261, 0.0006502013908728259, 0.0009272519505743818, 0.0012510784785430802, 0.0006636641027847077, 0.001153493570580482, 0.0006285789409500785, 0.0030699038515754396, 0.0008486812458970452, 0.0006099039311905969, 0.001341808503711614, 0.000595493412977223, 0.002808750949418421
0.3, 0.0003274908622386596, 0.0003569026155307669, 0.0005579221377115285, 0.00037699621933746355, 0.0005428662662424763, 0.0007800531425585158, 0.0003841650267793036, 0.0007012375022591103, 0.0003583641648223889, 0.00196625388008408, 0.0005123090162445673, 0.0003554176443694416, 0.0008298366523165739, 0.0003422362947068986, 0.0018224318442467175
0.4, 0.00018521280627462714, 0.0002076766024724608, 0.00033632132952232544, 0.00021696226382900968, 0.00031272572493542096, 0.00048067627692298897, 0.00022029971343769407, 0.00042183491717521647, 0.0002020532577600725, 0.0012426061918472161, 0.0003064099612642077, 0.00020561286595415965, 0.0005075815494099824, 0.0001953466256536826, 0.001165846748765146
0.5, 0.00010398271912900124, 0.00012010365642538453, 0.00020180862199740664, 0.00012410425828778232, 0.00017748369252696273, 0.00029331550061992366, 0.00012535222258665615, 0.00025162488873985497, 0.00011281095957197697, 0.0007761414994014723, 0.00018190835931740202, 0.00011831002411266805, 0.00030777977482208285, 0.00011086878675342067, 0.0007361737676766667
0.6, 5.8001080271817726e-5, 6.911853855448907e-5, 0.0001207098548695524, 7.063201703956567e-5, 9.932283786525245e-5, 0.00017758110070839077, 7.086461958647031e-5, 0.00014910342558349654, 6.242241881347722e-5, 0.00048000748769817315, 0.00010736460165557921, 6.781184967320036e-5, 0.0001853970967162844, 6.261525774119745e-5, 0.00045951987827710954
0.7, 3.215830805831248e-5, 3.96199141877781e-5, 7.205522416257388e-5, 4.0027454884010445e-5, 5.4826293200060164e-5, 0.00010685512374562667, 3.984067380913145e-5, 8.790581736368061e-5, 3.4243348618843494e-5, 0.00029447958601439846, 6.308059356122586e-5, 3.8761749034385403e-5, 0.00011114442043408473, 3.520708476559918e-5, 0.00028402270751046784
0.8, 1.7724204584132402e-5, 2.2636678902011416e-5, 4.296482172518272e-5, 2.2597977127984737e-5, 2.9843941649196367e-5, 6.400326460885584e-5, 2.2290137477920688e-5, 5.163055810285754e-5, 1.8619565665060314e-5, 0.0001795310937990322, 3.6933527525855694e-5, 2.2115043473430423e-5, 6.64156678168314e-5, 1.9712945875352097e-5, 0.00017414761296031847
0.9, 9.707934067921343e-6, 1.2897216987059097e-5, 2.5609919499418214e-5, 1.2712962299221098e-5, 1.6001936254245208e-5, 3.8211544662350165e-5, 1.2415154721933994e-5, 3.0242582936037263e-5, 1.002704854349364e-5, 0.00010894921570810602, 2.1567955033346994e-5, 1.260163508373758e-5, 3.96109583132235e-5, 1.0990742657858672e-5, 0.00010611720659665374
1.0, 5.280403356195906e-6, 7.3296904806545105e-6, 1.5268831291694413e-5, 7.1269814624171e-6, 8.432767470552769e-6, 2.276446240932446e-5, 6.8847835088951694e-6, 1.768194099751751e-5, 5.339818462664916e-6, 6.59104500055963e-5, 1.2570563137402154e-5, 7.174708461209942e-6, 2.360385090443036e-5, 6.1000296876115085e-6, 6.437213901758734e-5
1.1, 2.848891467094203e-6, 4.155595613172373e-6, 9.109718444363526e-6, 3.980824694270866e-6, 4.350678684429132e-6, 1.3545308857623865e-5, 3.800630607506902e-6, 1.032621535962337e-5, 2.80513752556531e-6, 3.9800352508982296e-5, 7.316220515969763e-6, 4.082594158287174e-6, 1.4065104643911786e-5, 3.3684494864767224e-6, 3.893272033629769e-5
1.2, 1.5218799782259335e-6, 2.350326320827252e-6, 5.440767644090429e-6, 2.214556838623757e-6, 2.1830492110964885e-6, 8.055843193423534e-6, 2.0876412194435537e-6, 6.026857420529092e-6, 1.4480202341957072e-6, 2.4015218156123903e-5, 4.253825284516132e-6, 2.3221250750994063e-6, 8.386632461546535e-6, 1.8490959940216454e-6, 2.350724042990923e-5
1.3, 8.028718417823467e-7, 1.3258729044926607e-6, 3.2537958298632546e-6, 1.2262796185712219e-6, 1.0531125276050167e-6, 4.791593847240988e-6, 1.1401581922864967e-6, 3.5169451863660423e-6, 7.300141398948062e-7, 1.4492024159756137e-5, 2.4715174730115706e-6, 1.3202995370451985e-6, 5.0066055925654195e-6, 1.0078717326909342e-6, 1.4184853272136661e-5
1.4, 4.1667379123380833e-7, 7.458128922468286e-7, 1.948883307547281e-6, 6.75326712928737e-7, 4.778199106305656e-7, 2.851658291565099e-6, 6.184419306451513e-7, 2.0526242879685468e-6, 3.558157972147841e-7, 8.75205088523938e-6, 1.4352698499855549e-6, 7.503810942207106e-7, 2.993525625410385e-6, 5.445675522352789e-7, 8.561626658404176e-6
1.5, 2.1147978877307703e-7, 4.181470873418125e-7, 1.1692702814428748e-6, 3.6945125785154294e-7, 1.9419052149264982e-7, 1.6987137720250122e-6, 3.3263595008521344e-7, 1.1984855018820307e-6, 1.646357580286093e-7, 5.292416293393857e-6, 8.332113609250836e-7, 4.262550844567576e-7, 1.7932269735839678e-6, 2.9100589757261773e-7, 5.1722991195809235e-6
1.6, 1.0397408068893257e-7, 2.3353463411487975e-7, 7.027937805762677e-7, 2.0046418802821023e-7, 6.086281251857292e-8, 1.0131382353802259e-6, 1.7701377086362387e-7, 7.001946172697594e-7, 6.96197120989679e-8, 3.2057325195592e-6, 4.835832919921917e-7, 2.4197221267912393e-7, 1.076449687223944e-6, 1.5329848819768375e-7, 3.129121805777437e-6
1.7, 4.8693035353602486e-8, 1.298288211610988e-7, 4.2321508596204267e-7, 1.0765119108565981e-7, 2.9427791614411083e-9, 6.051103287883605e-7, 9.290296566187562e-8, 4.0938244346033313e-7, 2.4284761194233355e-8, 1.945568570980612e-6, 2.806117712175845e-7, 1.3723841952222775e-7, 6.476250266025365e-7, 7.922684264512502e-8, 1.8963945640101076e-6
1.8, 2.099629138020182e-8, 7.177381516263309e-8, 2.553522554564033e-7, 5.7042105668658244e-8, -1.8558165708280695e-8, 3.6198152442295514e-7, 4.786293919247119e-8, 2.3955714454282834e-7, 4.035100806817836e-9, 1.183284571014411e-6, 1.6280499253682686e-7, 7.774682298656313e-8, 3.905418979459024e-7, 3.9871780361490683e-8, 1.151622308013937e-6
1.9, 7.639906514105895e-9, 3.9408094059310645e-8, 1.5437596404986243e-7, 2.9694097117346627e-8, -2.3482719493335304e-8, 2.1690755922946423e-7, 2.4030475156943314e-8, 1.4031058292466202e-7, -3.956531306988102e-9, 7.212759588111033e-7, 9.443933496150677e-8, 4.397885459958838e-8, 2.3607533589767575e-7, 1.9297471774090528e-8, 7.008679440418101e-7
2.0, 1.5795824557735259e-9, 2.1453676149595426e-8, 9.351686133092807e-8, 1.508518123231326e-8, -2.1620259894234438e-8, 1.3020737147795038e-7, 1.161633629622821e-8, 8.226117677167413e-8, -6.252218207191506e-9, 4.406615512294215e-7, 5.477053730452748e-8, 2.4830722497532985e-8, 1.4304850015083633e-7, 8.775281485773171e-9, 4.2751076109830257e-7
2.1, -8.809690361484759e-10, 1.155398531698122e-8, 5.6764042558204994e-8, 7.397921385876946e-9, -1.7582479291305204e-8, 7.830580080246018e-8, 5.286797505416399e-9, 4.827659558392974e-8, -6.120181647995056e-9, 2.698382324494399e-7, 3.1756036908433586e-8, 1.3986734624889788e-8, 8.688910221684021e-8, 3.5595168680526357e-9, 2.61372473655672e-7
2.2, -1.6464342333529385e-9, 6.1362902473446495e-9, 3.452453877675405e-8, 3.4340496617892408e-9, -1.3382512585088347e-8, 4.7180848354163476e-8, 2.1563815937143737e-9, 2.8361143383491302e-8, -5.125026862452296e-9, 1.656096020467918e-7, 1.8405980300032943e-8, 7.855657571632103e-9, 5.290387276004486e-8, 1.0938468666291021e-9, 1.6016757459354439e-7
2.3, -1.6739105972922524e-9, 3.1991602076410375e-9, 2.1040089816636082e-8, 1.4474450474857625e-9, -9.776605818981195e-9, 2.848130634971695e-8, 6.780380408120106e-10, 1.6678613634760213e-8, -3.9696231118940134e-9, 1.0186615312051959e-7, 1.0663640831378523e-8, 4.396384261935772e-9, 3.228745103147017e-8, 1.755368226688505e-11, 9.83735840563474e-8
2.4, -1.4269581643909475e-9, 1.6258374669296705e-9, 1.2847629035806637e-8, 4.930805511220386e-10, -6.947001819439046e-9, 1.722581111407109e-8, 3.1844823442511276e-11, 9.818513641060088e-9, -2.934594837824377e-9, 6.279250207785589e-8, 6.174746837449639e-9, 2.449617867938908e-9, 1.975071571159953e-8, -3.824456273295905e-10, 6.055490619652224e-8
2.5, -1.1174025551176083e-9, 7.961778718825429e-10, 7.860347851576656e-9, 6.515522956795542e-11, -4.839195140076195e-9, 1.0438156648507394e-8, -2.1017955087499445e-10, 5.786010975242214e-9, -2.1034997866985552e-9, 3.878689721753134e-8, 3.5731040341973208e-9, 1.3575215209570689e-9, 1.2109025956119386e-8, -4.72024849403643e-10, 3.735581397455441e-8
2.6, -8.32422956564633e-10, 3.678259540183964e-10, 4.818248132461849e-9, -1.0314659803247624e-10, -3.3211948801406004e-9, 6.337053277552928e-9, -2.6685408387147673e-10, 3.4131622530491037e-9, -1.475235657162827e-9, 2.4006235172529145e-8, 2.065965116053207e-9, 7.472711057957401e-10, 7.4401936648444936e-9, -4.3338116980359594e-10, 2.3092530177628437e-8
2.7, -6.001838875548197e-10, 1.5314792812317425e-10, 2.959022942682203e-9, -1.498585952619774e-10, -2.2533920770585714e-9, 3.854449692636342e-9, -2.4682110226764345e-10, 2.0154598827951834e-9, -1.0180413978329712e-9, 1.4886243909863171e-8, 1.1933850113323057e-9, 4.079083646572397e-10, 4.5811755602455214e-9, -3.53255263478936e-10, 1.4303839484972774e-8
2.8, -4.229141263456646e-10, 5.023808335104374e-11, 1.8205418105614916e-9, -1.4447645411516813e-10, -1.5151098043095129e-9, 2.34875893694114e-9, -2.0168870539505502e-10, 1.1913122565779216e-9, -6.938973654310901e-10, 9.24756725849087e-9, 6.885545319821601e-10, 2.2030543471959954e-10, 2.8265364759226643e-9, -2.699784153741005e-10, 8.876934399898491e-9
2.9, -2.9299810850828526e-10, 4.387292086187115e-12, 1.1220856463450787e-9, -1.206142575054083e-10, -1.011300674273753e-9, 1.4338477259244534e-9, -1.5424303159847727e-10, 7.048644555279188e-10, -4.683792750157735e-10, 5.7545337654905215e-9, 3.967392352000276e-10, 1.173597422192512e-10, 1.7473638284755584e-9, -1.9818706132228104e-10, 5.519035812080657e-9
3.0, -2.0038025557875776e-10, -1.3336348060062736e-11, 6.927921851880693e-10, -9.351697593246854e-11, -6.709960723591521e-10, 8.768834303118654e-10, -1.132058585025819e-10, 4.174537405255832e-10, -3.136927505183613e-10, 3.5866780328837088e-9, 2.282322076606478e-10, 6.139070271176503e-11, 1.0822524162064572e-9, -1.4154426436254084e-10, 3.4372691565279388e-9
3.1, -1.3565240563064992e-10, -1.792688858203179e-11, 4.284588516754923e-10, -6.932126093613542e-11, -4.4300161369865876e-10, 5.372039144844706e-10, -8.08010107247927e-11, 2.474731545931216e-10, -2.0875502437500865e-10, 2.238898338378811e-9, 1.310491102210811e-10, 3.131982508211602e-11, 6.715143229612259e-10, -9.910327579707184e-11, 2.1442459425884397e-9
3.2, -9.108631778896478e-11, -1.6938845804158144e-11, 2.65412338303618e-10, -4.986185642752036e-11, -2.9126143140599786e-10, 3.2966883775482896e-10, -5.6525565312549176e-11, 1.468450271014557e-10, -1.3818802678493492e-10, 1.3995787171357764e-9, 7.508239247973835e-11, 1.5410945180145098e-11, 4.1737693169942094e-10, -6.835777780446111e-11, 1.3397003320083561e-9
3.3, -6.075477106551635e-11, -1.4022757554966915e-11, 1.6467017697972596e-10, -3.510222709597749e-11, -1.9082234069047035e-10, 2.0264687330118074e-10, -3.895162972711571e-11, 8.72160637755633e-11, -9.10701535227956e-11, 8.760801727826279e-10, 4.2906907953028816e-11, 7.167176359922972e-12, 2.59844297368685e-10, -4.660553951279221e-11, 8.38252785534066e-10
3.4, -4.029995209444371e-11, -1.0827431929430256e-11, 1.0232132391363315e-10, -2.4317934402691623e-11, -1.2464278866535415e-10, 1.2476883721722036e-10, -2.6529632242013e-11, 5.1848332569660916e-11, -5.979276665031461e-11, 5.49083045997236e-10, 2.4446148915495248e-11, 3.0176410408103847e-12, 1.620224020342677e-10, -3.148208721287432e-11, 5.252185563901855e-10
3.5, -2.660797302683608e-11, -8.008707224509862e-12, 6.367219971751406e-11, -1.663912820092921e-11, -8.120433262648875e-11, 7.694080057856024e-11, -1.7902115473598195e-11, 3.08510177159742e-11, -3.913142647871306e-11, 3.445446988330262e-10, 1.387905050258441e-11, 1.017209114522844e-12, 1.0117662565134323e-10, -2.110670980570324e-11, 3.295092478179146e-10
3.6, -1.7498816420858548e-11, -5.754158855235406e-12, 3.967719951343759e-11, -1.1273587844862595e-11, -5.278566998340963e-11, 4.751941830464671e-11, -1.1989730175565655e-11, 1.837368367512803e-11, -2.5538830438007815e-11, 2.1643815006561665e-10, 7.84691961982888e-12, 1.1834883138112812e-13, 6.326964658357119e-11, -1.4063030758639652e-11, 2.0697783688229256e-10
3.7, -1.1469437009134817e-11, -4.048809331655407e-12, 2.4757940158813285e-11, -7.577666388169157e-12, -3.42454839187974e-11, 2.93919452958112e-11, -7.980364126743702e-12, 1.0952442583144671e-11, -1.6627791942501144e-11, 1.361042782025102e-10, 4.414585738789046e-12, -2.347820408874668e-13, 3.961762229240079e-11, -9.32136842975576e-12, 1.301596750974984e-10
3.8, -7.495724181963474e-12, -2.8045024217828876e-12, 1.546839650918534e-11, -5.060134489258633e-12, -2.217923874178266e-11, 1.8205679335910264e-11, -5.284317366155699e-12, 6.5344645803459344e-12, -1.0803381275463724e-11, 8.567027213374765e-11, 2.4689301808312063e-12, -3.3134507722858813e-13, 2.4838640176561955e-11, -6.151349375820546e-12, 8.193975190976945e-11
3.9, -4.886405778242589e-12, -1.9190787211892993e-12, 9.676281671881509e-12, -3.3605660676985675e-12, -1.4342850903872377e-11, 1.1292368176082544e-11, -3.4838361763341184e-12, 3.90202299300541e-12, -7.006294876988712e-12, 5.397358238782709e-11, 1.3709347480798422e-12, -3.1768798028036704e-13, 1.5591334238331074e-11, -4.044171980119407e-12, 5.163558869636769e-11
4.0, -3.1784004366676113e-12, -1.3005196479274644e-12, 6.060096518157083e-12, -2.221549807182967e-12, -9.26288198824692e-12, 7.013596701787254e-12, -2.2882785754856948e-12, 2.332099962264434e-12, -4.5364446792296005e-12, 3.403290250611243e-11, 7.545910205856906e-13, -2.6494383108750533e-13, 9.797731314554293e-12, -2.65023069075884e-12, 3.256957957252314e-11
4.1, -2.0634195692914084e-12, -8.744169191451067e-13, 3.7995678929169875e-12, -1.462810133857285e-12, -5.9750839731230374e-12, 4.361662985395811e-12, -1.4981981375411156e-12, 1.3950150940865315e-12, -2.933069098111035e-12, 2.14762695817192e-11, 4.1082156358974927e-13, -2.0551922776117914e-13, 6.16348562277457e-12, -1.7318839302354942e-12, 2.056162439970524e-11
4.2, -1.3372890473988384e-12, -5.841086575883952e-13, 2.384782443125142e-12, -9.599470429190287e-13, -3.8502202752468475e-12, 2.7157945248308612e-12, -9.781941680936397e-13, 8.351837702627992e-13, -1.8939911622075823e-12, 1.3562438071957246e-11, 2.205671989573611e-13, -1.5251137301717212e-13, 3.881135935893079e-12, -1.1289891216593062e-12, 1.29915242409446e-11
4.3, -8.653790100723391e-13, -3.880630661151238e-13, 1.4983042430010213e-12, -6.28102137502399e-13, -2.478675996444271e-12, 1.6929853888439746e-12, -6.371342609498808e-13, 5.004418306016836e-13, -1.2216381821797694e-12, 8.570657298289509e-12, 1.1627867216175498e-13, -1.0984740007718241e-13, 2.4462288028243e-12, -7.34389706400577e-13, 8.214796074665454e-12
4.4, -5.59246665230868e-13, -2.566296989490392e-13, 9.422482527963967e-13, -4.099207066156353e-13, -1.5943703057271742e-12, 1.0565722195687992e-12, -4.1411073569488037e-13, 3.0011699096034335e-13, -7.871696474465718e-13, 5.4196054007668545e-12, 5.979746875021057e-14, -7.744275596796088e-14, 1.5431792373898025e-12, -4.768033446271798e-13, 5.198109122322462e-12
4.5, -3.609767578286378e-13, -1.690431886398934e-13, 5.93093023409705e-13, -2.6692704419732585e-13, -1.024781272748605e-12, 6.601053618388957e-13, -2.6865267319420565e-13, 1.80131595883152e-13, -5.067579934247133e-13, 3.4290941079226234e-12, 2.967888961302207e-14, -5.372785939042581e-14, 9.74301178457641e-13, -3.090450269582843e-13, 3.2914341064750416e-12
4.6, -2.3274934514609293e-13, -1.1097123770165685e-13, 3.7363812925925207e-13, -1.734698041006218e-13, -6.582312068982701e-13, 4.1283276796911076e-13, -1.7399959859032983e-13, 1.0820524277067115e-13, -3.259711803555688e-13, 2.17085887090722e-12, 1.394560714200283e-14, -3.681390164477972e-14, 6.156094614899415e-13, -2.000113293203124e-13, 2.0854347107455703e-12
4.7, -1.4992662904643644e-13, -7.263387842775114e-14, 2.3557540639302194e-13, -1.1253617945322508e-13, -4.225323255871195e-13, 2.5844075421670507e-13, -1.1252983781775555e-13, 6.505225432963754e-14, -2.0952658693450027e-13, 1.3750156219653442e-12, 5.958050421454935e-15, -2.497596900066096e-14, 3.8925242196184065e-13, -1.292728914196144e-13, 1.322091092016979e-12
4.8, -9.64921554737227e-14, -4.741825352099422e-14, 1.4864124822428594e-13, -7.289233027184286e-14, -2.7108228891683887e-13, 1.6193969558635726e-13, -7.268059897040687e-14, 3.914067473731073e-14, -1.345895427888816e-13, 8.713487783962084e-13, 2.0694206401774474e-15, -1.6808888891199415e-14, 2.4629252527206174e-13, -8.345279612671243e-14, 8.386144388498861e-13
4.9, -6.205331976551417e-14, -3.088623962309477e-14, 9.385564606415883e-14, -4.714827299439933e-14, -1.738300094775727e-13, 1.0156197688576407e-13, -4.688787191467997e-14, 2.356905121070163e-14, -8.640186617969218e-14, 5.524211502808928e-13, 2.997105091281433e-16, -1.1237515015812143e-14, 1.5593585580949373e-13, -5.3815545861161874e-14, 5.32210424640012e-13
5.0, -3.987772810125424e-14, -2.0077638472953434e-14, 5.930276519118857e-14, -3.045841820257793e-14, -1.1141686941174918e-13, 6.374924350961327e-14, -3.0216626208182474e-14, 1.4203627174808482e-14, -5.543689444844351e-14, 3.5037163384634575e-13, -4.103218286611342e-16, -7.471115996169021e-15, 9.878650571543395e-14, -3.467004584437014e-14, 3.3791653100160656e-13
5.1, -2.5610442775825074e-14, -1.3028262280765157e-14, 3.749432842446855e-14, -1.9654489565969244e-14, -7.13834860558153e-14, 4.0046641974414675e-14, -1.9454523175821522e-14, 8.566331516206759e-15, -3.555169590116048e-14, 2.2230813123495855e-13, -6.163859248622631e-16, -4.943721193821312e-15, 6.26165574153058e-14, -2.2316278232362275e-14, 2.146477916687623e-13
5.2, -1.6438069237783674e-14, -8.440555895998797e-15, 2.3720055977609497e-14, -1.2670026659455807e-14, -4.571737464632338e-14, 2.517596191629398e-14, -1.2514820357658025e-14, 5.170392480198783e-15, -2.2789080499943336e-14, 1.4110349689332336e-13, -6.02313699651303e-16, -3.2581531503100043e-15, 3.971044081456464e-14, -1.4353107538523384e-14, 1.3640213250799916e-13
5.3, -1.0545193286746898e-14, -5.4605868617681414e-15, 1.50144537201186e-14, -8.160134429340261e-15, -2.926954722482264e-14, 1.5838617500730392e-14, -8.044399221508655e-15, 3.12305176286969e-15, -1.4602113265333946e-14, 8.959118368226681e-14, -5.07542545158491e-16, -2.1398252883204342e-15, 2.5195858183788274e-14, -9.224843926598883e-15, 8.67124250804427e-14
5.4, -6.7615905143396116e-15, -3.5282134057709356e-15, 9.508938195232872e-15, -5.251204054330722e-15, -1.8733327648073253e-14, 9.971090482059602e-15, -5.167245560518917e-15, 1.8877972252940378e-15, -9.352821872090692e-15, 5.690201378797204e-14, -3.964989055652473e-16, -1.4011096345804142e-15, 1.5993680302855973e-14, -5.9250170702378896e-15, 5.514364174048978e-14
5.5, -4.333634129137584e-15, -2.277053309811466e-15, 6.0251644517396926e-15, -3.376725584994599e-15, -1.1986427764722999e-14, 6.281246944605699e-15, -3.31702777874662e-15, 1.1419437584634641e-15, -5.988550379801688e-15, 3.61505875347886e-14, -2.958304091843479e-16, -9.14992152346094e-16, 1.0156620197269551e-14, -3.803322890554531e-15, 3.507944914768629e-14
5.6, -2.7763951611108297e-15, -1.4680579981687837e-15, 3.819501352585291e-15, -2.16989030948528e-15, -7.667452862288272e-15, 3.959233921679851e-15, -2.1280834865310885e-15, 6.912569201845795e-16, -3.833235805210589e-15, 2.297309932580048e-14, -2.1401838522578596e-16, -5.961454198594673e-16, 6.452367822213574e-15, -2.4400721043976726e-15, 2.232252330210648e-14
5.7, -1.7780785761080843e-15, -9.456011532658353e-16, 2.422325505463194e-15, -1.3935147901154584e-15, -4.9035266837727675e-15, 2.4970284187003502e-15, -1.3645835851226853e-15, 4.187270832239965e-16, -2.4529324982104637e-15, 1.4602663745798944e-14, -1.5145171371251697e-16, -3.8760904242041905e-16, 4.100591066558447e-15, -1.5646908431959536e-15, 1.4208808792486987e-14
5.8, -1.1383473458660937e-15, -6.08563203349307e-16, 1.5368601394931447e-15, -8.944190634497106e-16, -3.135239551262943e-15, 1.5756814539435051e-15, -8.745882751842934e-16, 2.53810775787209e-16, -1.5692505611655275e-15, 9.284214668740383e-15, -1.0541832544418666e-16, -2.5156050282151545e-16, 2.60687577740377e-15, -1.0029038999383072e-15, 9.046638168802417e-15
5.9, -7.285595166927922e-16, -3.9135443232020946e-16, 9.754404151588808e-16, -5.737828511620227e-16, -2.0042207126536783e-15, 9.947918691891654e-16, -5.602956119998914e-16, 1.5394531364050053e-16, -1.0036793620774004e-15, 5.90407295032039e-15, -7.244206014870165e-17, -1.629986401345675e-16, 1.657793814036069e-15, -6.425569624274733e-16, 5.761344302866075e-15
6.0, -4.661576287055159e-16, -2.5149646099180025e-16, 6.19328341730786e-16, -3.679175333607697e-16, -1.280973498664022e-15, 6.283502147308681e-16, -3.588039055601968e-16, 9.343065347117424e-17, -6.418038077901399e-16, 3.7553037460088105e-15, -4.9275850928879874e-17, -1.0546130279283058e-16, 1.0545506797496367e-15, -4.115291410269461e-16, 3.6699483304191635e-15
6.1, -2.9818660760638725e-16, -1.6151680026430989e-16, 3.933551643620933e-16, -2.3581272319613275e-16, -8.185798877045271e-16, 3.9706772483356936e-16, -2.296879096639354e-16, 5.673711794963403e-17, -4.1031929588469326e-16, 2.3890159458508688e-15, -3.324118069328118e-17, -6.814508196071322e-17, 6.709995524249312e-16, -2.634752697506276e-16, 2.3382371022968096e-15
6.2, -1.9069539307838997e-16, -1.0366975356399262e-16, 2.499095721597852e-16, -1.5108227569600943e-16, -5.230151034612135e-16, 2.5102027598860683e-16, -1.4698516252693485e-16, 3.447364092336581e-17, -2.622775044122869e-16, 1.5200851217562305e-15, -2.2271129937452013e-17, -4.398102012035373e-17, 4.270576405721774e-16, -1.6863268577847442e-16, 1.4900577105525992e-15
6.3, -1.2192630953042972e-16, -6.65053535397176e-17, 1.5882034927057017e-16, -9.676170628430447e-17, -3.341220124058679e-16, 1.5875344945185833e-16, -9.403190713028329e-17, 2.0957343530925697e-17, -1.676200743956267e-16, 9.67355883002661e-16, -1.4835880926881806e-17, -2.8355338797638886e-17, 2.7186447678544405e-16, -1.0789903920245605e-16, 9.497241306258669e-16
6.4, -7.794124422893888e-17, -4.264333452748038e-17, 1.0095927934304221e-16, -6.195128447844931e-17, -2.1342168917824763e-16, 1.004377733707693e-16, -6.013876038336497e-17, 1.274677032355806e-17, -1.0710823018412131e-16, 6.157001022827404e-16, -9.834860964703761e-18, -1.8263651121194796e-17, 1.731063359112583e-16, -6.902039160927731e-17, 6.054329276064611e-16
6.5, -4.981462978149798e-17, -2.7330852319048065e-17, 6.419411442169057e-17, -3.965205610809176e-17, -1.3630733624438366e-16, 6.356533785401685e-17, -3.845217252211422e-17, 7.756466818315053e-18, -6.84316132263769e-17, 3.919332175972618e-16, -6.492479586831578e-18, -1.1753385663098902e-17, 1.1024555541525048e-16, -4.4139842707113925e-17, 3.8601442540977693e-16
6.6, -3.183262052530248e-17, -1.750972297717774e-17, 4.0826825747027723e-17, -2.5372327214890267e-17, -8.7046478538859e-17, 4.024236821509074e-17, -2.458010566828365e-17, 4.721841140316248e-18, -4.3715242347490006e-17, 2.495229807301589e-16, -4.2705862972959325e-18, -7.557788336768862e-18, 7.02248227809444e-17, -2.8221897855232943e-17, 2.461529422336312e-16
6.7, -2.0338538472073902e-17, -1.1213565268621672e-17, 2.5971122749515118e-17, -1.623095248964327e-17, -5.558252704655088e-17, 2.5484584224713006e-17, -1.5709095357478066e-17, 2.8755809242075542e-18, -2.7922592852202575e-17, 1.5887686992938946e-16, -2.8002865829210155e-18, -4.856408789570222e-18, 4.473997558899745e-17, -1.804061040845184e-17, 1.5698783371775004e-16
6.8, -1.2992842551778056e-17, -7.178929237029211e-18, 1.6524334237182817e-17, -1.0380676490391913e-17, -3.548820291367923e-17, 1.6143357204097265e-17, -1.0037618015561815e-17, 1.7518192180519245e-18, -1.7833207301931978e-17, 1.0117162206606226e-16, -1.8311464490805145e-18, -3.118532298341519e-18, 2.8508269007993635e-17, -1.153010479278736e-17, 1.001341442402924e-16
6.9, -8.299093045206557e-18, -4.594511608913719e-18, 1.0515722157840068e-17, -6.6376403652536514e-18, -2.265643593544556e-17, 1.0228791941726765e-17, -6.412531168916399e-18, 1.067539243966159e-18, -1.1388262763054581e-17, 6.443193105179095e-17, -1.1945175683327583e-18, -2.0013656445723128e-18, 1.8168157973959496e-17, -7.367810104314438e-18, 6.387776201194872e-17
7.0, -5.3003411760734654e-18, -2.9396344887608994e-18, 6.693151511080235e-18, -4.2434097164002766e-18, -1.446318664665354e-17, 6.482787933143735e-18, -4.095944486051713e-18, 6.50722108409231e-19, -7.271829469560685e-18, 4.1037872389190217e-17, -7.77555071904078e-19, -1.2837020058046344e-18, 1.1580069459037001e-17, -4.7073108269275824e-18, 4.075349051084833e-17
7.1, -3.3847566629239897e-18, -1.880321917671022e-18, 4.2608202430840605e-18, -2.7122917392962368e-18, -9.23217116490602e-18, 4.1095930653601255e-18, -2.61582688564986e-18, 3.9672938038505616e-19, -4.642920011165824e-18, 2.614007357282483e-17, -5.05175062486733e-19, -8.229748461994801e-19, 7.381883168902226e-18, -3.007059812409648e-18, 2.600304369758982e-17
7.2, -2.1612491119063586e-18, -1.2024424498765318e-18, 2.7128253896068294e-18, -1.7333428692239442e-18, -5.8926904528122206e-18, 2.60572324956931e-18, -1.6703225950828644e-18, 2.419157815405247e-19, -2.964169002467974e-18, 1.6651919596176648e-17, -3.276530713408091e-19, -5.273621764096406e-19, 4.706249774148481e-18, -1.9206632033929614e-18, 1.6592989309275564e-17
7.3, -1.379877525825848e-18, -7.687717544059178e-19, 1.727479778186877e-18, -1.1075541915779894e-18, -3.7609389466824175e-18, 1.6525111189280995e-18, -1.0664335121100903e-18, 1.475299245205643e-19, -1.8922625548621445e-18, 1.0608516700874361e-17, -2.1219081114640171e-19, -3.37792190869085e-19, 3.0007542894254556e-18, -1.2266036828469507e-18, 1.058920484034259e-17
7.4, -8.809219884633968e-19, -4.914055008075594e-19, 1.100172082639496e-18, -7.075911502293543e-19, -2.4002304688923363e-18, 1.0481952144465901e-18, -6.807881833497108e-19, 8.997398412491434e-20, -1.2078951109872074e-18, 6.758892562648513e-18, -1.372279145430612e-19, -2.1628422022906394e-19, 1.913508688897289e-18, -7.832609231812056e-19, 6.758299358787193e-18
7.5, -5.623380272345937e-19, -3.1405009630333415e-19, 7.00746819289202e-19, -4.520051897352005e-19, -1.5317445527707959e-18, 6.64989588792379e-19, -4.345500677853682e-19, 5.487383123109035e-20, -7.709892865523907e-19, 4.306502764609743e-18, -8.863762098976613e-20, -1.3843464510395148e-19, 1.2203141271523255e-18, -5.001057099581871e-19, 4.313644308056194e-18
7.6, -3.5894290355414135e-19, -2.0066833020074296e-19, 4.463867627405346e-19, -2.88703697714283e-19, -9.77456952562399e-19, 4.2194688694788927e-19, -2.773464987755134e-19, 3.3464345786665746e-20, -4.920870318830357e-19, 2.7441012489685513e-18, -5.718935602044767e-20, -8.857817514916517e-20, 7.783061185710883e-19, -3.1928083002979696e-19, 2.753478918799527e-18
7.7, -2.2909918667481414e-19, -1.281998360961249e-19, 2.8438675574449563e-19, -1.843786344338588e-19, -6.237183980098615e-19, 2.677713465207558e-19, -1.769956039026457e-19, 2.040510587049105e-20, -3.1405914460869515e-19, 1.7486376783129888e-18, -3.6860617284098604e-20, -5.665921889332822e-20, 4.964363035873444e-19, -2.0381799134361835e-19, 1.7577122033960734e-18
7.8, -1.462142407474584e-19, -8.188910491815621e-20, 1.8119570723135415e-19, -1.1773973318972023e-19, -3.979805834420945e-19, 1.699539080704295e-19, -1.1294378579205846e-19, 1.2439287603704323e-20, -2.004274435426406e-19, 1.1143525129428392e-18, -2.3735843122416735e-20, -3.6232746804124773e-20, 3.166723009589445e-19, -1.300999278401048e-19, 1.1221215173088754e-18
7.9, -9.330997969352558e-20, -5.2300347237572205e-20, 1.154583400696374e-19, -7.517868467406171e-20, -2.539325435998524e-19, 1.0788276115509733e-19, -7.206490000628689e-20, 7.58169645683602e-21, -1.279039907554387e-19, 7.101755915183399e-19, -1.5271762723320424e-20, -2.3164118919197686e-20, 2.0201541442206993e-19, -8.303822087428156e-20, 7.16403053634843e-19
8.0, -5.954475761934384e-20, -3.339842227872735e-20, 7.357647723327572e-20, -4.799866622119134e-20, -1.6201632491644225e-19, 6.849061591805452e-20, -4.5978061087470366e-20, 4.619523121988494e-21, -8.161873482290595e-20, 4.526150140219583e-19, -9.818975077800687e-21, -1.4805736856714612e-20, 1.2888125553283827e-19, -5.299630590437027e-20, 4.574002820752074e-19
8.1, -3.799546312176119e-20, -2.1325309162450818e-20, 4.689081060953702e-20, -3.064237240433948e-20, -1.0336703196302532e-19, 4.348641771949206e-20, -2.933242501391174e-20, 2.8137076941577586e-21, -5.2080500721326463e-20, 2.8847586722586714e-19, -6.308814690765203e-21, -9.461492699329185e-21, 8.222775341172988e-20, -3.3820877926107285e-20, 2.920496510676782e-19
8.2, -2.424367541401107e-20, -1.3614928078682007e-20, 2.9885804038283607e-20, -1.9561044961908737e-20, -6.594755954406578e-20, 2.761304720777563e-20, -1.8712056724292655e-20, 1.712912170248913e-21, -3.323129119344327e-20, 1.8386894275119791e-19, -4.0504412544148744e-21, -6.045493797662576e-21, 5.246500794691818e-20, -2.158242706540675e-20, 1.8648208641522423e-19
8.3, -1.546823622406e-20, -8.691490932605831e-21, 1.90490678766265e-20, -1.2486077668187647e-20, -4.207240376812209e-20, 1.753598025247495e-20, -1.1936198486292989e-20, 1.0425455439854827e-21, -2.1203312466771746e-20, 1.1719832856851816e-19, -2.5993759199964357e-21, -3.861996414089216e-21, 3.347663210722944e-20, -1.377172938638357e-20, 1.1907915656925522e-19
8.4, -9.868853378208104e-21, -5.5478950320487616e-21, 1.2142561020672245e-20, -7.969692966693502e-21, -2.6840325187443325e-20, 1.1136839448956183e-20, -7.61312804768853e-21, 6.338833404679316e-22, -1.3528298526709573e-20, 7.470459184283302e-20, -1.6670040028842701e-21, -2.4666644403268345e-21, 2.1361756517588766e-20, -8.787134414367092e-21, 7.604138655510483e-20
8.5, -6.296153799235051e-21, -3.541050112470433e-21, 7.740302727614917e-21, -5.086546330342772e-21, -1.7122310428408694e-20, 7.07349168136353e-21, -4.855526566374685e-21, 3.851166553778607e-22, -8.631110199212473e-21, 4.761999408527778e-20, -1.0684079238410446e-21, -1.575245165391725e-21, 1.3631681422999142e-20, -5.6064355264800376e-21, 4.8560123423170326e-20
8.6, -4.0165543064754145e-21, -2.2599072825640314e-21, 4.93437594421184e-21, -3.2463115424373537e-21, -1.0922651274655159e-20, 4.493003705944441e-21, -3.0968960310273217e-21, 2.3382599743070127e-22, -5.506592331962044e-21, 3.035567628587248e-20, -6.847086060413005e-22, -1.005771211679169e-21, 8.698843130867922e-21, -3.576988095291155e-21, 3.1011827835511866e-20
8.7, -2.562359403599711e-21, -1.4422108827303764e-21, 3.1457336109880933e-21, -2.071810617676226e-21, -6.967701676557912e-21, 2.854055387650039e-21, -1.9749092355143136e-21, 1.4194954637346513e-22, -3.513037131344293e-21, 1.9351215119075905e-20, -4.384555732792728e-22, -6.420053060062365e-22, 5.551532786047547e-21, -2.2820428183963357e-21, 1.98053782212748e-20
8.8, -1.6345763389056016e-21, -9.202921773677388e-22, 2.005628842790452e-21, -1.3221227679246713e-21, -4.444715071132162e-21, 1.813049091753882e-21, -1.2594603559302886e-21, 8.604508539939324e-23, -2.2411402049537386e-21, 1.2336172836877472e-20, -2.8081136836409064e-22, -4.099555025728499e-22, 3.5429764131327745e-21, -1.4558182074235799e-21, 1.264904982078362e-20
8.9, -1.0426974512757168e-21, -5.87158078030428e-22, 1.2787598252141538e-21, -8.437081906581406e-22, -2.8350816269122337e-21, 1.1517438663074785e-21, -8.030311873693854e-22, 5.199847520431645e-23, -1.4297147688683618e-21, 7.864396169501542e-21, -1.797366894357067e-22, -2.6175492209828996e-22, 2.2611833529099583e-21, -9.287796493615195e-22, 8.07857110511496e-21
9.0, -6.65137672045752e-22, -3.746072858925396e-22, 8.153567943012384e-22, -5.384300702058641e-22, -1.808515854100758e-21, 7.318126954684854e-22, -5.120588193435029e-22, 3.157193731044633e-23, -9.120398301950895e-22, 5.0138308845832724e-21, -1.1485995859238028e-22, -1.6712762726522047e-22, 1.4431679968747719e-21, -5.925146924829891e-22, 5.15992031384862e-21
9.1, -4.242678436505714e-22, -2.3899520363013e-22, 5.199523407894292e-22, -3.436070061621796e-22, -1.15360792263026e-21, 4.648264660627575e-22, -3.26520402950102e-22, 1.9052947323636095e-23, -5.817923069894538e-22, 3.1965570963979047e-21, -7.340445090282521e-23, -1.0665642268600981e-22, 9.210532689043159e-22, -3.7797019900737797e-22, 3.2956252956880877e-21
9.2, -2.7063178952402123e-22, -1.5247245124031777e-22, 3.316020332871651e-22, -2.1930393467042926e-22, -7.3577188152846295e-22, 2.953852707148541e-22, -2.0816719053183918e-22, 1.1563533236071705e-23, -3.710842194424826e-22, 2.0379556103725492e-21, -4.701665679636996e-23, -6.804071579603441e-23, 5.8793095547745435e-22, -2.4112200800165833e-22, 2.1050402453375175e-21
9.3, -1.7260707300324429e-22, -9.722645639681962e-23, 2.114351206669811e-22, -1.399875401317248e-22, -4.694032358764381e-22, 1.8766496499430312e-22, -1.327440955398372e-22, 6.891678134444153e-24, -2.366885822776511e-22, 1.2991925527571748e-21, -3.004217831134789e-23, -4.3412879367551075e-23, 3.7521337019889467e-22, -1.538505740660457e-22, 1.3445765744932292e-21
9.4, -1.1011160249649588e-22, -6.200426301938538e-23, 1.3485743614560928e-22, -8.935379560315538e-23, -2.9932999038822123e-22, 1.1920312797786073e-22, -8.45920524727026e-23, 4.241935371682862e-24, -1.5097431060601383e-22, 8.283770844843163e-22, -1.912561175850193e-23, -2.7704757060077875e-23, 2.395625489174609e-22, -9.813924549171754e-23, 8.58755708592606e-22
9.5, -7.02269970689485e-23, -3.953360116656962e-23, 8.600963559062026e-23, -5.702380531116957e-23, -1.9092492531673674e-22, 7.57236612855192e-23, -5.393677150902032e-23, 2.5081276825201217e-24, -9.629953341712521e-23, 5.281808399089038e-22, -1.2235938865766148e-23, -1.7713179860993265e-23, 1.5282888806939321e-22, -6.26094214360741e-23, 5.485514714593281e-22
9.6, -4.479215827650884e-23, -2.522120381931034e-23, 5.485385755043618e-23, -3.640960850895358e-23, -1.2183043454130337e-22, 4.812553499944895e-23, -3.437922966345281e-23, 1.5450233900621649e-24, -6.143913270567626e-23, 3.367621442831309e-22, -7.821189512874378e-24, -1.1299859297658505e-23, 9.756868772532326e-23, -3.9934276083129724e-23, 3.5044351457258096e-22
9.7, -2.8570008626414847e-23, -1.6071418904739772e-23, 3.4992255584599373e-23, -2.323903262141081e-23, -7.77041034739865e-23, 3.058864248476659e-23, -2.1885138947090264e-23, 9.358033358314897e-25, -3.918122597503613e-23, 2.1471749161167077e-22, -5.0124290364742705e-24, -7.198119479242136e-24, 6.231681472444013e-23, -2.5482591168326497e-23, 2.23891978853307e-22
9.8, -1.8201755468614064e-23, -1.0257519822951033e-23, 2.231553441039944e-23, -1.484076830658995e-23, -4.9573442282793203e-23, 1.9442516679612342e-23, -1.396778990963947e-23, 5.828091793829236e-25, -2.500003384353707e-23, 1.3694709750682003e-22, -3.1549204417201435e-24, -4.6003697693478885e-24, 3.9769350068028744e-23, -1.6258423040282916e-23, 1.4300709908501113e-22
9.9, -1.158606151281575e-23, -6.5478354509962896e-24, 1.4230826979193762e-23, -9.479332577727507e-24, -3.1594307009402213e-23, 1.2336681799961696e-23, -8.895124333019994e-24, 3.4450257166311813e-25, -1.5955449945174413e-23, 8.729755067424038e-23, -2.0228898815695078e-24, -2.9419172220372162e-24, 2.5389513679794196e-23, -1.0373616667829427e-23, 9.134272681870188e-23
10.0, -7.39778042421624e-24, -4.172258337729497e-24, 9.079251049019876e-24, -6.062162839981361e-24, -2.015615764964142e-23, 7.839700911936027e-24, -5.6626158718822106e-24, 2.1528725137371173e-25, -1.0163444828977069e-23, 5.56580106296181e-23, -1.2806026014208464e-24, -1.895449609425011e-24, 1.619236516068841e-23, -6.624260992918451e-24, 5.834831605596746e-23
10.1, -4.702663952390539e-24, -2.664664421086081e-24, 5.791428353435561e-24, -3.8777435772250524e-24, -1.2841276321893115e-23, 4.97922105723877e-24, -3.6178026110993096e-24, 1.21179007218359e-25, -6.487717844192205e-24, 3.5497463956033355e-23, -8.112174638739088e-25, -1.2070173923011665e-24, 1.0330717539572219e-23, -4.225255290303857e-24, 3.728781869406027e-23
10.2, -2.9916185700946935e-24, -1.693658095135762e-24, 3.6935746590718685e-24, -2.480495502932897e-24, -8.201260826651602e-24, 3.1425500953903787e-24, -2.302268136423266e-24, 8.678936769042524e-26, -4.139308686826325e-24, 2.265022945740599e-23, -5.2095361117470895e-25, -7.628589116032871e-25, 6.59532054657889e-24, -2.695821119900519e-24, 2.3821849473912517e-23
10.3, -1.9054118753103483e-24, -1.082701358354087e-24, 2.3525117182080065e-24, -1.5879557685007602e-24, -5.237861429730958e-24, 2.0206263115288084e-24, -1.4538347676033751e-24, 6.319836399507013e-26, -2.6382049498193765e-24, 1.4455520195341114e-23, -3.216814375522268e-25, -4.948944209378005e-25, 4.205788587953844e-24, -1.7209526574965778e-24, 1.522216195450394e-23
10.4, -1.2085948576374391e-24, -6.91112053858469e-25, 1.4988689411616816e-24, -1.0209851851370794e-24, -3.327566893168977e-24, 1.2690826924227567e-24, -9.283994156333948e-25, 5.0975085775294334e-26, -1.683424072960228e-24, 9.2040325855064e-24, -1.9870180512635116e-25, -3.2088599090515624e-25, 2.695379915570552e-24, -1.098891638984173e-24, 9.739673824883047e-24
10.5, -7.698369737089794e-25, -4.402714066082155e-25, 9.6064186075549e-25, -6.52970259246122e-25, -2.136122095435943e-24, 8.079193016507657e-25, -5.901932773574984e-25, 3.1501349733064167e-26, -1.073695035183678e-24, 5.8788884795928486e-24, -1.2428214433912547e-25, -2.0226660822716983e-25, 1.711902853319737e-24, -7.017009577776721e-25, 6.2066617340314425e-24
10.6, -4.871736648766641e-25, -2.8600782948143314e-25, 6.07213533669174e-25, -4.212945050071218e-25, -1.3560395898732563e-24, 5.1253556044425555e-25, -3.7644192859332325e-25, 2.1844090319312658e-26, -6.815225736606254e-25, 3.7465178998147536e-24, -8.176891001399869e-26, -1.3668318314401834e-25, 1.0818445267567603e-24, -4.481926228975323e-25, 3.9698900606784655e-24
10.7, -3.05268636477462e-25, -1.783389464452531e-25, 3.8539965534477956e-25, -2.7023765210466343e-25, -8.670662589289233e-25, 3.3372120034779903e-25, -2.4014495909466714e-25, 1.746210006820764e-26, -4.333499337535406e-25, 2.3963642314738802e-24, -5.155088939722926e-26, -8.560227227218848e-26, 6.878883848301682e-25, -2.864170624831415e-25, 2.542469365055668e-24
10.8, -1.9461171310224591e-25, -1.1645876031427945e-25, 2.4551006768971994e-25, -1.7404072107418526e-25, -5.579594644940328e-25, 1.9832342445641224e-25, -1.527276745172457e-25, 1.4508588763690773e-26, -2.7747883824192284e-25, 1.522004992855919e-24, -2.969145284035254e-26, -5.369648523665476e-26, 4.475135518853226e-25, -1.8301347434992307e-25, 1.6252659888651045e-24
10.9, -1.2352921955863867e-25, -7.295601337955322e-26, 1.572429852071885e-25, -1.147530899516904e-25, -3.5937179700956435e-25, 1.3372040015430651e-25, -9.715607087823205e-26, 1.835953525242271e-26, -1.7535506237889071e-25, 9.770377170262779e-25, -1.6654824029681434e-26, -4.1091789070755485e-26, 2.8632498505775714e-25, -1.1629698539329161e-25, 1.0418877198391803e-24
11.0, -7.809092841114504e-26, -4.5605501194285375e-26, 9.760622718011122e-26, -7.39509611149566e-26, -2.294828408337521e-25, 8.568331958932369e-26, -5.639982089754915e-26, 7.117137383616578e-27, -1.1175593778410074e-25, 6.1785710855969915e-25, -1.0327858023972782e-26, -2.4983994467576366e-26, 1.8199934381756461e-25, -7.432182852275477e-26, 6.558283361357873e-25
11.1, -4.914264909616049e-26, -2.8691389692427804e-26, 6.078388928499096e-26, -4.6206402308903195e-26, -1.4506478656025715e-25, 5.499556023211677e-26, -3.7386791695523436e-26, 5.987750212886352e-27, -7.0827522200746e-26, 4.009706513464991e-25, -2.128011608883336e-27, -1.9666683008269994e-26, 1.1283161312335674e-25, -4.778306836196933e-26, 4.255217540294559e-25
11.2, -3.113943429717836e-26, -1.811335602483254e-26, 3.918294091708392e-26, -3.030514248627375e-26, -9.411927426360189e-26, 3.4784245646963855e-26, -2.1921940503622016e-26, 3.372975131267908e-27, -4.333873402076031e-26, 2.5669683544735635e-25, -4.243714256387163e-27, -7.55114816472522e-27, 7.140460467581127e-26, -3.0854889475678035e-26, 2.732121046291896e-25
11.3, -1.957812242899405e-26, -1.0777694612569365e-26, 2.411701197352748e-26, -1.984947907758776e-26, -6.295586147022968e-26, 1.9500192316364047e-26, -1.3327248184540544e-26, 4.1789723166637745e-27, -2.7242529024074876e-26, 1.6125954317629928e-25, -2.0215470857826523e-27, -5.693933706191071e-27, 4.4890702222746777e-26, -1.9417146791212686e-26, 1.7375961317047273e-25
11.4, -1.2125845596908128e-26, -6.985655296153646e-27, 1.5209240422475003e-26, -1.254698791839274e-26, -4.086679084813655e-26, 1.322090355392083e-26, -9.943003160061528e-27, 3.2185536157795285e-27, -1.780850940988809e-26, 1.0608550300417965e-25, -8.131108059333751e-28, -4.18240923445156e-27, 2.8784825899263164e-26, -1.265041516530887e-26, 1.1266264465351077e-25
11.5, -8.017849628978142e-27, -3.825209569483875e-27, 8.884512409744444e-27, -9.106313499537536e-27, -2.571845580599392e-26, 9.976413198091621e-27, -6.516635910601986e-27, 3.956132158702284e-27, -1.0493309647710331e-26, 6.631740685164519e-26, -8.410057898388844e-28, -3.8528647684274464e-27, 1.6124339765552875e-26, -8.167235660265814e-27, 7.471315758063838e-26
11.6, -4.351697417580124e-27, -3.0373161487143632e-27, 6.975544363591907e-27, -5.2531290178275044e-27, -1.8326604784316494e-26, 4.070269800584998e-27, -2.744618638508129e-27, 1.3196165738680843e-27, -6.724809221724906e-27, 4.117523423751008e-26, 9.01111886964796e-28, -2.172811432605508e-27, 1.0681420950351067e-26, -5.3217874452625556e-27, 4.419017045644351e-26
11.7, -2.2958211180799466e-27, -1.7199775319846944e-27, 3.237536591932991e-27, -3.462654707032898e-27, -1.0198933642770528e-26, 3.79243895801895e-27, -2.222207134764834e-27, -9.175771210179048e-29, -4.1176273305678475e-27, 2.853241226266259e-26, -4.424032547764898e-29, -5.420339064619269e-28, 7.268721443722019e-27, -3.5046570395324546e-27, 3.0776399864803507e-26
11.8, -1.999247084322374e-27, -8.948375137940726e-28, 2.343738146307319e-27, -2.442809299748233e-27, -6.993768020699232e-27, 2.8932053865893386e-27, -3.7106722859979294e-29, 2.140160713621552e-27, -1.994251564281989e-27, 1.7325782317345614e-26, 5.651531732088284e-28, -4.391661577903203e-28, 4.2604592395625336e-27, -2.1508711085881374e-27, 1.878675212627643e-26
11.9, -1.2029811719651769e-27, -6.605276418198576e-28, 1.4638672105542396e-27, -1.6475225093189513e-27, -4.068631270011752e-27, 1.007216732622572e-27, -6.537137524847726e-28, 1.8772764670163353e-27, -1.2817105678016433e-27, 1.0730976509151685e-26, 1.3733084232621416e-27, -6.05197261852554e-28, 1.3487104825832862e-27, -1.3886746429063656e-27, 1.133111830472337e-26
12.0, -1.3763656815268572e-28, -7.85975141074004e-28, 1.63621265194752e-27, -1.3241525060647539e-27, -2.797111563092494e-27, 1.2303865949067287e-27, -3.461295925581913e-28, 2.7171632603661736e-28, -5.570004845029202e-28, 7.237229685387431e-27, -5.265477943367336e-28, -2.2495825845861435e-28, 2.0290403658432297e-27, -9.26029540926236e-28, 8.511067313605428e-27
12.1, -4.6450343543515275e-28, -2.313725061904686e-28, 2.2072205746436796e-28, -9.813998850538626e-28, -3.000848852419553e-27, 4.419236848526128e-28, -2.1726515759642155e-28, 4.368082723312587e-28, -2.425225069206078e-28, 4.3166088848164606e-27, 2.048962499764285e-28, -3.275462580079594e-28, 1.1928902214835993e-27, -6.288960089241401e-28, 5.6874595122187324e-27
12.2, -2.05525685501517e-28, 1.2207052770684625e-28, 3.3326113293415976e-28, -6.667120956298542e-28, -1.0891032971245619e-27, -4.156972046405919e-28, 2.565699092741702e-28, 3.964444704049484e-28, -8.86305165565095e-29, 2.396750604975884e-27, 7.509065903905018e-28, -3.0185929396030004e-28, 1.2189368629741663e-27, -3.2198124868297055e-28, 3.6464199072384984e-27
12.3, 5.4650989241811185e-30, -3.3637833743935994e-28, -2.952751985470727e-28, -2.7234576156170586e-28, -3.1102107771436603e-28, 4.391661577903203e-28, 6.748947574560046e-29, -1.3620784942113563e-28, 5.389167019567267e-29, 2.822688625699265e-27, -7.579802467676869e-28, 2.1925337457249477e-28, -5.101624886042711e-28, -2.5418205069486625e-28, 1.245782787671195e-27
12.4, -2.418331251550347e-28, -1.386356721607627e-28, -8.100735297488209e-29, -3.277460788095748e-28, -7.496377283002441e-28, -1.9063903578116986e-28, 2.365478649523074e-28, 6.193245925267626e-28, 6.529144692783109e-29, 1.059959433208956e-27, 7.473897442820709e-28, 1.099913602491955e-28, -2.0974190441560186e-28, -1.3980462385021278e-28, 9.143799881920585e-28
12.5, 2.4624916487073494e-28, -1.9525489629848556e-28, 1.6157510018621031e-28, -2.30663142344734e-28, -1.1773441631179214e-28, 1.1230928154793409e-28, -1.3367512076066046e-28, 4.765925939328843e-28, 1.6195975522931996e-28, 1.203320867327923e-27, 2.0599026886527278e-28, 1.8487420565456565e-28, 1.33630161080297e-29, -9.618374285757153e-29, 8.676718758144592e-28
12.6, 6.324328371127327e-29, -2.8179728547811415e-29, -1.069690706247626e-28, -1.2872456040063898e-28, -4.942617483157258e-28, -2.559554603092029e-28, -7.238508538517771e-30, 8.292563267038991e-29, 1.763418574255882e-30, 1.0814601514627728e-27, -3.1776502976888566e-29, 5.877728879516914e-29, 2.715914380356077e-28, -3.3729751312679075e-29, 5.25578663448899e-28
12.7, -5.214823370157833e-29, 2.2739607223832222e-29, 1.1247912922930718e-28, -1.258371498172965e-28, 1.3107245481961992e-28, -2.8529414950638363e-29, 6.916547271914961e-29, 3.5906299394274792e-28, -3.332011866936751e-30, 5.156725472088157e-28, 5.473341532247753e-29, 2.284950866472069e-29, -5.097428649208787e-28, -2.3783670912272673e-29, 3.2397945669912456e-28
12.8, 7.924393440062622e-29, 5.664420173792477e-29, 1.1229429498781295e-28, -2.048962499764285e-28, -1.7741089871423057e-28, 5.09642954520071e-29, 2.9788286000815366e-29, 5.241299626371873e-28, -6.299850322929441e-29, 5.261281706533414e-29, 6.381776851591754e-30, -1.2004234657044998e-28, 1.505749650572827e-28, -3.237596538173476e-29, 2.5331033244781907e-28
12.9, 5.769076318638541e-29, -1.7062198697934744e-29, -4.153774913580073e-29, 2.294192578546781e-29, 9.42679609220839e-29, -1.0444883076438841e-28, 4.116058737275167e-29, -7.103629497427377e-29, 9.634359949886385e-29, 2.530081034853758e-28, 3.124273166057344e-28, 1.0397425636055184e-28, -9.85116551963909e-29, -1.9977084641499354e-29, 5.529341311900469e-28
13.0, 5.828772783121142e-29, 6.130252417558373e-29, 1.7559252941953044e-29, -5.914945503817782e-29, -1.0301761427281812e-28, 3.5812883169519594e-29, 2.6335132772899277e-29, -1.9191039563144783e-28, 8.542339269058238e-29, 3.8920096634639026e-29, -2.629142197254591e-28, -3.771118078486587e-29, 2.8226936212193053e-28, -6.639046133671578e-30, 1.6570639525960866e-28
13.1, 3.5558111647459964e-29, 1.3320554187686427e-29, 1.1122525369917057e-29, 1.0575515925494906e-29, -1.407213017776234e-28, -2.750533334235945e-29, 1.0807807607372806e-28, 3.53068369894286e-28, 9.476751292612239e-29, -3.7806095665633184e-29, -9.759747502900046e-29, 5.548274332853528e-29, -2.8896585673606654e-29, 3.3420029070175214e-30, -5.207704754100285e-29
13.2, 7.097260209375886e-29, -1.9253983115653633e-29, 5.17598320184384e-29, -5.678032965902526e-29, 5.8360162871797e-29, -2.610284109102138e-29, 1.4773376303431376e-28, 2.0600150878536363e-28, -8.292563267038992e-31, -2.825715910843738e-29, 8.067015537215611e-29, 8.970455336519227e-29, -1.920202970723363e-28, 2.0768874567900365e-30, -1.8771915431756486e-29
13.3, 6.553997404984025e-29, 4.6274751014095744e-29, -1.6988514777339065e-29, -4.213346490061663e-29, -6.828126567200147e-29, -1.183750917569715e-29, -1.7983872145385762e-30, -4.7790891346352574e-29, 6.612444989456528e-29, 1.134694910773135e-28, 4.4669940201122084e-29, 3.640110565427492e-29, 6.2603857146104e-29, -5.051719640839265e-30, 5.066206648956382e-29
13.4, 2.3375287148971205e-29, 4.606618805240967e-29, 1.9355142396471428e-29, -3.234599226149245e-29, 7.208285642273441e-29, 3.071495496830677e-29, -6.253079766551337e-29, -3.564053772812632e-29, 2.7538428662627e-29, 7.372513363601096e-29, -1.4435804036702365e-29, -2.27302406237565e-29, -5.674286325872238e-29, -2.8262154628477765e-30, -2.2926314785341608e-29
13.5, 5.604536377308362e-29, -2.791371710566092e-29, -1.1347948211739427e-29, -1.14397408924815e-30, 1.5353106404118047e-28, 8.207077430347904e-29, 2.3847363792787582e-30, -2.8545650390769613e-29, 6.490117192467602e-29, -1.0323991491461525e-28, 6.189137110034409e-29, -1.2403876260275792e-29, -1.2310210259518575e-29, 9.329133675418866e-31, 7.526937376849496e-29
13.6, 6.2837397707992e-30, 1.7714114063204977e-29, 6.91692193591799e-30, 1.3602801069968178e-29, 4.1482173975351447e-29, 2.905113457485606e-29, 2.1442645333347283e-29, -2.008011724233229e-29, -1.551483636542551e-29, -1.4261522831293436e-28, -2.992566280192595e-29, -1.6994134737384498e-29, -7.54841811302315e-29, -3.1502998254677494e-30, 2.0722041567521757e-29
13.7, 4.384255719443333e-29, 1.8976107313407221e-29, 6.782667334832644e-30, -2.2853879744756028e-29, -2.744476266186978e-29, 1.1673187788368739e-28, -1.3391115908256865e-30, -3.613759197214462e-29, 2.20087001979234e-29, 1.3259546399193226e-28, 2.294723352551072e-29, -9.762495038922259e-30, 7.285778646899913e-29, -1.8886187952680293e-30, -6.447343052121806e-31
13.8, 1.1605217493819251e-29, -3.432546707749498e-30, 4.8803420814538094e-29, 1.5096149342040748e-29, -7.764536798770303e-29, -5.903206031722878e-29, 3.1483640614521004e-29, -2.335405618879957e-29, 1.0375382903876984e-29, -5.154002913666146e-29, -9.260445274863573e-31, -3.147521067445285e-29, 2.758370056299299e-29, 4.718893118148619e-30, -5.535192314747769e-29
13.9, 1.996678138141606e-29, 1.553950174562491e-29, -4.5092373864537134e-29, -1.803039292576185e-29, -7.778336922881867e-30, -2.4310229946529498e-29, 3.1310982953125195e-29, 7.832975423323577e-30, -1.2164091298337316e-29, 3.9398105458503357e-29, 2.1700226835429632e-29, 2.4015025934143002e-29, -2.674788761623608e-29, 7.471424660400717e-31, 1.2160969098312075e-29
14.0, 1.467324734862191e-29, -1.5201991922896403e-30, -4.811029240893468e-29, -3.499049568287123e-30, 4.877219881428569e-29, -5.461040064148306e-29, -1.4081122113835033e-29, -2.0775118967950846e-29, 2.564528267732237e-29, -4.055019726781713e-29, -1.8454075469186997e-29, 5.2652781225657206e-30, -5.083534859096467e-29, 1.7684140942962668e-30, 8.15602945993522e-29
14.1, 7.016520116723164e-30, 1.3681480510604239e-30, 3.325986020888037e-29, -1.3456682108786916e-31, 1.0576764805505003e-29, -3.738506699222949e-29, -7.395242979784847e-30, -3.0111433703427763e-29, -5.385795043540007e-32, -2.575346690819696e-29, 6.843050683320798e-29, -1.1115656529861528e-29, 9.409374216067548e-30, 3.4453477278529847e-31, 6.182908320984055e-29
14.2, -1.4878844220284003e-30, 2.251652603202878e-29, 4.815993538933601e-31, 4.239947634276713e-31, -1.525944040336083e-29, -1.651940422354667e-29, -4.897639069593642e-30, 2.1209104771459287e-29, 4.177503633771902e-31, 3.20176929288384e-29, 1.1376516341970379e-29, 1.5532164575565595e-29, 1.4573649167816735e-29, -1.2274929399233357e-30, 1.6128504780386547e-29
14.3, -9.509440726876508e-31, 1.7313223579964086e-29, -1.9964908061400915e-30, 8.946820282328155e-30, 4.2849073146401776e-30, 7.154209137836274e-30, -5.1182225013768894e-30, -3.882736729388938e-29, -6.758158064634506e-30, -4.5717750529592823e-29, -7.792230712994188e-31, 1.1653299374207956e-29, 3.38961645740244e-30, -4.39277932551224e-30, -1.8685586601058585e-30
14.4, 1.0037326696144061e-29, -1.3501954009152906e-30, 4.615079967309369e-30, -7.602010676456405e-30, 3.4810969181419894e-30, -6.118029004459555e-30, -3.35964333716013e-30, -2.613609252129019e-29, -9.874738129829656e-31, 2.4280256826287187e-29, 1.2439625450564798e-29, -8.325268312303386e-30, -3.156591058518609e-29, -3.3080489817430296e-30, -7.683265932113292e-30
14.5, 8.827240021361442e-30, 5.228123942265358e-30, -3.467749513034086e-30, 9.848199429615113e-31, 2.430507831648785e-29, -1.8375708248553457e-29, -1.1262556041049096e-30, 8.866111411675686e-30, 3.441601087822696e-30, -2.3181554637405028e-30, 6.0930514042576305e-30, 2.607505351079674e-30, 1.1564941113493647e-29, 1.6227634631187936e-31, -1.2898042469270745e-29
14.6, -3.7930827556641545e-31, 1.7289963189776046e-30, -5.990721298430371e-31, -4.59900063717938e-31, 9.711134848507051e-30, 1.427286422288512e-29, -1.0530361107629864e-29, 1.115046906014296e-29, 4.543113256727574e-30, 2.844714497997327e-30, -1.0335496798554537e-29, -1.2297018964411933e-29, 5.424588378853622e-30, -1.9662054658952577e-31, 4.007164205894838e-29
14.7, -1.590019390354083e-30, -7.027174624309298e-30, 2.0748970542739455e-30, -5.6574264457359385e-31, -1.7747599658475683e-29, -1.0922704568301659e-29, 1.4308262165671287e-30, -7.984246014546483e-30, 1.6612836059301993e-30, 1.8686367151064895e-29, 7.302318501533625e-30, -8.157801308449544e-30, -2.9251111486472723e-31, 3.121419475234274e-31, -1.888786613519386e-29
14.8, 3.0991738000544347e-31, -3.7330584601789046e-30, 4.330023105004904e-30, -2.08024382181717e-30, -5.85373477232294e-31, -1.0089330840314474e-29, 9.679600628252121e-31, -1.6300616056777935e-30, 7.026511156803934e-31, 1.278306745334126e-29, 4.2667595269934666e-30, 9.133254651335334e-30, 5.883161507560833e-30, -9.064527223279726e-31, 1.724839890194003e-29
14.9, -6.690289241585839e-31, 5.251189194951823e-30, -4.401092183079443e-30, 1.4857379095110475e-30, 1.7094435413195353e-30, 2.0807706930714297e-30, 5.751951051500097e-30, 4.148779393539688e-30, 5.7967546218623e-31, 8.461162068401983e-31, 2.855642198085669e-31, 3.0542921746916016e-31, -1.389421941482407e-29, -7.947169889246752e-31, 1.3948194447760417e-29
15.0, 1.8074611083619317e-30, -9.9030330675584e-31, 2.547188349342057e-30, -1.358879019735491e-30, -6.779271942305196e-30, -1.1839967908217027e-30, 1.4694439281293231e-30, 6.540423640374291e-30, -2.4784218937861334e-30, -1.961643151108375e-29, 2.6670222890608225e-30, 2.7865244950269056e-30, -7.05625011204435e-30, -5.045475240788784e-31, 1.8498800984548566e-29
15.1, -3.593652229051912e-31, -3.056048412205799e-30, 1.9693081521703406e-30, -1.4047558463563699e-30, -5.685135970959949e-31, -5.5507252598733414e-30, -5.977256810821521e-31, 8.683813957701951e-31, -1.9779527434902254e-30, 1.1244759500905225e-29, -9.08638262345641e-31, -3.530369137290317e-30, 1.6012202829446336e-30, -1.0857450587774131e-31, 5.147239447861469e-30
15.2, -1.8451226461663964e-30, -5.25251612996255e-31, 6.4208043519072615e-31, -9.743215453766397e-31, -4.978523563997531e-30, 6.28321289954494e-30, -8.181432459890585e-31, 4.3867690904636516e-30, 3.835915437260424e-30, 1.2820338716142571e-30, -8.975466467559738e-30, 6.551546477964211e-31, 7.681782887101302e-30, 3.1128334251648623e-31, -1.48806004577982e-30
15.3, 7.087491626046914e-31, 2.1068020357818727e-31, -1.7304793639895937e-30, -1.1063320651938432e-30, 6.293086857124763e-30, -1.4768493963141906e-30, -2.053870988478966e-30, 1.7514176179088632e-30, -1.1440814148740177e-30, -1.876032426416278e-29, 4.697925593604112e-30, 4.542215624220317e-31, -1.4685267818719088e-30, 1.1856554595851118e-31, 1.4504180217255134e-30
15.4, -1.1879190546034112e-30, 1.1023805307868981e-30, -2.4808903831810894e-30, -4.004611807374204e-31, 7.283282838254735e-30, 2.1395022026087286e-30, -1.1946122709075207e-30, 1.2522851594987616e-30, -4.5388982866934993e-32, 5.7073231048893144e-30, -1.539790997448025e-30, -1.1603851531308208e-31, -2.94823494258421e-30, -4.560948824371761e-31, 6.624235197301843e-31
15.5, -3.83542759350648e-32, 3.4748134905911923e-31, -1.0150564988309505e-30, -2.0948986481856433e-31, 4.205427810247647e-30, -1.265486211480482e-30, 1.76213066674547e-30, -3.389987218655437e-30, -7.300581777769584e-31, 6.189761550039458e-32, -9.939377427227217e-31, -2.7339349383517596e-30, -2.7932957663316462e-31, -1.137944340449404e-31, 4.0040946929950235e-30
15.6, -1.1008682151496721e-30, 1.549347856587785e-30, -1.4315726175106627e-30, 4.573583977598906e-31, 4.205271700246385e-30, 3.572665190757248e-30, -1.3350722445430315e-30, -1.2225852317586606e-30, 1.1088005545887991e-30, 1.276335856568193e-30, -2.23139733053913e-31, 1.4452371210586297e-30, -7.7832641447967e-30, -4.076324839203949e-31, 1.730650109303474e-30
15.7, -8.85748633410596e-31, -4.988934149706692e-31, 1.413771198929252e-32, -9.431629648122467e-31, 3.526281006632268e-30, 3.330509308174604e-32, 2.1475125970484864e-30, -2.453302818895565e-30, 5.0047402873344735e-31, 4.342102116352554e-31, 6.102779008711271e-31, 1.0081144822123297e-30, -2.0065501443464135e-31, 3.218939441647648e-31, -1.9535215282927178e-30
15.8, 5.858857131739351e-31, 9.17863387732719e-31, 2.16398708061917e-30, -4.4418173796586745e-32, 8.237046647840181e-31, -2.5167834873775072e-30, -1.3420801200684349e-30, -6.255083828692538e-31, -8.89675775629844e-31, -4.009295107412065e-31, -1.8615434669241462e-30, -1.7344308983965387e-30, -1.409809907647228e-30, -8.939736791020891e-32, -4.867109807471836e-30
15.9, 3.696855575198732e-31, 5.995453382843626e-31, -1.816320350933552e-30, 4.4655265861003455e-31, 6.1766385530583685e-31, -4.718522356895622e-31, 8.359934489458635e-32, 1.3226907700679369e-31, 6.876669947780083e-31, -6.0164696917635266e-30, 1.2396231748651493e-30, 4.332247672522888e-31, -5.53336777910802e-31, -1.8098271505685595e-31, 4.2392427000522645e-30
16.0, -1.287785549473255e-31, -6.691069791592149e-31, 4.377031729134932e-31, 2.245374054089621e-31, 1.179320808440151e-30, -4.362335436047374e-31, 5.947888616834101e-31, 4.258583265677368e-31, -1.0065680175123277e-31, 1.3905937421793801e-30, -2.636917451004948e-31, 4.8379221156733765e-31, -2.473880068436916e-31, -4.421205981054547e-31, 3.0093373727656765e-31
16.1, -3.0656101497830985e-31, 5.030791143795074e-31, -1.5448914038955079e-30, -8.860950024758961e-32, 5.332668858735523e-31, 1.0373143701046382e-30, -1.0359935331408353e-30, -7.965464030019645e-31, 9.497586123655674e-32, 1.7779563181234082e-30, 1.8292067436939786e-31, 6.873498963379449e-31, 5.1436537962699815e-31, -2.096167041945897e-31, 4.873559101898974e-33
16.2, 1.6839878542387456e-31, 5.1679728074040825e-31, 3.1909859945466657e-31, -2.5784249849070813e-31, 1.1275044841150059e-30, -8.438745647908264e-31, 1.0177311022119477e-30, 8.393351786603788e-33, -3.410674233041426e-31, -2.0833416296547134e-30, -1.3642428618101035e-31, 4.650455957126607e-31, 1.2752686983564409e-30, 1.2075352519494931e-32, 4.837165957854764e-31
16.3, 2.7960398874475802e-31, 5.517268935227873e-32, 5.024107684366044e-31, -6.092509897690753e-31, 1.6201474009882697e-30, 9.43537994698091e-31, 8.006735611603295e-31, -1.3429606780443034e-31, 1.9643760518179684e-31, 2.0358695539584385e-30, -7.846844821248201e-31, 7.508159295072689e-32, 1.1020878245345318e-31, -1.4356022069182387e-32, -5.4718384856418525e-31
16.4, 2.055956520527076e-31, 3.142689462906225e-32, 7.420713302178255e-32, 2.5716683489149593e-32, 3.4601050014097857e-31, -7.692332508280338e-31, 3.359718952941992e-32, -4.360188923530022e-31, 4.2725355970401617e-32, -1.203687384340261e-30, 3.4485979868636355e-31, -1.0618285187403163e-30, 1.463545897144142e-30, -1.265710619607296e-32, -1.2522875987175313e-30
16.5, -3.2872131750120885e-32, -1.4601834340700842e-31, 2.277498565286823e-32, 1.5973468035383194e-31, 2.4664160590015753e-32, 2.8094738848218088e-31, 7.959597708878471e-32, 6.671263335182029e-32, 2.2404834204563338e-31, 1.131038912112329e-30, 1.1590100435493916e-30, 5.860454820033516e-31, -3.143494405100233e-31, 1.3233371630419123e-32, -5.1567463030164495e-31
16.6, 2.6251604165349012e-31, -1.0995510370140238e-31, -2.952302339882717e-31, 2.0713784811986255e-31, -1.1153522962042648e-30, 1.3227017465524005e-30, 2.059542172118563e-31, -9.726738530976945e-31, -2.8461597351183857e-31, 8.87198748969194e-31, -5.9155384779007e-31, 2.5749430001133073e-31, -3.3463520340839306e-31, -2.1928576739775663e-33, 1.7004367260123472e-30
16.7, 3.1488484902997664e-32, -4.653602549339545e-32, -4.978384528527657e-32, -1.8284749780630627e-31, -2.1944553622717327e-31, 6.982870483990196e-31, 3.5879962905296258e-31, 7.23295443737912e-32, 1.8767593136096545e-31, -5.799663390245189e-31, 9.920790580201956e-32, 1.646753179718982e-31, -7.1947684675391655e-31, 2.142304864975136e-32, 1.0260220068102232e-30
16.8, -3.0885083159838374e-32, -1.082409427109822e-31, -3.0289608877680676e-32, -2.507577875740587e-32, 3.214073200202058e-31, -4.129042454864505e-31, 3.34683377979095e-31, 1.6422040367134556e-32, -1.4050235506163465e-31, -8.278647523957743e-32, -1.0897819658412985e-32, -6.501097335759493e-32, 4.5962107807115136e-31, 4.628570066715301e-32, 6.944544259070983e-31
16.9, 1.9147501459480312e-31, -1.0155687347725915e-31, -1.307369427170638e-31, -7.482303576113665e-33, -1.855062462653002e-31, -1.2355435814727938e-31, -2.6979253614590876e-31, -6.831559645657589e-31, -1.6336118885971197e-31, 2.961595763395347e-31, 2.0175845602559306e-31, -5.630967020131409e-32, 5.593616482720084e-31, 6.28781814458217e-32, 2.048776070273715e-31
17.0, 1.1586167195227745e-31, -1.0267159645502084e-31, 1.847671629780753e-31, 1.4129174723598503e-32, 4.1747412185151944e-31, 1.97487688862161e-31, -6.526739623076167e-32, 1.3739204622789645e-32, -3.7744654184042727e-31, -2.534854439632972e-31, 3.4943592554952986e-31, 1.924037471413737e-31, 3.522423991952649e-31, -3.889822172071218e-32, -2.8419642788344685e-32
17.1, -1.188180051011771e-31, -6.350810969310169e-33, 1.5263411451517933e-33, -5.264413419511855e-32, -6.667195937883522e-31, 1.417455943783259e-31, -2.2879231765039105e-31, 4.2595467570914065e-31, 4.7480917864315424e-33, -2.9273369357746407e-32, -5.2432684418018525e-31, -3.2949881848405683e-32, 5.435134341204503e-31, 9.700925498346391e-33, 9.420171417951711e-32
17.2, -9.290374489168027e-32, 3.157416246228405e-32, 2.5391200234565185e-32, 3.4837989627341457e-32, -6.11343229668802e-31, -2.7820631638970895e-31, 5.990111493737941e-32, -1.877832569868331e-32, 1.6022435352185308e-31, -4.567681068176186e-32, 1.0215006099182025e-31, -1.3811375008138712e-31, 2.583224147836504e-32, 5.9341619132075064e-33, 2.2684826029092484e-31
17.3, -6.744775290854442e-32, 7.013577199277498e-32, -1.4275283927904683e-31, 8.669989685324568e-32, -1.7598597540708615e-31, -5.950725733165631e-32, -1.0865286578071854e-31, -1.2474667877215275e-31, -1.1797723688148953e-31, -5.7526596445527e-31, -2.976060330699782e-31, 2.421845434031881e-31, -4.005349671052044e-32, 2.699452922213624e-33, -5.607123656657404e-32
17.4, 2.074639411791394e-32, -2.1735222916923487e-31, -2.3822172760943305e-32, 3.409768673073168e-32, 3.5758794712910455e-32, -7.911194461416856e-32, -9.848772646025997e-32, -4.709963748037369e-32, 7.125057119612321e-32, -2.16250007187668e-31, 1.1178093517612375e-31, 1.4778235593103472e-32, 2.573375802053763e-32, -1.862221569742128e-32, -1.8315971780883034e-31
17.5, -1.7019648965715762e-33, 3.404661558774068e-32, -6.834142168530029e-32, 4.75458620640592e-32, 8.748517284592216e-32, -3.6097274430002273e-31, -9.001479516129409e-34, 2.6099869512755167e-31, 2.1009677293870507e-32, 2.431538279618053e-31, 1.2527705640339357e-31, 4.133949858126834e-32, 1.818821769781899e-31, -7.353024981318547e-33, 1.3423493488401424e-31
17.6, -1.745261029734092e-32, -4.9446775741536e-32, -3.198074974096162e-32, -1.4345884066170743e-32, 1.204666120871611e-31, -5.835335440240602e-33, -9.282637592132824e-32, 1.0789670796210559e-31, 6.957177887786398e-32, 1.1455821442220873e-31, 1.6122146041956235e-31, -1.2726555327982061e-31, 3.658453124692965e-31, -1.0733248617043491e-32, 3.3791945903064686e-32
17.7, -1.923384980392837e-32, 1.2552067337801928e-33, -5.563476885796741e-33, -1.3872294496912447e-32, -1.294127518274525e-31, 3.911508351445753e-32, 4.2750777203517286e-32, -8.258440120962351e-32, 2.0133006822916114e-32, -1.5243684269717829e-31, -4.590369614013902e-32, -9.385656472360184e-34, 6.154545329051636e-32, 2.115641154798643e-34, 3.269235751551325e-31
17.8, -2.0251918737939924e-32, 3.2496225270031185e-32, -1.1622991776091849e-32, 1.8913702340402724e-32, -5.501833253950743e-32, 1.1767789900309305e-31, 1.9530481674002194e-32, 3.6800264901994006e-32, -8.705952917060615e-33, -2.192173168210314e-31, -1.5403544569838302e-31, -6.420976621732873e-32, -5.752158080193176e-32, -1.0814200189963547e-32, -1.0086081953364382e-31
17.9, -1.088486130869885e-32, -3.0883901663246793e-32, 1.084094393700592e-31, 1.629992697747549e-32, 3.1376966869869564e-32, 7.991484777373558e-32, -1.431665155372739e-32, 2.906756027405135e-32, -2.2602677714463533e-32, 3.1021980502009538e-31, 3.4942876034439384e-32, 2.5396650364003777e-32, -2.4624542341404456e-31, 7.03314430734584e-33, 7.717840638564676e-33
18.0, 9.723431102776378e-33, 1.2027825866278684e-32, -2.147164246117936e-32, -6.81532969376857e-33, 1.4018620944140306e-31, 1.0445481782685867e-31, -4.101674039140323e-32, -1.1556942305343046e-32, 3.3508939356587344e-32, -1.0414957246550428e-31, -8.1779573353996e-33, -3.010354222090303e-32, 9.032167937275938e-32, 4.566713003226953e-33, 6.731010855562503e-32
18.1, -1.4443643380925896e-32, 1.4109356071094534e-33, -5.086811614121003e-32, -3.0069469383713516e-33, -5.510488669303919e-32, 6.787053812436466e-32, 5.71658169330889e-32, 1.426787480089166e-31, -2.3695523948884293e-32, -3.9855615087826974e-32, 3.213838425395472e-32, -1.713314886409426e-32, -7.74451959385848e-35, 5.4438408277006695e-34, 2.4523467213634217e-32
18.2, -6.761857444801132e-33, -2.3264010903403652e-32, -4.225351958963406e-32, 3.248296201797084e-33, 4.4405024882906227e-32, 4.0031353177626584e-32, -1.13917995720744e-32, 9.020236727340616e-32, 1.849928288270676e-32, -2.1913674637604411e-32, 5.320385867718256e-32, -7.184604547828092e-33, -9.815816513679493e-33, 8.250752770558407e-33, 2.573962739070226e-32
18.3, 3.95255392416527e-33, -1.0792742687348674e-32, -1.7914022829147258e-32, -1.0769932180572471e-32, 2.1928195611842895e-32, -6.908248683777561e-32, -1.0605666041549193e-32, -4.79019880044382e-32, 2.246472845919793e-33, 2.5640819974131996e-32, -4.4060189857535495e-32, 3.6053177928180944e-33, -9.571885108509254e-32, -1.0674631140983676e-33, 5.226273947279699e-32
18.4, -2.2451408037947666e-32, 6.905504562661627e-33, 1.3347700482051392e-32, -4.673238260435784e-33, 2.6200048989883404e-32, 1.3467612857898723e-32, -9.30685827226027e-34, -3.2632535675185885e-32, 1.5240610472940052e-32, -7.242814216999843e-32, -6.530006842279825e-32, 5.545182745023847e-33, -3.5271589348254006e-32, 2.1539445120418896e-34, 1.3185263757105404e-32
18.5, 1.5886412698619848e-32, -1.83612574018546e-32, 5.51535853146487e-32, 1.9200139038274986e-32, -7.819577976118102e-32, 8.58502578809229e-33, 2.3080211957825984e-32, 1.098145818325906e-32, 5.51865624090315e-33, -6.113107194561368e-32, -1.6405204040704503e-32, -1.0825176674427284e-32, 7.441856374248595e-33, -5.908912187661585e-34, -7.784498961186077e-32
18.6, 4.664777220328321e-33, 1.9200243848456498e-32, 1.4144686630462185e-32, 9.583576207846932e-33, 1.6125903963373334e-33, 2.6181168864913877e-32, -1.7944789381520006e-33, -4.513078774888088e-32, 1.3893142194834891e-32, 1.1713090419398352e-32, 3.307928430977895e-32, 9.385942318309759e-33, -9.266458711386795e-34, 2.5322330417113896e-33, -4.7227486845420924e-32
18.7, -6.331502075416278e-33, -2.0322265426130693e-32, -1.2393851604711352e-32, -3.6751213737046684e-34, 4.2579231520978124e-33, -2.185681511413449e-32, 1.3361725989977279e-33, -1.9317745590129066e-32, 6.058304809108567e-33, 6.591216941102298e-33, 3.4916135145856506e-32, 1.8037608325446644e-32, 4.7524866679062805e-32, -7.006894120976401e-34, -6.209212414088305e-32
18.8, 1.7067385239295033e-33, 2.397737758336501e-33, -9.474525978083508e-33, 4.2264276925536456e-33, 2.528144491812614e-32, 1.052419279977116e-32, 1.5418792545608541e-32, 4.534945990030688e-35, -5.7006924697917654e-33, 1.5672742851311438e-33, -1.9042452120191127e-32, 1.1051280820542272e-34, 2.978792541567817e-32, -2.8641764147562245e-35, -3.6643930988071475e-32
18.9, 8.519876732084653e-34, -4.293406162638572e-34, 4.511297001802395e-33, -7.581644571789808e-33, 3.1811557523407305e-33, 1.8129245772781702e-32, 9.840370680748112e-33, -2.718404032260628e-32, 6.183624437502052e-33, 5.805855194640948e-33, 1.1019763922551886e-32, -7.072176571760506e-33, 1.96120287593172e-32, -1.1804484897676269e-33, 4.356135056273128e-33
19.0, 1.1215094370145386e-33, 2.8437693960060442e-33, 1.0230738583836797e-32, 5.538596377935689e-33, -4.677549770175229e-33, -1.7177412109386174e-32, 7.568698132323574e-33, 1.2842448709778344e-32, -6.901252604161677e-33, 2.6375305905667896e-32, 1.0628366974044725e-32, 2.3847103291845532e-33, 1.9759203692605384e-32, -1.058978253495106e-33, 1.1310762245369471e-32
19.1, 3.2336132481871725e-33, 1.569296645224397e-33, 5.423024096422763e-33, -1.8599305144562726e-33, 2.6152867733856227e-32, -5.819230403031548e-33, -1.318530663399784e-32, 1.886639959984698e-32, -8.208657190384113e-33, -3.4850895571964835e-32, -3.309389103780231e-32, -3.696140579196858e-33, -3.698359934790361e-32, -1.4489102415106873e-33, -5.149926876197404e-33
19.2, -5.9700594003751516e-34, -1.9308393663478754e-33, -5.066576579350485e-33, 1.8752470932544116e-33, 1.7725555066393173e-32, -3.233372661179612e-33, -4.6793851393764685e-33, -6.867329836095689e-33, -6.06884299644962e-34, 9.68477996629448e-33, -1.8264371108270447e-32, 3.868622407220879e-33, 2.3072675152955483e-33, -7.087717063219147e-34, -4.0405754202381847e-33
19.3, 1.55177190646578e-33, 2.2262659193343162e-33, 1.061177718974618e-32, -2.4137546597111024e-34, 3.648659184922626e-33, -2.95400231338584e-33, -6.413425524564894e-33, -1.731205746188459e-32, 6.025020430329967e-33, 2.725488724120881e-33, 9.465070432276475e-33, -2.158132155203185e-33, -6.360166469034848e-33, -9.700896913751434e-36, -1.172208861168606e-32
19.4, 3.192980246454877e-33, -1.5187078672733118e-33, 2.170377081068167e-33, -3.333597397249862e-33, 1.5659877401530917e-32, -1.8027952687474908e-33, -4.39012928582651e-34, 6.438096412062923e-34, 2.862745993983552e-33, 3.7376668495215795e-33, 6.856224720954643e-33, -2.7969061435977718e-33, -4.8576505837802536e-33, 6.563904360620267e-34, -1.839894976338063e-32
19.5, -3.230355795386791e-33, -6.723215836517552e-34, -3.4502082523795825e-33, 1.7365558295446987e-33, 2.5703386888395127e-33, 2.4876637030484683e-33, -6.079544354186889e-34, -9.974471734917542e-33, -4.704606280327432e-33, 7.676677630800874e-33, 5.181119815444936e-33, 3.26680949113132e-33, -1.6904565004366696e-32, 5.187925331094436e-34, -7.229276314622944e-33
19.6, 3.581358542632032e-33, -1.0354144235392908e-33, -7.34279884247245e-34, 1.1105788070052134e-33, 1.0112642520794068e-32, 2.1767389399834283e-33, -2.382939870834364e-33, 9.317033197040403e-33, -1.325299138178318e-33, 9.977108663802386e-33, 9.62270613629437e-35, -1.3583417389245678e-33, 9.962732994588269e-33, -6.428812373825637e-34, 6.054527473987393e-33
19.7, 3.619775047230319e-33, -2.6395842746120173e-33, 2.0803320338772094e-33, 9.48787021982957e-34, -2.858710206482969e-33, -1.7204671689265055e-33, 2.6948347235907792e-33, -4.1763361674523435e-33, 1.129691777321165e-33, -6.997643431433232e-33, -1.7040265604828964e-33, 1.0517435520625652e-32, -8.54774075704441e-34, -3.0605942679829054e-34, -8.13300686880391e-33
19.8, -1.3109091766667225e-33, -1.1840197776001478e-33, -2.9386988358603894e-34, -1.387396193161831e-33, -5.24290660847068e-33, -3.134867467149784e-33, 2.9904956107046333e-33, 3.383744900516289e-33, -2.0607486087692465e-33, 1.0782492728006778e-32, -5.829236500047711e-33, -1.4645192168947475e-33, -7.69020886343895e-33, 5.746218201360978e-35, -2.540047355357936e-33
19.9, 2.0823061574664718e-33, -1.1386598962329293e-33, -5.350976624832014e-35, -2.3974197547175972e-33, 3.62383227317712e-33, -5.879289316843341e-33, 1.4829071508698462e-33, 4.038978255994926e-33, -1.7581249907336257e-33, -4.151450299979737e-33, -4.502301787076661e-33, -5.1643436357667724e-33, 7.036097453312401e-33, -2.1972620836506238e-35, 1.1391029574547728e-33
20.0, 5.413151096426871e-34, 3.884455890777836e-34, -2.8377654400401486e-35, -9.796643396611652e-34, 3.72621663494766e-33, 9.635880359251674e-34, -2.45047395398378e-35, -5.386221132658595e-33, 8.102196248513937e-34, -2.954351879161676e-33, -4.393725882935816e-33, -3.073936723191782e-34, 2.1405651350645263e-33, 2.508697200838137e-34, 1.1110110596770885e-32
