flowtime, wh1, wh2, wh3
0.0, 0.00024931246711556635, 0.9950237390633161, -1.990364763776259
0.1, 0.00021824755763106548, 0.9951295313070602, -1.990596760166494
0.2, 0.00019782605369007727, 0.9951618947437606, -1.990678207744699
0.3, 0.00018252229807479581, 0.9951568210352449, -1.9906831711019664
0.4, 0.00017011733718113833, 0.9951294725037965, -1.990643537284137
0.5, 0.00015956575234054945, 0.9950871395778943, -1.9905748160555135
0.6, 0.0001503111765361001, 0.9950336898672748, -1.9904853106164038
0.7, 0.00014202742744714997, 0.9949713298460209, -1.990379812517897
0.8, 0.00013450756614649898, 0.9949013862594708, -1.9902612567255038
0.9, 0.00012761145199442764, 0.9948246857241854, -1.9901315309558065
1.0, 0.00012123893416277969, 0.9947417528804721, -1.9899919004703874
1.1, 0.00011531524072425553, 0.994652919789424, -1.9898432438421902
1.2, 0.00010978256453591782, 0.9945583890243735, -1.9896861896881624
1.3, 0.00010459496971838102, 0.9944582713353363, -1.9895211988439099
1.4, 9.971516015977482e-5, 0.9943526087717085, -1.9893486152800668
1.5, 9.511233616269387e-5, 0.9942413892049108, -1.989168698557861
1.6, 9.076071281704835e-5, 0.9941245556140239, -1.9889816451033775
1.7, 8.663845707351542e-5, 0.9940020120943331, -1.9887876025635858
1.8, 8.272690043931113e-5, 0.9938736277610565, -1.9885866797926552
1.9, 7.900994021770076e-5, 0.9937392392655419, -1.9883789540206138
2.0, 7.547357443129115e-5, 0.9935986523752787, -1.9881644761655313
2.1, 7.21055346105181e-5, 0.9934516429098879, -1.9879432748929944
2.2, 6.889499219299295e-5, 0.9932979572313874, -1.9877153598082142
2.3, 6.583232154040966e-5, 0.993137312428254, -1.9874807240320915
2.4, 6.290890727153729e-5, 0.9929693963002096, -1.9872393463248195
2.5, 6.0116986758984315e-5, 0.9927938672297513, -1.9869911928734836
2.6, 5.7449520819347886e-5, 0.9926103540157648, -1.986736218816965
2.7, 5.4900087183578424e-5, 0.9924184557389172, -1.9864743695660316
2.8, 5.2462792481668525e-5, 0.9922177417271246, -1.9862055819587647
2.9, 5.013219934077697e-5, 0.992007751689053, -1.9859297852797848
3.0, 4.790326586094572e-5, 0.9917879960860864, -1.9856469021693324
3.1, 4.577129525393791e-5, 0.9915579568147749, -1.985356849437411
3.2, 4.373189384006463e-5, 0.9913170882746514, -1.9850595388003829
3.3, 4.1780935930614676e-5, 0.9910648188973544, -1.98475487754905
3.4, 3.9914534389450135e-5, 0.9908005532139655, -1.9844427691619448
3.5, 3.812901587984657e-5, 0.9905236745378484, -1.984123113868042
3.6, 3.642089998320866e-5, 0.9902335483342444, -1.9837958091687313
3.7, 3.478688151772363e-5, 0.9899295263468892, -1.98346075032439
3.8, 3.322381550269142e-5, 0.9896109515393712, -1.9831178308099637
3.9, 3.1728704312636016e-5, 0.9892771638995811, -1.9827669427449528
4.0, 3.029868664509539e-5, 0.988927507138731, -1.9824079773008219
4.1, 2.8931027990598925e-5, 0.9885613362968478, -1.9820408250895585
4.2, 2.7623112349369523e-5, 0.988178026242095, -1.981665376535889
4.3, 2.6372434982175087e-5, 0.9877769810237376, -1.9812815222363542
4.4, 2.5176596022532948e-5, 0.9873576440063387, -1.9808891533056923
4.5, 2.403329480433782e-5, 0.9869195086769356, -1.9804881617140513
4.6, 2.2940324788280154e-5, 0.9864621299817221, -1.9800784406152394
4.7, 2.189556898776417e-5, 0.9859851360099312, -1.9796598846686777
4.8, 2.089699581489713e-5, 0.9854882398061735, -1.979232390353819
4.9, 1.99426552797888e-5, 0.9849712510579635, -1.978795856280301
5.0, 1.9030675488439637e-5, 0.984434087379197, -1.9783501834933686
5.1, 1.815925939508825e-5, 0.9838767848838521, -1.9778952757747286
5.2, 1.732668177125631e-5, 0.9832995077376766, -1.9774310399403647
5.3, 1.6531286361648964e-5, 0.9827025563684191, -1.9769573861341967
5.4, 1.5771483202226063e-5, 0.982086374031965, -1.9764742281192627
5.5, 1.5045746079504096e-5, 0.9814515514515407, -1.9759814835658667
5.6, 1.4352610114553372e-5, 0.9807988292876162, -1.9754790743354764
5.7, 1.3690669457603035e-5, 0.9801290982478988, -1.9749669267634746
5.8, 1.3058575082630531e-5, 0.9794433967040491, -1.9744449719369779
5.9, 1.2455032671437348e-5, 0.9787429057575893, -1.973913145970109
6.0, 1.1878800580523131e-5, 0.9780289417705218, -1.973371390276095
6.1, 1.1328687883725898e-5, 0.9773029464541363, -1.972819651834699
6.2, 1.0803552485517428e-5, 0.976566474688372, -1.9722578834569517
6.3, 1.030229930059385e-5, 0.9758211803128519, -1.9716860440448567
6.4, 9.823878495892099e-6, 0.9750688001938257, -1.9711040988468431
6.5, 9.367283792052933e-6, 0.9743111369204854, -1.9705120197091546
6.6, 8.931550821315874e-6, 0.9735500405208622, -1.9699097853222578
6.7, 8.515755539918317e-6, 0.972787389606198, -1.9692973814613646
6.8, 8.119012692772243e-6, 0.9720250723582862, -1.968674801222953
6.9, 7.740474328489831e-6, 0.971264967762771, -1.968042045255348
7.0, 7.3793283633796405e-6, 0.9705089274649681, -1.9673991219830735
7.1, 7.0347971929542546e-6, 0.9697587585910471, -1.9667460478268826
7.2, 6.7061363492273645e-6, 0.9690162078271747, -1.9660828474161218
7.3, 6.392633203243216e-6, 0.9682829469994532, -1.9654095537970726
7.4, 6.093605710704876e-6, 0.9675605603403693, -1.9647262086328938
7.5, 5.808401200470887e-6, 0.966850533568191, -1.9640328623995627
7.6, 5.5363952043337835e-6, 0.9661542448528196, -1.9633295745740262
7.7, 5.276990327015432e-6, 0.9654729576876948, -1.9626164138161155
7.8, 5.02961515556499e-6, 0.9648078156399341, -1.9618934581445013
7.9, 4.793723206924107e-6, 0.9641598389116953, -1.9611607951051142
8.0, 4.568791912893693e-6, 0.9635299226102924, -1.9604185219330283
8.1, 4.354321641231219e-6, 0.9629188366002764, -1.9596667457072783
8.2, 4.149834752214891e-6, 0.9623272267887608, -1.958905583497997
8.3, 3.95487468932528e-6, 0.9617556176845716, -1.9581351625056838
8.4, 3.769005103580667e-6, 0.9612044160648219, -1.9573556201922848
8.5, 3.591809010108703e-6, 0.9606739155799938, -1.9565671044036552
8.6, 3.4228879763656674e-6, 0.9601643021338438, -1.9557697734818573
8.7, 3.2618613408229954e-6, 0.9596756598797904, -1.9549637963682402
8.8, 3.1083654614407313e-6, 0.9592079776843371, -1.9541493526944733
8.9, 2.9620529928069057e-6, 0.958761155922515, -1.953326632862046
9.0, 2.8225921912604385e-6, 0.9583350134797237, -1.9524958381077047
9.1, 2.6896662469766163e-6, 0.9579292948500732, -1.9516571805556344
9.2, 2.5629726422220327e-6, 0.9575436772345306, -1.9508108832519808
9.3, 2.442222534772067e-6, 0.957177777555682, -1.9499571801828786
9.4, 2.327140166091898e-6, 0.9568311593184667, -1.9490963162725594
9.5, 2.2174622928467724e-6, 0.9565033392590266, -1.948228547360821
9.6, 2.112937641483749e-6, 0.9561937937354171, -1.9473541401569137
9.7, 2.0133263847665316e-6, 0.9559019648226482, -1.9464733721684142
9.8, 1.918399639673365e-6, 0.9556272660860863, -1.9455865316031082
9.9, 1.8279389857915993e-6, 0.9553690880123108, -1.94469391724186
10.0, 1.7417360035531922e-6, 0.9551268030874385, -1.9437958382792246
10.1, 1.6595918316126518e-6, 0.9548997705156336, -1.9428926141313068
10.2, 1.5813167426024231e-6, 0.9546873405761762, -1.941984574208034
10.3, 1.5067297365726385e-6, 0.9544888586245561, -1.9410720576480647
10.4, 1.4356581515877667e-6, 0.9543036687431542, -1.9401554130136265
10.5, 1.3679372907383972e-6, 0.9541311170509388, -1.9392349979466472
10.6, 1.30341006491774e-6, 0.9539705546857693, -1.938311178780215
10.7, 1.2419266508413513e-6, 0.9538213404710553, -1.9373843301095255
10.8, 1.183344163702402e-6, 0.9536828432829977, -1.9364548343171795
10.9, 1.1275263438398757e-6, 0.9535544441336673, -1.9355230810547603
11.0, 1.0743432569473655e-6, 0.9534355379861946, -1.9345894666804528
11.1, 1.0236710072256578e-6, 0.9533255353186686, -1.9336543936527426
11.2, 9.753914630180618e-7, 0.9532238634529442, -1.9327182698808336
11.3, 9.29391994377807e-7, 0.9531299676650588, -1.9317815080342868
11.4, 8.855652221081695e-7, 0.9530433120936649, -1.9308445248113482
11.5, 8.43808777862586e-7, 0.9529633804608372, -1.9299077401717963
11.6, 8.040250747465895e-7, 0.9528896766218243, -1.9289715765329312
11.7, 7.661210880544269e-7, 0.9528217249574409, -1.9280364579353229
11.8, 7.300081457584731e-7, 0.9527590706235528, -1.9271028091800653
11.9, 6.956017282625563e-7, 0.9527012796702105, -1.9261710549423483
12.0, 6.628212771017908e-7, 0.9526479390443446, -1.9252416188645862
12.1, 6.315900121625464e-7, 0.9525986564866825, -1.9243149226368175
12.2, 6.018347571074574e-7, 0.9525530603347991, -1.9233913850648259
12.3, 5.734857726216284e-7, 0.9525107992433868, -1.9224714211359
12.4, 5.464765971728696e-7, 0.9524715418307541, -1.921555441084076
12.5, 5.207438949613245e-7, 0.9524349762617313, -1.9206438494630849
12.6, 4.962273107246053e-7, 0.9524008097752444, -1.9197370442298438
12.7, 4.728693311369061e-7, 0.952368768165094, -1.9188354158471896
12.8, 4.5061515249555105e-7, 0.9523385952207468, -1.9179393464080972
12.9, 4.294125544532245e-7, 0.9523100521363033, -1.9170492087895619
13.0, 4.0921177943228315e-7, 0.9522829168926555, -1.9161653658388988
13.1, 3.899654176628822e-7, 0.9522569836197374, -1.9152881695981345
13.2, 3.7162829738638754e-7, 0.9522320619442897, -1.9144179605728309
13.3, 3.54157380118151e-7, 0.9522079763271513, -1.9135550670451074
13.4, 3.3751166076530173e-7, 0.9521845653959162, -1.912699804438969
13.5, 3.216520722746424e-7, 0.9521616812755836, -1.9118524747389853
13.6, 3.0654139471823345e-7, 0.9521391889217783, -1.9110133659652622
13.7, 2.921441685497088e-7, 0.952116965460021, -1.9101827517068541
13.8, 2.7842661189215897e-7, 0.9520948995325709, -1.9093608907166364
13.9, 2.653565416455098e-7, 0.952072890656759, -1.9085480265667378
14.0, 2.529032982361782e-7, 0.9520508485967756, -1.9077443873678417
14.1, 2.4103767388125474e-7, 0.9520286927498027, -1.9069501855495499
14.2, 2.297318441812384e-7, 0.9520063515498328, -1.9061656177048016
14.3, 2.189593028809635e-7, 0.95198376188844, -1.9053908644950308
14.4, 2.0869479970978914e-7, 0.9519608685560298, -1.9046260906161763
14.5, 1.9891428104813131e-7, 0.9519376237018846, -1.903871444823419
14.6, 1.895948334553843e-7, 0.9519139863161069, -1.9031270600133323
14.7, 1.807146297665646e-7, 0.951889921732201, -1.9023930533604885
14.8, 1.7225287774616215e-7, 0.9518654011511478, -1.9016695265060912
14.9, 1.6418977113066275e-7, 0.9518404011877393, -1.90095656579557
15.0, 1.5650644299013572e-7, 0.951814903438294, -1.9002542425629787
15.1, 1.4918492124364172e-7, 0.9517888940698755, -1.8995626134575605
15.2, 1.4220808629666415e-7, 0.9517623634316706, -1.8988817208097069
15.3, 1.355596306490563e-7, 0.9517353056865604, -1.898211593033448
15.4, 1.2922402041347817e-7, 0.9517077184639936, -1.89755224506026
15.5, 1.231864586459437e-7, 0.9516796025331636, -1.8969036788026479
15.6, 1.1743285039064245e-7, 0.9516509614955577, -1.8962658836413324
15.7, 1.119497693926635e-7, 0.9516218014967395, -1.895638836935711
15.8, 1.0672442637142851e-7, 0.9515921309568299, -1.8950225045506977
15.9, 1.0174463879160083e-7, 0.9515619603186337, -1.8944168413987958
16.0, 9.699880205823668e-8, 0.9515313018129407, -1.893821791993612
16.1, 9.247586208929239e-8, 0.9515001692401905, -1.8932372910108008
16.2, 8.816528916133246e-8, 0.9514685777680731, -1.8926632638550656
16.3, 8.4057053022911e-8, 0.9514365437436599, -1.892099627227481
16.4, 8.014159914968375e-8, 0.9514040845206508, -1.8915462896948871
16.5, 7.64098261642257e-8, 0.9513712182989132, -1.8910031522533888
16.6, 7.285306428948347e-8, 0.9513379639781592, -1.8904701088890323
16.7, 6.946305485322325e-8, 0.9513043410224299, -1.8899470471286675
16.8, 6.6231930744345e-8, 0.9512703693373686, -1.8894338485835722
16.9, 6.315219780321288e-8, 0.9512360691570251, -1.8889303894796134
17.0, 6.021671710400226e-8, 0.9512014609413879, -1.8884365411764474
17.1, 5.7418688057936146e-8, 0.9511665652835036, -1.8879521706711655
17.2, 5.4751632345701834e-8, 0.951131402824873, -1.8874771410878837
17.3, 5.220937858630385e-8, 0.9510959941797131, -1.8870113121488814
17.4, 4.978604775653312e-8, 0.9510603598666048, -1.8865545406306674
17.5, 4.7476039286564405e-8, 0.951024520247255, -1.8861066808005378
17.6, 4.527401783251449e-8, 0.9509884954722718, -1.8856675848345756
17.7, 4.317490066185868e-8, 0.950952305432508, -1.8852371032173731
17.8, 4.117384565498511e-8, 0.9509159697169647, -1.8848150851219403
17.9, 3.926623986297477e-8, 0.9508795075752247, -1.8844013787696627
18.0, 3.744768862048592e-8, 0.9508429378848249, -1.8839958317715437
18.1, 3.571400516973025e-8, 0.9508062791235197, -1.8835982914491183
18.2, 3.4061200787002744e-8, 0.9507695493456242, -1.8832086051367407
18.3, 3.248547536592186e-8, 0.9507327661612379, -1.8828266204636936
18.4, 3.09832084631954e-8, 0.9506959467202195, -1.8824521856180005
18.5, 2.955095076145923e-8, 0.9506591076982911, -1.8820851495918487
18.6, 2.818541594038879e-8, 0.9506222652863356, -1.8817253624078323
18.7, 2.688347293783619e-8, 0.9505854351825972, -1.881372675329288
18.8, 2.5642138578005876e-8, 0.9505486325864612, -1.8810269410515343
18.9, 2.4458570547339038e-8, 0.9505118721952435, -1.880688013877614
19.0, 2.3330060712051375e-8, 0.9504751682022474, -1.8803557498777137
19.1, 2.2254028746263133e-8, 0.9504385342967717, -1.8800300070331575
19.2, 2.122801606949616e-8, 0.9504019836656084, -1.8797106453657977
19.3, 2.024968006933453e-8, 0.950365528996057, -1.8793975270523207
19.4, 1.9316788599689396e-8, 0.95032918247996, -1.8790905165265006
19.5, 1.8427214740838113e-8, 0.9502929558187788, -1.8787894805670429
19.6, 1.7578931814502666e-8, 0.9502568602298449, -1.8784942883743028
19.7, 1.6770008626082007e-8, 0.9502209064533933, -1.8782048116345842
19.8, 1.5998604943655183e-8, 0.9501851047599034, -1.8779209245742707
19.9, 1.526296718218214e-8, 0.9501494649587716, -1.877642504003014
20.0, 1.4561424302898687e-8, 0.950113996406941, -1.8773694293476155
20.1, 1.3892383903112073e-8, 0.9500787080179902, -1.8771015826765884
20.2, 1.3254328488650924e-8, 0.9500436082721437, -1.876838848716457
20.3, 1.264581193433862e-8, 0.9500087052258983, -1.8765811148601885
20.4, 1.2065456096765076e-8, 0.9499740065223422, -1.8763282711679872
20.5, 1.151194760513347e-8, 0.9499395194013661, -1.8760802103615706
20.6, 1.0984034794276845e-8, 0.9499052507103729, -1.875836827812641
20.7, 1.0480524786253695e-8, 0.9498712069146603, -1.87559802152461
20.8, 1.0000280711233866e-8, 0.9498373941080543, -1.875363692110101
20.9, 9.54221905842107e-9, 0.9498038180236676, -1.875133742762919
21.0, 9.105307157328864e-9, 0.9497704840444696, -1.8749080792265642
21.1, 8.688560773479906e-9, 0.9497373972137726, -1.874686609757771
21.2, 8.291041822984563e-9, 0.9497045622459516, -1.8744692450878582
21.3, 7.911856191415355e-9, 0.9496719835364936, -1.8742558983796902
21.4, 7.550151659399173e-9, 0.9496396651726715, -1.874046485183123
21.5, 7.205115925077155e-9, 0.9496076109432455, -1.8738409233872415
21.6, 6.875974722666606e-9, 0.9495758243490621, -1.8736391331708662
21.7, 6.561990027411071e-9, 0.9495443086122104, -1.8734410369515746
21.8, 6.262458346929392e-9, 0.9495130666862168, -1.87324655933295
21.9, 5.976709095278898e-9, 0.9494821012654365, -1.873055627050803
22.0, 5.704103039547377e-9, 0.949451414794114, -1.8728681689184163
22.1, 5.444030826039451e-9, 0.9494210094757158, -1.872684115771195
22.2, 5.195911572582729e-9, 0.9493908872817295, -1.8725034004113512
22.3, 4.959191527902639e-9, 0.9493610499604621, -1.8723259575513236
22.4, 4.7333427956190134e-9, 0.9493314990455387, -1.8721517237579586
22.5, 4.517862117917889e-9, 0.9493022358640356, -1.8719806373965946
22.6, 4.312269716499551e-9, 0.9492732615446601, -1.8718126385756808
22.7, 4.116108189383285e-9, 0.9492445770257071, -1.871647669091241
22.8, 3.928941459639436e-9, 0.9492161830626024, -1.871485672372419
22.9, 3.75035377291746e-9, 0.9491880802354188, -1.8713265934278505
23.0, 3.5799487449369146e-9, 0.9491602689561304, -1.8711703787922203
23.1, 3.4173484492732436e-9, 0.9491327494754654, -1.8710169764743956
23.2, 3.2621925531982e-9, 0.9491055218901856, -1.8708663359060993
23.3, 3.11413749232997e-9, 0.9490785861490721, -1.870718407891948
23.4, 2.9728556843302084e-9, 0.94905194206009, -1.8705731445604337
23.5, 2.838034778254354e-9, 0.9490255892960487, -1.870430499316535
23.6, 2.709376943105236e-9, 0.9489995274009552, -1.8702904267946785
23.7, 2.586598185524192e-9, 0.9489737557957844, -1.870152882814119
23.8, 2.4694277038015045e-9, 0.9489482737843343, -1.8700178243349344
23.9, 2.3576072695343975e-9, 0.9489230805582682, -1.8698852094156948
24.0, 2.250890637929578e-9, 0.9488981752030266, -1.8697549971721932
24.1, 2.1490429895464686e-9, 0.9488735567025252, -1.8696271477381576
24.2, 2.051840394356305e-9, 0.9488492239443971, -1.8695016222266008
24.3, 1.9590693044132382e-9, 0.9488251757246616, -1.8693783826935693
24.4, 1.870526067010435e-9, 0.9488014107523356, -1.869257392102104
24.5, 1.786016464093511e-9, 0.9487779276542023, -1.869138614289123
24.6, 1.705355270484353e-9, 0.9487547249788717, -1.8690220139319111
24.7, 1.6283658342188007e-9, 0.9487318012009933, -1.868907556517848
24.8, 1.55487967801263e-9, 0.9487091547255245, -1.8687952083139092
24.9, 1.484736116481011e-9, 0.948686783891409, -1.8686849363387101
25.0, 1.417781893699483e-9, 0.9486646869753168, -1.8685767083350515
25.1, 1.3538708367880472e-9, 0.9486428621957448, -1.8684704927444016
25.2, 1.2928635258060647e-9, 0.9486213077156652, -1.8683662586821388
25.3, 1.2346269788913593e-9, 0.9486000216467421, -1.86826397591442
25.4, 1.1790343540131488e-9, 0.9485790020520577, -1.8681636148359753
25.5, 1.1259646615901341e-9, 0.9485582469495832, -1.868065146449057
25.6, 1.0753024933592073e-9, 0.9485377543148706, -1.8679685423440537
25.7, 1.0269377623343303e-9, 0.948517522084285, -1.8678737746802199
25.8, 9.807654559327279e-10, 0.9484975481573491, -1.86778081616868
25.9, 9.366853999663387e-10, 0.9484778304001797, -1.8676896400550225
26.0, 8.946020335825687e-10, 0.9484583666471899, -1.8676002201046442
26.1, 8.544241958883091e-10, 0.9484391547042198, -1.8675125305869096
26.2, 8.16064921032561e-10, 0.9484201923505418, -1.8674265462619732
26.3, 7.794412441615186e-10, 0.9484014773416891, -1.8673422423679156
26.4, 7.444740154134905e-10, 0.9483830074109362, -1.8672595946078805
26.5, 7.110877229520951e-10, 0.9483647802719075, -1.8671785791392823
26.6, 6.792103252801276e-10, 0.9483467936205415, -1.867099172562748
26.7, 6.487730894144406e-10, 0.9483290451369376, -1.8670213519121734
26.8, 6.197104389164324e-10, 0.9483115324873891, -1.8669450946453303
26.9, 5.919598062793375e-10, 0.9482942533258775, -1.8668703786348457
27.0, 5.654614952440969e-10, 0.9482772052962231, -1.8667971821603129
27.1, 5.401585473181136e-10, 0.948260386033477, -1.8667254839003122
27.2, 5.159966146697775e-10, 0.9482437931653025, -1.8666552629250568
27.3, 4.929238403855612e-10, 0.9482274243140821, -1.8665864986899237
27.4, 4.708907431796681e-10, 0.9482112770976452, -1.8665191710283833
27.5, 4.498501072875353e-10, 0.9481953491312539, -1.8664532601467536
27.6, 4.2975687832750215e-10, 0.9481796380287716, -1.8663887466177957
27.7, 4.1056806324387144e-10, 0.9481641414035351, -1.8663256113756395
27.8, 3.9224263590720407e-10, 0.9481488568702158, -1.8662638357106096
27.9, 3.7474144566956643e-10, 0.9481337820453436, -1.866203401264309
28.0, 3.580271310626346e-10, 0.9481189145489153, -1.8661442900246834
28.1, 3.420640375863706e-10, 0.948104252005062, -1.8660864843218699
28.2, 3.2681813917930443e-10, 0.9480897920435427, -1.8660299668237035
28.3, 3.122569629949226e-10, 0.9480755322999412, -1.8659747205314348
28.4, 2.9834951816417307e-10, 0.9480614704172299, -1.8659207287756068
28.5, 2.8506622766385975e-10, 0.9480476040465509, -1.8658679752124314
28.6, 2.723788628098554e-10, 0.948033930847691, -1.8658164438191818
28.7, 2.6026048173380206e-10, 0.9480204484901108, -1.8657661188909938
28.8, 2.4868537007013034e-10, 0.9480071546537321, -1.8657169850366073
28.9, 2.376289850351135e-10, 0.9479940470294447, -1.8656690271748673
29.0, 2.270679010475795e-10, 0.9479811233198977, -1.8656222305304004
29.1, 2.1697975866073917e-10, 0.9479683812400719, -1.8655765806304396
29.2, 2.0734321566818624e-10, 0.9479558185181908, -1.8655320633007406
29.3, 1.9813790070140687e-10, 0.9479434328954548, -1.8654886646613795
29.4, 1.8934436831829215e-10, 0.9479312221275533, -1.865446371123644
29.5, 1.809440566924315e-10, 0.9479191839845801, -1.8654051693853153
29.6, 1.7291924743104986e-10, 0.9479073162516897, -1.8653650464272988
29.7, 1.652530265708355e-10, 0.947895616729266, -1.8653259895092358
29.8, 1.5792924804790996e-10, 0.9478840832337737, -1.8652879861657696
29.9, 1.5093249836346835e-10, 0.94787271359789, -1.8652510242020117
30.0, 1.4424806315102074e-10, 0.9478615056708404, -1.8652150916896308
30.1, 1.378618952436951e-10, 0.9478504573187513, -1.8651801769625487
30.2, 1.3176058413839362e-10, 0.9478395664251533, -1.865146268612651
30.3, 1.2593132711647098e-10, 0.9478288308908372, -1.865113355485338
30.4, 1.2036190122658298e-10, 0.9478182486346424, -1.8650814266750515
30.5, 1.1504063668990646e-10, 0.9478078175933942, -1.8650504715209444
30.6, 1.09956392244556e-10, 0.9477975357220525, -1.8650204796022336
30.7, 1.0509853038406498e-10, 0.9477874009942604, -1.8649914407334878
30.8, 1.004568947548166e-10, 0.9477774114021292, -1.8649633449602476
30.9, 9.602178830359317e-11, 0.9477675649567632, -1.8649361825540398
31.0, 9.178395195516186e-11, 0.947757859687998, -1.8649099440078307
31.1, 8.773454508138248e-11, 0.9477482936450984, -1.8648846200311198
31.2, 8.386512627559628e-11, 0.947738864896314, -1.864860201545348
31.3, 8.016763509288779e-11, 0.9477295715294237, -1.8648366796787992
31.4, 7.663437488595138e-11, 0.9477204116514213, -1.8648140457619709
31.5, 7.325799623406614e-11, 0.9477113833890399, -1.8647922913225103
31.6, 7.003148092101411e-11, 0.9477024848882942, -1.8647714080806133
31.7, 6.694812724904657e-11, 0.9476937143151001, -1.8647513879440656
31.8, 6.400153545135021e-11, 0.9476850698548278, -1.8647322230029721
31.9, 6.118559406325263e-11, 0.9476765497125663, -1.8647139055256359
32.0, 5.849446674000052e-11, 0.9476681521131463, -1.8646964279532456
32.1, 5.592257984116834e-11, 0.9476598753010826, -1.8646797828950015
32.2, 5.3464610500924036e-11, 0.9476517175404499, -1.8646639631236896
32.3, 5.1115475277277254e-11, 0.947643677115203, -1.8646489615706774
32.4, 4.887031932161941e-11, 0.9476357523287631, -1.8646347713212776
32.5, 4.672450583965721e-11, 0.9476279415042045, -1.8646213856099392
32.6, 4.4673606485235786e-11, 0.9476202429842888, -1.8646087978160242
32.7, 4.2713391805679765e-11, 0.9476126551310781, -1.8645970014588487
32.8, 4.0839822243048746e-11, 0.9476051763261846, -1.8645859901933093
32.9, 3.904903946454212e-11, 0.9475978049707366, -1.8645757578055153
33.0, 3.733735824416882e-11, 0.9475905394849827, -1.8645662982084459
33.1, 3.570125870001477e-11, 0.9475833783084612, -1.8645576054375446
33.2, 3.41373787205445e-11, 0.9475763199000828, -1.8645496736467244
33.3, 3.26425068166974e-11, 0.9475693627372942, -1.8645424971038749
33.4, 3.121357548223391e-11, 0.9475625053171246, -1.8645360701872837
33.5, 2.984765448541604e-11, 0.947555746155088, -1.864530387381155
33.6, 2.8541944814647702e-11, 0.9475490837854702, -1.8645254432723568
33.7, 2.7293772716263877e-11, 0.947542516761277, -1.8645212325459166
33.8, 2.6100584123289626e-11, 0.9475360436541125, -1.8645177499822216
33.9, 2.4959939066289053e-11, 0.9475296630537484, -1.8645149904525549
34.0, 2.3869506705007774e-11, 0.9475233735684728, -1.864512948916102
34.1, 2.2827060387131922e-11, 0.9475171738245655, -1.864511620416575
34.2, 2.1830472931440468e-11, 0.9475110624664062, -1.8645110000786984
34.3, 2.087771217951926e-11, 0.9475050381561654, -1.8645110831051916
34.4, 1.996683650622566e-11, 0.947499099573864, -1.864511864773581
34.5, 1.909599115935899e-11, 0.9474932454171576, -1.8645133404332916
34.6, 1.8263404048926878e-11, 0.9474874744009156, -1.8645155055026341
34.7, 1.7467382126870933e-11, 0.9474817852575538, -1.864518355466106
34.8, 1.6706307816189593e-11, 0.9474761767365607, -1.8645218858718904
34.9, 1.5978635517107307e-11, 0.9474706476044855, -1.8645260923289855
35.0, 1.528288871615503e-11, 0.9474651966446765, -1.8645309705045414
35.1, 1.4617656445008365e-11, 0.947459822657209, -1.8645365161222835
35.2, 1.398159060482165e-11, 0.9474545244587473, -1.8645427249591409
35.3, 1.3373403163042701e-11, 0.9474493008823264, -1.8645495928439397
35.4, 1.279186333098492e-11, 0.9474441507771934, -1.8645571156544911
35.5, 1.2235795009626517e-11, 0.9474390730086752, -1.86456528931672
35.6, 1.170407446813623e-11, 0.9474340664579848, -1.8645741098013513
35.7, 1.1195627903697475e-11, 0.947429130022322, -1.8645835731231502
35.8, 1.070942918526159e-11, 0.9474242626140296, -1.8645936753388184
35.9, 1.0244497749885387e-11, 0.9474194631613597, -1.8646044125449064
36.0, 9.799896549600504e-12, 0.9474147306075194, -1.8646157808769557
36.1, 9.374730219300669e-12, 0.9474100639109816, -1.864627776507563
36.2, 8.96814299115981e-12, 0.9474054620449783, -1.8646403956449928
36.3, 8.579317158048347e-12, 0.9474009239977583, -1.8646536345318157
36.4, 8.207471212932829e-12, 0.9473964487720227, -1.8646674894438724
36.5, 7.851858270918802e-12, 0.9473920353849692, -1.8646819566886697
36.6, 7.511764575967879e-12, 0.9473876828680735, -1.864697032604438
36.7, 7.1865079888548935e-12, 0.9473833902669574, -1.8647127135592552
36.8, 6.8754365106567e-12, 0.9473791566411768, -1.8647289959495286
36.9, 6.577927033422527e-12, 0.9473749810640303, -1.8647458761995226
37.0, 6.29338402806477e-12, 0.9473708626225869, -1.8647633507602106
37.1, 6.02123832802051e-12, 0.947366800417283, -1.8647814161083507
37.2, 5.760945870618701e-12, 0.9473627935618759, -1.8648000687462047
37.3, 5.51198666628263e-12, 0.9473588411832784, -1.8648193051999855
37.4, 5.273863744748006e-12, 0.9473549424213759, -1.8648391220197482
37.5, 5.046102055211264e-12, 0.9473510964289806, -1.8648595157787127
37.6, 4.828247467510929e-12, 0.9473473023714172, -1.8648804830724017
37.7, 4.619866004081087e-12, 0.9473435594265819, -1.8649020205183047
37.8, 4.420542748069362e-12, 0.9473398667849243, -1.864924124755158
37.9, 4.229881131528262e-12, 0.9473362236486906, -1.864946792442661
38.0, 4.047502085728604e-12, 0.9473326292324529, -1.8649700202608956
38.1, 3.873043189286065e-12, 0.9473290827625961, -1.8649938049098669
38.2, 3.706158024038477e-12, 0.9473255834772271, -1.8650181431092336
38.3, 3.546515459747296e-12, 0.9473221306261059, -1.8650430315978381
38.4, 3.393798918377029e-12, 0.9473187234702761, -1.865068467133481
38.5, 3.2477057760916757e-12, 0.9473153612822852, -1.8650944464926107
38.6, 3.107946716200403e-12, 0.9473120433454866, -1.8651209664696666
38.7, 2.974245144978014e-12, 0.9473087689545291, -1.8651480238776044
38.8, 2.846336616721623e-12, 0.9473055374146491, -1.8651756155467007
38.9, 2.7239683662888883e-12, 0.947302348041992, -1.865203738324981
39.0, 2.6068986940416946e-12, 0.9472992001630305, -1.8652323890780464
39.1, 2.4948965196023753e-12, 0.9472960931148628, -1.8652615646881603
39.2, 2.3877409337948414e-12, 0.9472930262445796, -1.8652912620549715
39.3, 2.285220710902834e-12, 0.9472899989096785, -1.8653214780946943
39.4, 2.1871339099225472e-12, 0.9472870104773524, -1.8653522097401294
39.5, 2.0932874427421246e-12, 0.9472840603249076, -1.8653834539408265
39.6, 2.003496678792228e-12, 0.9472811478391243, -1.865415207662543
39.7, 1.9175850850426064e-12, 0.9472782724164095, -1.8654474678871702
39.8, 1.8353839018830218e-12, 0.9472754334627225, -1.8654802316126728
39.9, 1.7567317191183612e-12, 0.9472726303931323, -1.8655134958531832
40.0, 1.681474233367795e-12, 0.9472698626320862, -1.8655472576385357
40.1, 1.6094638685991889e-12, 0.9472671296128254, -1.865581514014285
40.2, 1.540559524654738e-12, 0.9472644307777748, -1.8656162620418306
40.3, 1.4746262928857146e-12, 0.9472617655778921, -1.8656514987978523
40.4, 1.4115351434525479e-12, 0.9472591334729646, -1.8656872213747382
40.5, 1.3511626891975756e-12, 0.9472565339311748, -1.8657234268798382
40.6, 1.293390932753014e-12, 0.9472539664291849, -1.865760112436297
40.7, 1.2381070621379025e-12, 0.947251430452031, -1.8657972751818324
40.8, 1.1852031669308768e-12, 0.9472489254927436, -1.8658349122696405
40.9, 1.1345760540315179e-12, 0.9472464510525259, -1.865873020867627
41.0, 1.0861270425489261e-12, 0.9472440066404872, -1.8659115981586876
41.1, 1.0397617777703553e-12, 0.9472415917733644, -1.8659506413404225
41.2, 9.953899708329325e-13, 0.9472392059759198, -1.8659901476251186
41.3, 9.52925326623807e-13, 0.947236848780241, -1.866030114239561
41.4, 9.122852845744337e-13, 0.9472345197260905, -1.866070538425132
41.5, 8.733908886880257e-13, 0.9472322183603469, -1.8661114174373985
41.6, 8.361666376723893e-13, 0.9472299442373905, -1.866152748546316
41.7, 8.00540273415203e-13, 0.9472276969184821, -1.8661945290358233
41.8, 7.664427401619405e-13, 0.9472254759721658, -1.866236756204036
41.9, 7.338079583730586e-13, 0.9472232809738432, -1.8662794273629042
42.0, 7.025727390396537e-13, 0.9472211115056233, -1.866322539838114
42.1, 6.726766198430885e-13, 0.9472189671564282, -1.866366090969168
42.2, 6.440617894837481e-13, 0.9472168475218897, -1.8664100781089645
42.3, 6.166729459894838e-13, 0.9472147522039248, -1.8664544986238805
42.4, 5.904571878250305e-13, 0.9472126808112128, -1.8664993498936056
42.5, 5.6536391248023e-13, 0.9472106329584471, -1.866544629310952
42.6, 5.413447299707301e-13, 0.9472086082666364, -1.866590334281783
42.7, 5.183533207047237e-13, 0.9472066063630811, -1.8666364622248584
42.8, 4.9634538949045e-13, 0.9472046268808203, -1.8666830105716454
42.9, 4.75278582886434e-13, 0.9472026694592391, -1.8667299767662269
43.0, 4.55112355284818e-13, 0.9472007337431858, -1.8667773582652585
43.1, 4.358079558543321e-13, 0.9471988193835343, -1.8668251525375272
43.2, 4.173282743126367e-13, 0.9471969260366913, -1.866873357063931
43.3, 3.9963783379378234e-13, 0.9471950533647574, -1.8669219693378172
43.4, 3.8270267778981556e-13, 0.9471932010352747, -1.8669709868638842
43.5, 3.6649034355939746e-13, 0.9471913687211676, -1.8670204071588004
43.6, 3.5096974850856773e-13, 0.9471895561008338, -1.8670702277507685
43.7, 3.36111177830101e-13, 0.9471877628577751, -1.8671204461792796
43.8, 3.218861861499896e-13, 0.9471859886807905, -1.8671710599951228
43.9, 3.0826756944102203e-13, 0.9471842332636226, -1.8672220667600574
44.0, 2.952292947541371e-13, 0.9471824963051173, -1.8672734640469537
44.1, 2.827464534336816e-13, 0.9471807775090397, -1.8673252494392507
44.2, 2.707952101029399e-13, 0.9471790765840259, -1.8673774205309022
44.3, 2.5935277148844234e-13, 0.9471773932435421, -1.8674299749265357
44.4, 2.4839732045417134e-13, 0.9471757272054836, -1.867482910240613
44.5, 2.3790798508490836e-13, 0.9471740781927732, -1.8675362240981317
44.6, 2.2786478626579355e-13, 0.947172445932634, -1.867589914133623
44.7, 2.1824862202401564e-13, 0.9471708301568094, -1.8676439779915586
44.8, 2.0904120609188842e-13, 0.9471692306014795, -1.867698413325913
44.9, 2.002250341816304e-13, 0.9471676470071766, -1.86775321780003
45.0, 1.9178336340770997e-13, 0.9471660791187784, -1.8678083890865935
45.1, 1.837001737619413e-13, 0.9471645266851861, -1.8678639248673006
45.2, 1.7596013034278417e-13, 0.9471629894596075, -1.8679198228327778
45.3, 1.6854856999926763e-13, 0.9471614671992611, -1.8679760806822099
45.4, 1.6145145063967364e-13, 0.9471599596654869, -1.868032696123679
45.5, 1.546553280011201e-13, 0.947158466623244, -1.8680896668735043
45.6, 1.4814735017914894e-13, 0.9471569878417745, -1.8681469906562502
45.7, 1.4191521559498909e-13, 0.9471555230939073, -1.8682046652045035
45.8, 1.3594714856752355e-13, 0.9471540721563936, -1.8682626882589248
45.9, 1.3023187312598099e-13, 0.9471526348094516, -1.8683210575678868
46.0, 1.2475860579073557e-13, 0.9471512108371568, -1.868379770887368
46.1, 1.195170409660068e-13, 0.9471498000270525, -1.8684388259807958
46.2, 1.1449729469489668e-13, 0.9471484021703472, -1.8684982206188645
46.3, 1.0968990591273996e-13, 0.9471470170614947, -1.8685579525796037
46.4, 1.0508582683609771e-13, 0.9471456444985908, -1.8686180196477833
46.5, 1.0067639562468317e-13, 0.9471442842829186, -1.8686784196151776
46.6, 9.645333096566775e-14, 0.9471429362191514, -1.8687391502803632
46.7, 9.240869766516606e-14, 0.947141600115286, -1.8688002094482894
46.8, 8.853490585619644e-14, 0.9471402757822821, -1.8688615949304817
46.9, 8.48246874091132e-14, 0.9471389630345148, -1.8689233045447131
47.0, 8.127107995080769e-14, 0.9471376616892961, -1.868985336114807
47.1, 7.786743291908862e-14, 0.9471363715670986, -1.8690476874707955
47.2, 7.460736366339764e-14, 0.9471350924912977, -1.8691103564485232
47.3, 7.148477618709929e-14, 0.947133824288253, -1.8691733408895244
47.4, 6.849383044045431e-14, 0.9471325667872125, -1.8692366386410544
47.5, 6.562893649054347e-14, 0.9471313198202967, -1.8693002475558806
47.6, 6.288474758760078e-14, 0.947130083222465, -1.8693641654922073
47.7, 6.025613816474159e-14, 0.9471288568313417, -1.8694283903133397
47.8, 5.773820840395002e-14, 0.9471276404874777, -1.8694929198880184
47.9, 5.532626246681091e-14, 0.9471264340337758, -1.8695577520898228
48.0, 5.301580684788198e-14, 0.9471252373161013, -1.8696228847973804
48.1, 5.080253912142789e-14, 0.947124050182701, -1.8696883158940711
48.2, 4.86823462559513e-14, 0.9471228724845041, -1.8697540432682165
48.3, 4.665128122751025e-14, 0.9471217040748483, -1.8698200648125387
48.4, 4.4705572756532844e-14, 0.94712054480947, -1.8698863784244841
48.5, 4.284160715354465e-14, 0.9471193945466817, -1.8699529820059748
48.6, 4.1055929066882516e-14, 0.9471182531471927, -1.8700198734630284
48.7, 3.934522799832448e-14, 0.9471171204739405, -1.8700870507062384
48.8, 3.770632643841011e-14, 0.9471159963921989, -1.8701545116503437
48.9, 3.613619136506285e-14, 0.9471148807694978, -1.8702222542140592
49.0, 3.4631916708371044e-14, 0.9471137734758377, -1.8702902763202802
49.1, 3.319072153667344e-14, 0.9471126743829938, -1.8703585758958094
49.2, 3.180994021251629e-14, 0.9471115833652214, -1.8704271508713666
49.3, 3.04870214167119e-14, 0.9471105002988577, -1.8704959991813943
49.4, 2.9219523747432485e-14, 0.9471094250622064, -1.8705651187643888
49.5, 2.800510842504331e-14, 0.9471083575357337, -1.8706345075621913
49.6, 2.684153738205968e-14, 0.9471072976019039, -1.8707041635205472
49.7, 2.5726662759965245e-14, 0.9471062451452117, -1.8707740845885983
49.8, 2.4658434660925757e-14, 0.9471052000519657, -1.870844268719216
49.9, 2.3634886906671826e-14, 0.9471041622105741, -1.8709147138685744
50.0, 2.2654136536358883e-14, 0.9471031315113657, -1.8709854179965173
50.1, 2.1714383925424156e-14, 0.9471021078462033, -1.871056379066075
50.2, 2.0813902263518704e-14, 0.9471010911092599, -1.8711275950436221
50.3, 1.9951038662136774e-14, 0.947100081196075, -1.8711990638991234
50.4, 1.912420966668256e-14, 0.9470990780043543, -1.871270783605594
50.5, 1.8331897031979527e-14, 0.9470980814331391, -1.871342752139279
50.6, 1.7572651704488578e-14, 0.947097091383524, -1.8714149674798408
50.7, 1.6845084191529925e-14, 0.9470961077581771, -1.8714874276099518
50.8, 1.6147861903122895e-14, 0.9470951304613285, -1.8715601305157024
50.9, 1.5479711965860235e-14, 0.9470941593989978, -1.871633074186009
51.0, 1.48394118277094e-14, 0.9470931944787175, -1.8717062566131615
51.1, 1.422579258871867e-14, 0.9470922356095312, -1.87177967579259
51.2, 1.3637734310032299e-14, 0.9470912827023187, -1.8718533297226811
51.3, 1.3074164463372809e-14, 0.9470903356691336, -1.8719272164050322
51.4, 1.253405358322517e-14, 0.9470893944237248, -1.872001333844258
51.5, 1.2016420003328363e-14, 0.9470884588812492, -1.8720756800481588
51.6, 1.152032305740592e-14, 0.9470875289584891, -1.8721502530276235
51.7, 1.1044857432529665e-14, 0.9470866045734511, -1.8722250507964513
51.8, 1.0589158394088829e-14, 0.9470856856455554, -1.8723000713717357
51.9, 1.0152402275230103e-14, 0.9470847720957627, -1.8723753127735348
52.0, 9.733794867898872e-15, 0.9470838638462024, -1.872450773025014
52.1, 9.33257403184563e-15, 0.9470829608205431, -1.872526450152548
52.2, 8.948012893802673e-15, 0.9470820629435824, -1.8726023421854803
52.3, 8.579416444008455e-15, 0.9470811701415062, -1.8726784471564115
52.4, 8.226114097198259e-15, 0.9470802823418246, -1.8727547631009447
52.5, 7.887468731293539e-15, 0.9470793994731418, -1.8728312880580404
52.6, 7.562867103401416e-15, 0.9470785214653936, -1.8729080200696882
52.7, 7.25172665743773e-15, 0.9470776482497736, -1.8729849571810397
52.8, 6.953480880181112e-15, 0.9470767797585365, -1.8730620974406693
52.9, 6.667593563522387e-15, 0.9470759159252343, -1.8731394389002363
53.0, 6.393544857635596e-15, 0.9470750566845039, -1.8732169796145814
53.1, 6.130843806909741e-15, 0.9470742019721438, -1.873294717642142
53.2, 5.879017546276765e-15, 0.9470733517250122, -1.8733726510444704
53.3, 5.6376126517380815e-15, 0.9470725058810749, -1.8734507778864877
53.4, 5.4061947329308844e-15, 0.9470716643794796, -1.8735290962365632
53.5, 5.184346168975525e-15, 0.9470708271602095, -1.873607604166499
53.6, 4.971668808755277e-15, 0.9470699941646024, -1.8736862997514716
53.7, 4.7677806143482954e-15, 0.947069165334709, -1.873765181070268
53.8, 4.572315361227451e-15, 0.9470683406137381, -1.8738442462051457
53.9, 4.384923252413645e-15, 0.9470675199459379, -1.8739234932419448
54.0, 4.205269064975409e-15, 0.947066703276396, -1.8740029202701778
54.1, 4.033029508036028e-15, 0.9470658905512683, -1.874082525382899
54.2, 3.86789634024475e-15, 0.9470650817175895, -1.874162306676871
54.3, 3.709575823074882e-15, 0.9470642767233206, -1.8742422622528567
54.4, 3.5577840704829715e-15, 0.9470634755174111, -1.874322390215011
54.5, 3.412249764482753e-15, 0.947062678049649, -1.8744026886715808
54.6, 3.2727138201705872e-15, 0.9470618842706289, -1.8744831557346753
54.7, 3.1389271351855575e-15, 0.9470610941319173, -1.8745637895202023
54.8, 3.01064902693278e-15, 0.9470603075858566, -1.8746445881482336
54.9, 2.887652432281224e-15, 0.9470595245857345, -1.8747255497427318
55.0, 2.7697183743478667e-15, 0.9470587450855736, -1.8748066724317058
55.1, 2.656635901586475e-15, 0.947057969040204, -1.8748879543473576
55.2, 2.548205109153052e-15, 0.9470571964052531, -1.874969393626222
55.3, 2.4442325851806726e-15, 0.947056427137131, -1.8750509884087154
55.4, 2.3445335194360082e-15, 0.9470556611931742, -1.8751327368397974
55.5, 2.2489327046779424e-15, 0.9470548985310757, -1.8752146370687441
55.6, 2.157258920614604e-15, 0.9470541391098384, -1.8752966872490267
55.7, 2.069350576638475e-15, 0.9470533828887107, -1.875378885538842
55.8, 1.9850513950887085e-15, 0.947052629827833, -1.8754612301006817
55.9, 1.904212141086559e-15, 0.9470518798880502, -1.8755437191016837
56.0, 1.826688491423096e-15, 0.9470511330310442, -1.8756263507134865
56.1, 1.752344765210893e-15, 0.947050389218846, -1.8757091231125391
56.2, 1.6810499643699299e-15, 0.9470496484145248, -1.8757920344799062
56.3, 1.6126775425103053e-15, 0.9470489105815809, -1.8758750830014066
56.4, 1.5471063932276465e-15, 0.9470481756841068, -1.8759582668677866
56.5, 1.4842215073928575e-15, 0.9470474436871387, -1.8760415842746558
56.6, 1.4239124688338674e-15, 0.9470467145560735, -1.8761250334224886
56.7, 1.3660713606553143e-15, 0.9470459882570236, -1.8762086125167943
56.8, 1.3105977702941862e-15, 0.947045264756583, -1.8762923197681232
56.9, 1.2573928352442219e-15, 0.9470445440222118, -1.8763761533922123
57.0, 1.2063644590976004e-15, 0.9470438260215817, -1.8764601116098598
57.1, 1.1574220626126233e-15, 0.9470431107234278, -1.8765441926471909
57.2, 1.1104811080503853e-15, 0.9470423980965268, -1.8766283947355136
57.3, 1.0654580542637696e-15, 0.9470416881105214, -1.8767127161114916
57.4, 1.0222739270253164e-15, 0.9470409807355842, -1.8767971550171643
57.5, 9.808532005241872e-16, 0.9470402759423684, -1.876881709700157
57.6, 9.411237245439705e-16, 0.9470395737019821, -1.8769663784133734
57.7, 9.03015544320603e-16, 0.947038873986347, -1.8770511594153858
57.8, 8.664618379799777e-16, 0.9470381767674787, -1.877136050970461
57.9, 8.3139911315201555e-16, 0.9470374820182162, -1.8772210513483507
58.0, 7.977655049291564e-16, 0.9470367897116975, -1.877306158824617
58.1, 7.655032762285591e-16, 0.9470360998216898, -1.877391371680612
58.2, 7.345547717436351e-16, 0.9470354123223017, -1.8774766882034202
58.3, 7.048673158859799e-16, 0.9470347271882793, -1.8775621066861365
58.4, 6.763882075128381e-16, 0.9470340443946554, -1.8776476254277406
58.5, 6.490687028788391e-16, 0.9470333639170878, -1.8777332427329858
58.6, 6.228605248109479e-16, 0.9470326857315162, -1.8778189569130297
58.7, 5.977190117046459e-16, 0.9470320098143286, -1.8779047662847856
58.8, 5.735998905389077e-16, 0.9470313361425483, -1.8779906691715067
58.9, 5.504614739822798e-16, 0.9470306646933435, -1.8780766639025106
59.0, 5.282637166193649e-16, 0.947029995444494, -1.8781627488133688
59.1, 5.069676173503444e-16, 0.9470293283741068, -1.8782489222459797
59.2, 4.865362531164056e-16, 0.9470286634606851, -1.8783351825485597
59.3, 4.669339637809779e-16, 0.9470280006831816, -1.878421528075648
59.4, 4.481273767427893e-16, 0.9470273400209623, -1.8785079571881897
59.5, 4.300846587270042e-16, 0.9470266814535999, -1.8785944682536762
59.6, 4.127736295999748e-16, 0.9470260249611956, -1.878681059646102
59.7, 3.961649161634732e-16, 0.9470253705242064, -1.8787677297459284
59.8, 3.8022928696274864e-16, 0.9470247181233997, -1.8788544769403255
59.9, 3.649391411367849e-16, 0.9470240677398836, -1.8789412996230461
60.0, 3.5026877676049225e-16, 0.9470234193552702, -1.8790281961945663
60.1, 3.361922263666124e-16, 0.9470227729511685, -1.879115165062002
60.2, 3.2268545366604385e-16, 0.9470221285099406, -1.8792022046392993
60.3, 3.0972553158552593e-16, 0.9470214860140987, -1.8792893133472897
60.4, 2.972905607274363e-16, 0.9470208454463852, -1.8793764896135026
60.5, 2.8535811390950645e-16, 0.947020206790004, -1.879463731872463
60.6, 2.7390843233454336e-16, 0.9470195700284, -1.879551038565594
60.7, 2.6292196983345034e-16, 0.9470189351452785, -1.8796384081412232
60.8, 2.523794229643858e-16, 0.9470183021248161, -1.8797258390547724
60.9, 2.4226218830303976e-16, 0.9470176709513827, -1.8798133297686053
61.0, 2.3255390806359663e-16, 0.9470170416095267, -1.8799008787521907
61.1, 2.232374483305959e-16, 0.9470164140843153, -1.8799884844820272
61.2, 2.1429726708731595e-16, 0.9470157883609599, -1.8800761454419517
61.3, 2.0571745311118479e-16, 0.9470151644249111, -1.880163860122768
61.4, 1.974840624915295e-16, 0.9470145422619424, -1.8802516270224814
61.5, 1.8958264770328364e-16, 0.9470139218582208, -1.8803394446464288
61.6, 1.8199941420242076e-16, 0.9470133031999945, -1.8804273115071335
61.7, 1.747218861108604e-16, 0.9470126862738097, -1.880515226124494
61.8, 1.6773764550438622e-16, 0.947012071066533, -1.8806031870255326
61.9, 1.610347930214364e-16, 0.9470114575651992, -1.8806911927447425
62.0, 1.5460161144277899e-16, 0.947010845757104, -1.8807792418239546
62.1, 1.4842718010289322e-16, 0.9470102356299182, -1.8808673328124887
62.2, 1.4250134735058869e-16, 0.9470096271713134, -1.8809554642668398
62.3, 1.3681378765120677e-16, 0.9470090203693451, -1.8810436347511947
62.4, 1.3135508240490302e-16, 0.9470084152123251, -1.8811318428370107
62.5, 1.2611563108119135e-16, 0.9470078116886589, -1.8812200871032838
62.6, 1.2108700998317434e-16, 0.9470072097871368, -1.8813083661365904
62.7, 1.162604447659201e-16, 0.9470066094964712, -1.8813966785309075
62.8, 1.1162732741767291e-16, 0.9470060108060276, -1.881485022887786
62.9, 1.0718012682803074e-16, 0.9470054137049821, -1.8815733978164135
63.0, 1.0291187201968006e-16, 0.9470048181829468, -1.8816618019334201
63.1, 9.88145589410358e-17, 0.9470042242295517, -1.8817502338630865
63.2, 9.488172311748835e-17, 0.9470036318348214, -1.8818386922373973
63.3, 9.110651524193618e-17, 0.9470030409888404, -1.8819271756957314
63.4, 8.748291950261586e-17, 0.947002451681939, -1.8820156828852894
63.5, 8.400440267085076e-17, 0.9470018639046077, -1.8821042124608138
63.6, 8.066502847692645e-17, 0.9470012776475379, -1.882192763084855
63.7, 7.745935166847471e-17, 0.9470006929015613, -1.8822813334273818
63.8, 7.438221853841649e-17, 0.9470001096577766, -1.8823699221662857
63.9, 7.142782347915295e-17, 0.9469995279072854, -1.882458527986963
64.0, 6.859202146549613e-17, 0.9469989476415919, -1.8825471495826025
64.1, 6.586958335782135e-17, 0.946998368852064, -1.8826357856541458
64.2, 6.325591921374199e-17, 0.9469977915305889, -1.882724434910061
64.3, 6.074687185431495e-17, 0.9469972156690037, -1.8828130960667708
64.4, 5.833817151366888e-17, 0.9469966412592116, -1.882901767848203
64.5, 5.602570916859378e-17, 0.946996068293499, -1.8829904489861413
64.6, 5.380556234845895e-17, 0.9469954967641971, -1.8830791382200163
64.7, 5.167389846329834e-17, 0.9469949266636826, -1.8831678342970983
64.8, 4.962746954718743e-17, 0.9469943579847475, -1.8832565359722881
64.9, 4.7662573703024916e-17, 0.9469937907200133, -1.8833452420082606
65.0, 4.57760120034318e-17, 0.9469932248624461, -1.8834339511754268
65.1, 4.3964622076763684e-17, 0.9469926604050348, -1.8835226622518948
65.2, 4.2225577441645536e-17, 0.9469920973410781, -1.8836113740236475
65.3, 4.055574254780298e-17, 0.9469915356637241, -1.8837000852841368
65.4, 3.895254336053553e-17, 0.9469909753665684, -1.8837887948348686
65.5, 3.7413285604001805e-17, 0.9469904164431352, -1.8838775014847586
65.6, 3.5935105231827224e-17, 0.9469898588869748, -1.8839662040506635
65.7, 3.4515642986086667e-17, 0.946989302692141, -1.8840549013570485
65.8, 3.315286225531386e-17, 0.9469887478524414, -1.88414359223619
65.9, 3.1844251120289076e-17, 0.9469881943620088, -1.8842322755279521
66.0, 3.0587759723778466e-17, 0.9469876422148557, -1.8843209500799385
66.1, 2.938111608938027e-17, 0.946987091405387, -1.8844096147475051
66.2, 2.822235414976065e-17, 0.9469865419279785, -1.8844982683935587
66.3, 2.7109709331692505e-17, 0.9469859937771117, -1.8845869098888308
66.4, 2.6041232827344868e-17, 0.9469854469473615, -1.8846755381116467
66.5, 2.5015231514564688e-17, 0.9469849014335014, -1.8847641519478957
66.6, 2.403000764434666e-17, 0.9469843572304002, -1.884852750291233
66.7, 2.3083783027262803e-17, 0.9469838143328427, -1.8849413320428932
66.8, 2.2175069086124117e-17, 0.946983272735917, -1.8850298961117988
66.9, 2.1302436336987693e-17, 0.9469827324347398, -1.885118441414309
67.0, 2.0464468167906912e-17, 0.9469821934244462, -1.8852069668745928
67.1, 1.9659642003255698e-17, 0.9469816557005578, -1.8852954714242214
67.2, 1.8886917917237325e-17, 0.9469811192581541, -1.8853839540024375
67.3, 1.814462093942772e-17, 0.9469805840928793, -1.8854724135559202
67.4, 1.7431569670749797e-17, 0.9469800502002653, -1.8855608490390268
67.5, 1.6746726642628487e-17, 0.9469795175760388, -1.885649259413512
67.6, 1.608906476506222e-17, 0.9469789862158444, -1.8857376436486863
67.7, 1.545740322889671e-17, 0.9469784561155339, -1.8858260007212844
67.8, 1.4850815671581517e-17, 0.9469779272709867, -1.8859143296155993
67.9, 1.4268246378124705e-17, 0.9469773996782107, -1.8860026293232925
68.0, 1.3708799705497432e-17, 0.9469768733332001, -1.8860908988435003
68.1, 1.3171266853165386e-17, 0.9469763482321849, -1.8861791371827203
68.2, 1.2654958007123425e-17, 0.9469758243712785, -1.8862673433548225
68.3, 1.2158925374590677e-17, 0.94697530174677, -1.8863555163811203
68.4, 1.1682649567438452e-17, 0.946974780355053, -1.8864436552902655
68.5, 1.122511134170409e-17, 0.9469742601924508, -1.8865317591181099
68.6, 1.078569496445408e-17, 0.946973741255523, -1.8866198269079308
68.7, 1.036359388883405e-17, 0.9469732235408002, -1.8867078577103589
68.8, 9.95816368808586e-18, 0.9469727070449214, -1.8867958505830837
68.9, 9.568673627482362e-18, 0.9469721917644751, -1.886883804591131
69.0, 9.194392173179457e-18, 0.9469716776962885, -1.8869717188067245
69.1, 8.834823243438269e-18, 0.9469711648371385, -1.8870595923092854
69.2, 8.489534971914885e-18, 0.9469706531838289, -1.887147424185439
69.3, 8.15787765963335e-18, 0.9469701427333482, -1.88723521352888
69.4, 7.839239473469063e-18, 0.9469696334826504, -1.887322959440456
69.5, 7.533215001720428e-18, 0.9469691254287331, -1.8874106610280506
69.6, 7.239207074032703e-18, 0.9469686185686864, -1.8874983174066948
69.7, 6.956756796513916e-18, 0.9469681128997263, -1.8875859276984397
69.8, 6.68533589248179e-18, 0.9469676084189965, -1.8876734910322959
69.9, 6.424516844260871e-18, 0.9469671051237113, -1.8877610065442223
70.0, 6.1739031186948445e-18, 0.9469666030110568, -1.8878484733772773
70.1, 5.9332542231607205e-18, 0.9469661020785874, -1.8879358906813717
70.2, 5.702022402605615e-18, 0.9469656023235563, -1.8880232576132416
70.3, 5.480107917463037e-18, 0.9469651037434326, -1.888110573336661
70.4, 5.266831796645244e-18, 0.946964606335692, -1.8881978370221082
70.5, 5.061797376015788e-18, 0.946964110097826, -1.8882850478469446
70.6, 4.864702673626543e-18, 0.9469636150273647, -1.8883722049953253
70.7, 4.675378658717286e-18, 0.9469631211220126, -1.8884593076581806
70.8, 4.4934746012949966e-18, 0.9469626283794282, -1.8885463550330843
70.9, 4.318742870296164e-18, 0.9469621367971406, -1.8886333463243827
71.0, 4.150884142191166e-18, 0.9469616463730461, -1.888720280743081
71.1, 3.9895685704488695e-18, 0.9469611571048194, -1.8888071575068752
71.2, 3.834521389919009e-18, 0.946960668990233, -1.8888939758399714
71.3, 3.6856529868509485e-18, 0.9469601820272339, -1.888980734973249
71.4, 3.5426851957006804e-18, 0.9469596962135592, -1.889067434144088
71.5, 3.4052192179309966e-18, 0.946959211547225, -1.8891540725964229
71.6, 3.273086254975362e-18, 0.9469587280261654, -1.8892406495806435
71.7, 3.146107724048405e-18, 0.9469582456482739, -1.8893271643536567
71.8, 3.024031164252229e-18, 0.9469577644116572, -1.8894136161787016
71.9, 2.906721185267935e-18, 0.9469572843143041, -1.8895000043255354
72.0, 2.7940678101102226e-18, 0.9469568053542522, -1.889586328070221
72.1, 2.685802325576188e-18, 0.9469563275296539, -1.8896725866950979
72.2, 2.5817959597188066e-18, 0.9469558508386088, -1.8897587794889341
72.3, 2.481912248003012e-18, 0.946955375279189, -1.8898449057466349
72.4, 2.3857838124178105e-18, 0.9469549008497977, -1.8899309647694655
72.5, 2.29353179066858e-18, 0.9469544275484257, -1.890016955864832
72.6, 2.2047783934679926e-18, 0.9469539553734158, -1.8901028783463591
72.7, 2.1195052212910578e-18, 0.9469534843229951, -1.8901887315337247
72.8, 2.0376107420591216e-18, 0.9469530143954548, -1.8902745147527724
72.9, 1.9588447488017754e-18, 0.9469525455890742, -1.890360227335478
73.0, 1.8831246111147093e-18, 0.9469520779022136, -1.8904458686198193
73.1, 1.810377509606981e-18, 0.9469516113332046, -1.8905314379497593
73.2, 1.740508375605504e-18, 0.9469511458804358, -1.8906169346752533
73.3, 1.673239956288865e-18, 0.946950681542284, -1.8907023581522524
73.4, 1.6086421131732547e-18, 0.9469502183172894, -1.8907877077426176
73.5, 1.5466695301184614e-18, 0.9469497562037046, -1.8908729828139845
73.6, 1.4870154102687476e-18, 0.946949295200106, -1.890958182739964
73.7, 1.429690336645308e-18, 0.9469488353048786, -1.8910433068999637
73.8, 1.3746229185203023e-18, 0.9469483765166098, -1.8911283546791509
73.9, 1.3215896771174387e-18, 0.9469479188336736, -1.8912133254684247
74.0, 1.2706555622565751e-18, 0.9469474622548077, -1.8912982186644107
74.1, 1.2217659843935256e-18, 0.946947006778364, -1.8913830336695199
74.2, 1.1748044679996538e-18, 0.9469465524029982, -1.8914677698916476
74.3, 1.129624962440983e-18, 0.9469460991272086, -1.8915524267444845
74.4, 1.0861859055023184e-18, 0.946945646949735, -1.8916370036471801
74.5, 1.04433995587995e-18, 0.9469451958690016, -1.8917215000244625
74.6, 1.0041732053629936e-18, 0.946944745883787, -1.8918059153066367
74.7, 9.655492865989895e-19, 0.9469442969926217, -1.8918902489294893
74.8, 9.284448325676949e-19, 0.9469438491941351, -1.8919745003341994
74.9, 8.927233386905942e-19, 0.9469434024870327, -1.8920586689674397
75.0, 8.584159275160078e-19, 0.9469429568700222, -1.8921427542812221
75.1, 8.254213590962594e-19, 0.9469425123416577, -1.8922267557330148
75.2, 7.9377080118968555e-19, 0.946942068900808, -1.892310672785453
75.3, 7.632886821371102e-19, 0.9469416265460374, -1.8923945049066417
75.4, 7.339938741787944e-19, 0.9469411852762029, -1.8924782515697678
75.5, 7.059021582293657e-19, 0.9469407450898114, -1.8925619122534618
75.6, 6.788530674197413e-19, 0.9469403059857701, -1.8926454864413778
75.7, 6.528490047967998e-19, 0.9469398679627382, -1.8927289736223682
75.8, 6.277966620339032e-19, 0.9469394310195408, -1.8928123732904902
75.9, 6.036799557113893e-19, 0.9469389951548941, -1.8928956849448144
76.0, 5.805999962239966e-19, 0.9469385603675211, -1.8929789080895794
76.1, 5.584574102687704e-19, 0.9469381266562668, -1.8930620422339648
76.2, 5.370677073011108e-19, 0.9469376940199217, -1.8931450868922037
76.3, 5.1647888591194e-19, 0.9469372624572169, -1.8932280415835188
76.4, 4.966783807554029e-19, 0.9469368319669441, -1.8933109058319841
76.5, 4.776380158528689e-19, 0.9469364025479945, -1.893393679166749
76.6, 4.593995766561351e-19, 0.9469359741990889, -1.8934763611216479
76.7, 4.419109841836349e-19, 0.9469355469191236, -1.893558951235533
76.8, 4.2509022075517037e-19, 0.946935120706825, -1.893641449051946
76.9, 4.088467290311111e-19, 0.9469346955610934, -1.8937238541193377
77.0, 3.9322095627133865e-19, 0.9469342714807334, -1.8938061659907888
77.1, 3.782064690056798e-19, 0.946933848464541, -1.8938883842241945
77.2, 3.6373509028467227e-19, 0.9469334265113976, -1.8939705083821399
77.3, 3.4988044398995436e-19, 0.9469330056201459, -1.894052538031747
77.4, 3.3657018988104425e-19, 0.9469325857897096, -1.8941344727448923
77.5, 3.237814898508922e-19, 0.946932167018657, -1.8942163120981077
77.6, 3.114573470114878e-19, 0.9469317493062337, -1.8942980556723545
77.7, 2.995809871885541e-19, 0.946931332650972, -1.8943797030531733
77.8, 2.8815626140786875e-19, 0.9469309170519221, -1.8944612538307022
77.9, 2.7717076921378383e-19, 0.9469305025078668, -1.8945427075994385
78.0, 2.6665183656706233e-19, 0.9469300890176582, -1.894624063958394
78.1, 2.564866858093943e-19, 0.9469296765802269, -1.8947053225110726
78.2, 2.4669513928707004e-19, 0.9469292651943226, -1.8947864828652266
78.3, 2.3733881169375286e-19, 0.9469288548589525, -1.8948675446330305
78.4, 2.2831762477148864e-19, 0.9469284455728751, -1.894948507431031
78.5, 2.1966493375177768e-19, 0.9469280373350164, -1.8950293708800712
78.6, 2.1132594548678534e-19, 0.9469276301441649, -1.895110134605214
78.7, 2.0329388393739268e-19, 0.9469272239993799, -1.8951907982358618
78.8, 1.955302564428425e-19, 0.9469268188993856, -1.8952713614055123
78.9, 1.8815411375320446e-19, 0.9469264148430425, -1.8953518237519407
79.0, 1.8104240177610802e-19, 0.9469260118293198, -1.8954321849171236
79.1, 1.741556867785853e-19, 0.9469256098569225, -1.8955124445470575
79.2, 1.675804458119306e-19, 0.9469252089249615, -1.8955926022918819
79.3, 1.6128134160644644e-19, 0.9469248090320633, -1.89567265780592
79.4, 1.551802325936954e-19, 0.9469244101773203, -1.8957526107473819
79.5, 1.493264753838543e-19, 0.9469240123594237, -1.895832460778575
79.6, 1.4365828311893598e-19, 0.9469236155773217, -1.8959122075658807
79.7, 1.3821977344915265e-19, 0.9469232198298926, -1.8959918507795095
79.8, 1.3295123670138714e-19, 0.9469228251159951, -1.8960713900937234
79.9, 1.2791972938606645e-19, 0.9469224314344739, -1.8961508251866084
80.0, 1.2312490742008267e-19, 0.9469220387841777, -1.8962301557401877
