flowtime, wM2R1, wM2R2, wM2R3, wM2R4, wM2R5, wM2R6, wM2R7, wM2R8, wM2R9, wM2R10, wM2R11, wM2R12, wM2R13, wM2R14, wM2R15
0.0, 0.4746566969337376, 0.460116986319644, 0.4002845794865959, 0.40661340282497577, 0.37766252655125876, 0.3819273633073817, 0.3844998103533244, 0.4661909434230854, 0.41681514677587833, 0.46826059213577376, 0.4267891378322106, 0.4722238788123443, 0.4732316366443048, 0.4746225567719279, 0.46381240403496166
0.1, 0.501374531715978, 0.49736200018277454, 0.46019699566306416, 0.47474316077742607, 0.4612363952001626, 0.4584772775679711, 0.4512741395455638, 0.4974304613486048, 0.4845228575039084, 0.49623935014363735, 0.4753087647708512, 0.498751170075093, 0.5006218128211295, 0.501580615078629, 0.49710499415529935
0.2, 0.506762643723686, 0.5037676850078076, 0.46908636585316826, 0.48592920099504927, 0.479589904158303, 0.4726801691475062, 0.4681072932500746, 0.5044139034107042, 0.49840281716271423, 0.5012974636165731, 0.48204468426336555, 0.5032590333246041, 0.5067798991328029, 0.5071626261761489, 0.5038631164726521
0.3, 0.5044225426172136, 0.5010199478643551, 0.46519818800426865, 0.4827208800000566, 0.4809731728664122, 0.4709541294883626, 0.4696229524139025, 0.5026741885229152, 0.49878682972591676, 0.4984334267624882, 0.47784938184508247, 0.4998896934670653, 0.505061491078295, 0.5049921480805347, 0.5017146087566483
0.4, 0.4981707371619237, 0.4939959448819209, 0.45567625386447774, 0.4730292756658616, 0.4753030205851767, 0.46257810679767697, 0.46377710742898287, 0.49641493644348633, 0.493174313996621, 0.4916219203076624, 0.4688266426299637, 0.4924403727744507, 0.49932770526009246, 0.49893489610141534, 0.4949507647699874
0.5, 0.48941199449481454, 0.4842764291837262, 0.4428044552678955, 0.45940724916918035, 0.4654872311618357, 0.45064758943167726, 0.453509337985111, 0.487114675196286, 0.4838719761529559, 0.48230111996135855, 0.4568874802093088, 0.48224056422560835, 0.49102530629360225, 0.49042071040950086, 0.4850250131710972
0.6, 0.4787413596102222, 0.4724566142352869, 0.4275316098583241, 0.44297917420794936, 0.45252048504255576, 0.43638686513091274, 0.4400853389037764, 0.47531459233228496, 0.47171598808076876, 0.47108000625048363, 0.44277633176213554, 0.46980268428248984, 0.48077059193324445, 0.48006516072588273, 0.47247966487276144
0.7, 0.46645762022938386, 0.45879765500841263, 0.4103685437335482, 0.4244185315369988, 0.4368075646719891, 0.4203167268337438, 0.42415772135076074, 0.4612095158071439, 0.4570497001297675, 0.45826748984816235, 0.4268547328908838, 0.4553481930893527, 0.4688717576994516, 0.46819091866433665, 0.4575517330460353
0.8, 0.4527476542976448, 0.44345363381812125, 0.3916784894012629, 0.404250640367276, 0.4186380398603955, 0.40267897521304163, 0.4061790674787588, 0.4448851876133783, 0.4400689816053986, 0.44405922169374057, 0.4093631684861168, 0.4390074555885482, 0.4555190816351704, 0.45501623307917405, 0.44041222477537534
0.9, 0.437754289803774, 0.4265614247826265, 0.37177682964528813, 0.38293814639064294, 0.3983598968373874, 0.38361463953104225, 0.38656791398554324, 0.4264386415663078, 0.4209685607796753, 0.4286057957430499, 0.39051888515708383, 0.420909884610691, 0.44085560885137576, 0.4407256844937954, 0.4212737769887019
1.0, 0.42160051031492396, 0.40827977200647564, 0.3509626735091894, 0.3608922767093693, 0.3763955824322305, 0.3632457332118109, 0.36575998879475885, 0.4060515123119595, 0.40000725252242625, 0.4120375505838169, 0.37055222328241727, 0.40123185416948237, 0.4250024205282664, 0.42549619906988045, 0.40043038113025176
1.1, 0.40439751209952585, 0.3888048815068773, 0.3295244897894715, 0.3384658277437823, 0.3531850240902701, 0.34171370791878947, 0.34419877611940186, 0.38402393799708023, 0.377523914948071, 0.3944740374261165, 0.34971533276625955, 0.3802189432603937, 0.4080666900269855, 0.4095048717660314, 0.37824822259687285
1.2, 0.38624863510026725, 0.3683710539536038, 0.3077359918085297, 0.31594922280903764, 0.32913148728644254, 0.31919567575458757, 0.32230003556815157, 0.3607614297651118, 0.3539164722379889, 0.37602996062014193, 0.32827695961090836, 0.35818332463929076, 0.39014507314204694, 0.39292886560127427, 0.35512645356729444
1.3, 0.3672556529933578, 0.3472403660803369, 0.2858493076900015, 0.2935741077456004, 0.30458653368510763, 0.2959083141163687, 0.3004177154424653, 0.33672221112626705, 0.32960057711161933, 0.356823125510049, 0.3065111091137403, 0.33547902710369254, 0.3713296419233897, 0.37594178364501324, 0.33145314066226095
1.4, 0.34753075508447495, 0.3256858727752895, 0.2640890343452823, 0.2715219114553875, 0.2798651285452859, 0.27210536370697863, 0.2788268743650426, 0.31235328214117397, 0.30496927359329984, 0.3369861225553847, 0.28468469027867954, 0.31246590457544593, 0.35172072577610153, 0.3587086986685943, 0.307575666682101
1.5, 0.3272135195906537, 0.3039736336773582, 0.24264921947339532, 0.24993374502380547, 0.25526652017471035, 0.24807253418796182, 0.2577251298850389, 0.2880444151848848, 0.2803690072941034, 0.31667953110644315, 0.26304684683731444, 0.28947660524203517, 0.33144683173504386, 0.3413811037083363, 0.28379035291061605
1.6, 0.3064868340361466, 0.28234802506584417, 0.22169421956820717, 0.22891952920458888, 0.2310852003503661, 0.22412150130874472, 0.23724558979913427, 0.26411088712899533, 0.25609449811357565, 0.29610071581268194, 0.24182086915788037, 0.2667959943210706, 0.31068522115716973, 0.3240926035439985, 0.26034551197961103
1.7, 0.28558194416578386, 0.2610225339341964, 0.20136330392699495, 0.20856596038558275, 0.20760882035996744, 0.20058243489587785, 0.2174732820187019, 0.24079794368209784, 0.23239554797643985, 0.2754813441121821, 0.22119882638767194, 0.24465431311933022, 0.289670962930155, 0.3069559366078964, 0.23745002127549292
1.8, 0.2647651821417665, 0.24017595476945108, 0.18177780541828728, 0.18894385011506673, 0.1851070869768748, 0.17779305214802094, 0.19846026103578848, 0.21829461616927906, 0.20948708502958327, 0.25507076459028555, 0.20133899321022972, 0.22323003573314915, 0.26868395399767353, 0.29006179892383827, 0.21528214121359163
1.9, 0.24430825262873132, 0.2199526637511303, 0.16304871639799684, 0.17011541401443409, 0.16381753061958018, 0.1560824386687041, 0.18023791868933497, 0.196748091957111, 0.18755681229430546, 0.23510973765502097, 0.18236608229909512, 0.20265748461031735, 0.24801498944166436, 0.2734798510270757, 0.19399633401960595
2.0, 0.22445374565905957, 0.20046549240557773, 0.14528216151585516, 0.15214150820683725, 0.1439329786799001, 0.13574986450113638, 0.16282687749646046, 0.17627495963534104, 0.16676855398962184, 0.2158043268747862, 0.1643739217293937, 0.18303577933446452, 0.2279252230299002, 0.2572621029950475, 0.17372756246468177
2.1, 0.20538959504789484, 0.18180012511731083, 0.12858050756065673, 0.1350879473347897, 0.1255934628195234, 0.11704155091935935, 0.14624523326213842, 0.1569687571183133, 0.14726177031483403, 0.19730900004628157, 0.14742971868953217, 0.16443739248280198, 0.20861638764095708, 0.24144845226934275, 0.1545931342618524
2.2, 0.18723968572595492, 0.1640203578270938, 0.1130382134029448, 0.11902925291429957, 0.1088833227127976, 0.1001303257759175, 0.13051543110833205, 0.13890433087200704, 0.12914867200143032, 0.17972251432036174, 0.1315787708877258, 0.14691553911665534, 0.19022048837634675, 0.22607343890147663, 0.1366922916456944
2.3, 0.17006924534824577, 0.14717371645498623, 0.0987335572361323, 0.1040479181272865, 0.0938329861169726, 0.08510322403861441, 0.11566926989606309, 0.1221396267186483, 0.11251048841777102, 0.16309455595289418, 0.1168485979915302, 0.13050992341596754, 0.17280665396841197, 0.21117246962164282, 0.12010393128147609
2.4, 0.15389891365113367, 0.13129685453200018, 0.08571914433499735, 0.09022797626153446, 0.08042432891234906, 0.07196019975651172, 0.10174990937456009, 0.10671548305347928, 0.09739421551927713, 0.1474384072956776, 0.10325188226798025, 0.1152504401757814, 0.15639735594923804, 0.196785344576323, 0.1048832023794151
2.5, 0.1387212062584842, 0.11641999612122617, 0.07401458756143248, 0.07764344011429226, 0.06859840603899837, 0.06062403679519228, 0.08880972787899812, 0.09265408638319458, 0.08381084056616772, 0.13274503855905392, 0.09078811126452764, 0.10115861579347936, 0.1409866106402289, 0.18295547523338312, 0.09105809159207523
2.6, 0.12451513971733755, 0.10256966275718245, 0.06360372595011703, 0.06634444218652545, 0.05826444285169678, 0.05095858258137208, 0.07690369374126549, 0.07995692885371546, 0.07173569044351846, 0.11899544019191155, 0.07944421692921176, 0.08824695914698989, 0.12655557151178062, 0.1697248130514961, 0.0786272037741111
2.7, 0.11125695277900077, 0.08976915829650735, 0.05443691003605821, 0.05634539637354359, 0.049309140916973776, 0.04279072194668115, 0.06607937984756955, 0.06860320475880792, 0.06111118031130883, 0.10616951513012476, 0.0691947216236934, 0.07651685189187664, 0.11308348313193292, 0.1571264672081085, 0.06755966837605372
2.8, 0.09892636588149317, 0.07803678463563737, 0.0464372574911649, 0.04761911523652198, 0.04160553411275635, 0.03593151282973688, 0.05636616496475708, 0.058549469368923544, 0.05185183720036959, 0.09425100324683826, 0.06000193352955009, 0.06595593703058429, 0.10055360444932791, 0.14517806887389598, 0.05779753328761552
2.9, 0.0875087250430772, 0.06738237386910273, 0.03950898570678511, 0.04009858425447712, 0.0350208249776886, 0.030193259828418684, 0.047766689290103526, 0.049731050376864705, 0.04385106991916362, 0.08322871809750347, 0.051816620733315166, 0.05653602155071908, 0.0889546642914005, 0.13387846425923455, 0.049260374222337186
3.0, 0.07699391259819352, 0.05780321089090841, 0.03354597002692568, 0.03368528194029603, 0.029422835968736297, 0.0254011593598281, 0.04025290049146025, 0.042065249311907645, 0.03698884177767485, 0.07309491963240383, 0.044579388052931546, 0.04821228062328508, 0.07827898998074774, 0.12320871006987934, 0.041851368751751356
3.1, 0.06737319904028571, 0.04928058306432785, 0.028439213791743526, 0.02826104319050582, 0.024684913291847174, 0.02139972217065685, 0.03376742391182849, 0.03545594294343231, 0.031139278486530277, 0.06384194962165791, 0.03822274834475079, 0.04092413758729153, 0.06851874730967494, 0.11313665924094861, 0.035463881134902495
3.2, 0.05863527764586376, 0.041777971854955465, 0.024082573670896525, 0.023700158766828645, 0.020689301951521622, 0.01805508174364097, 0.02822933578012751, 0.02979891642166275, 0.026177352762316766, 0.05545831411018292, 0.03267368754326509, 0.03459774421450263, 0.05966173052035874, 0.10362346256518247, 0.0299876747900233
3.3, 0.050762575906508796, 0.035241399804052345, 0.020376622648876533, 0.019879329206456794, 0.017329149945325868, 0.015254555414343228, 0.02354240243510737, 0.02498718743669149, 0.021984078326825196, 0.04792523312565116, 0.027856417417967048, 0.02914963112442069, 0.05168786169964904, 0.0946302051989008, 0.025314122689904826
3.4, 0.04372862719468586, 0.029601863271029767, 0.01723086880455947, 0.01668443327506875, 0.014509385673524921, 0.012904670526309316, 0.01960369658072195, 0.020915694839387114, 0.018450004376570288, 0.04121436065441566, 0.023695003185765093, 0.024490914166419846, 0.04456710245835257, 0.08612332905392354, 0.02134010227886969
3.5, 0.03749690062836532, 0.024779309030627878, 0.014564696448891298, 0.014014174116654132, 0.012146745684573287, 0.010928544870097782, 0.016311006473361755, 0.017484953170958554, 0.015477112697068151, 0.035286998988324915, 0.020115621714296112, 0.020531438546399897, 0.03825899379432494, 0.0780780920296989, 0.017970542510089473
3.6, 0.03202111799561288, 0.020687365884743254, 0.012307414456455034, 0.01178127303271317, 0.010169219773111103, 0.00926318214761699, 0.013568222830069556, 0.014603528111297738, 0.012979416955682348, 0.030094776674609115, 0.017048310229774787, 0.017183374996459895, 0.03271364732976408, 0.0704798618242417, 0.01511978367144226
3.7, 0.02724680192589417, 0.01723803829827866, 0.010397744404019292, 0.00991204474862502, 0.008515142380026786, 0.007856983990571996, 0.011288581343796941, 0.012189397351739989, 0.010882638447950675, 0.025581491196646534, 0.014428167933737919, 0.01436398170938446, 0.02787377554343544, 0.06332345667796871, 0.012712006953327634
3.8, 0.02311363398657098, 0.014345747726330082, 0.008783003084701493, 0.008345086039566267, 0.007132108578524519, 0.006667605465603274, 0.009396083935500017, 0.010170392609659547, 0.009123314294319907, 0.02168566907699813, 0.01219605055806409, 0.011997444800012618, 0.023677270948921934, 0.05661101408559671, 0.010681009181114252
3.9, 0.01955815740492532, 0.011930371921101428, 0.007418156755500389, 0.007029606865065138, 0.005975841679318413, 0.005660177976216845, 0.007825605470003313, 0.008483970616065664, 0.007647624737623925, 0.018343369361162064, 0.010298843158514561, 0.01001586348914003, 0.020059886068900124, 0.05034899544611632, 0.00896956782641165
4.0, 0.016516413414906405, 0.00991919093282477, 0.006264860420620568, 0.005923732296695236, 0.0050090949906785006, 0.004805871018704435, 0.0065221884185795945, 0.007076553533047519, 0.00641014168171818, 0.015490826791453265, 0.008689412983301382, 0.008359536712511734, 0.016957676145098435, 0.04454493505283355, 0.007528589031429665
4.1, 0.013926214469549598, 0.008247840956135484, 0.005290547810021474, 0.004992948245247692, 0.004200635608947338, 0.004080743257100625, 0.00543992775892464, 0.005902638101507224, 0.005372623592484844, 0.013066657530443141, 0.007326340710979795, 0.006976740410672371, 0.014308998436334134, 0.039204446408781034, 0.0063161757440785326
4.2, 0.011728890791566372, 0.006860483474921804, 0.004467605084993397, 0.0042087613253136615, 0.003524333400922484, 0.003464829792859451, 0.0045407230152131215, 0.004923819932382926, 0.004502922440618572, 0.011013489965920205, 0.006173513783506052, 0.005823176039393745, 0.012055982847979395, 0.03432884891626518, 0.0052967045761429105
4.3, 0.00987046623151081, 0.005709427615872099, 0.0037726405385150818, 0.003547583741099371, 0.0029583620817939947, 0.002941417241403795, 0.0037930634040619364, 0.004107829174123191, 0.0037740280007926307, 0.009279002864823227, 0.005199647017090032, 0.004861239639037759, 0.010145480756669418, 0.029913613228568867, 0.004439962628147859
4.4, 0.00830230649604809, 0.004754423144889456, 0.00318585032915451, 0.0029898244763146573, 0.0024845094615674975, 0.0024964660173388393, 0.0031709301946176074, 0.0034276333427870403, 0.0031632505915203018, 0.007816435769661949, 0.004377777602632292, 0.004059222236212192, 0.00852955717770435, 0.025947672617152147, 0.0037203693037094463
4.5, 0.0069813328047347864, 0.003961796071097235, 0.0026904737756290836, 0.0025191566630929766, 0.0020875885914042346, 0.0021181473306519723, 0.00265284755481113, 0.0028606341101838776, 0.002651530848500625, 0.006584679733899811, 0.003684766232363588, 0.003390515980871832, 0.007165619324801264, 0.022413526737580052, 0.0031162912244078866
4.6, 0.005869912073530075, 0.0033035478795139382, 0.0022723288230394297, 0.002121929444893905, 0.001754939122129816, 0.0017964695862300786, 0.002221083088997928, 0.0023879660763994745, 0.002222860200464509, 0.005548067607674404, 0.003100824114911876, 0.00283287080991643, 0.006016279811881483, 0.019287980375075085, 0.0026094483856659097
4.7, 0.004935530478185218, 0.0027564942994196436, 0.0019194174938929752, 0.001786695672590034, 0.0014760075486485987, 0.0015229747688382282, 0.001860984626317136, 0.0019938946206323367, 0.0018637951095838118, 0.004675973184190093, 0.002609076914158997, 0.002367724692909986, 0.005049043748966001, 0.01654331491143839, 0.0021844044748158945
4.8, 0.004150340662261614, 0.002301484791336446, 0.0016215914897622775, 0.0015038313935753548, 0.001241995384294742, 0.001290490002063045, 0.0015604344517305775, 0.0016653043766338446, 0.001563049630382875, 0.003942308077538264, 0.002195170633137108, 0.001979615887070672, 0.004235893046267063, 0.014148682025229405, 0.001828132069007472
4.9, 0.0034906517672597314, 0.001922719908798048, 0.001370269012921314, 0.0012652277968311977, 0.0010455651959885076, 0.0010929229749698489, 0.0013094017557672905, 0.001391267698635484, 0.0013111530862266252, 0.0033249819830375583, 0.0018469205348796726, 0.001655676591902814, 0.003552823532096222, 0.012071531040573525, 0.0015296429973293503
5.0, 0.002936410931604783, 0.0016071686154900378, 0.0011581949802525692, 0.001064040412846165, 0.0008805955357770938, 0.0009250925578863255, 0.001099575916437556, 0.0011626822171737986, 0.0011001619447910482, 0.0028053706323855534, 0.00155400177227185, 0.0013852023623051137, 0.0029793741058941102, 0.010278923441951679, 0.0012796746602804093
5.1, 0.002470707524596476, 0.0013440791752339677, 0.0009792379122281487, 0.000894483747077861, 0.0007419769543970765, 0.0007825878868358691, 0.0009240658102657347, 0.0009719672849325568, 0.0009234169791330964, 0.002367818430324507, 0.0013076790217327627, 0.0011592892680598683, 0.0024981735473242083, 0.008738638961336245, 0.0010704240360539165
5.2, 0.002079318005332528, 0.0011245732184586154, 0.0008282178034112965, 0.0007516621780872829, 0.000625442384046755, 0.0006616506568224451, 0.0007771529347998637, 0.0008128102162231922, 0.0007753384415745101, 0.0019991899069105278, 0.001100571729712721, 0.0009705300643094874, 0.0020945201590304927, 0.007420027008349292, 0.0008953221693112715
5.3, 0.0017502997617062355, 0.0009413113286620432, 0.0007007601799261791, 0.0006314299892433108, 0.0005274261841912445, 0.000559076460902957, 0.0006540884068730443, 0.0006799544226881897, 0.0006512532756770419, 0.0016884752944750301, 0.0009264513357979331, 0.0008127608581827748, 0.0017560018977518428, 0.006294597835352427, 0.0007488429765546319
5.4, 0.0014736359567133243, 0.0007882187882249313, 0.0005931723168764041, 0.0005302749551926439, 0.00044494703732683705, 0.00047213184425444254, 0.0005509257995733919, 0.0005690226923051496, 0.0005472494092785866, 0.001426449932965744, 0.0007800668598708946, 0.0006808504624280697, 0.0014721595415894456, 0.005336376299103355, 0.000626341140205247
5.5, 0.0012409295285308443, 0.0006602611930956699, 0.0005023382333552317, 0.0004452210873742446, 0.00037551065835180175, 0.0003984843825354297, 0.00046438331722896083, 0.00047636988726849243, 0.00046005297535451554, 0.001205383970703025, 0.0006569954193766333, 0.000570525535441785, 0.0012341921878313324, 0.004522057305557164, 0.0005239146766835796
5.6, 0.0010451423533494116, 0.0005532610150104335, 0.00042562961953016124, 0.00037374705039247054, 0.00031702894719293337, 0.00033614359342507856, 0.00039173003739407695, 0.0003989602326464523, 0.00038692495326235536, 0.0010187972199389276, 0.0005535145029376565, 0.00047822555492488305, 0.001034702464157531, 0.0038310080620410996, 0.0004382884529857466
5.7, 0.0008803746118736323, 0.0004637475902249683, 0.0003608302959128995, 0.0003137174639076005, 0.00026775277949294757, 0.0002834108858869596, 0.0003306919316238477, 0.00033426513647764915, 0.00032557425247210905, 0.0008612534701516586, 0.00046649312239099974, 0.0004009825719389629, 0.0008674778485579508, 0.0032451610784116776, 0.00036671550375469225
5.8, 0.0007416791703722943, 0.00038883430908730757, 0.00030607217504138504, 0.00026332485449543676, 0.000226216106013657, 0.00023883706924545121, 0.000279374164930783, 0.0002801781358002538, 0.00027408470329704914, 0.0007281886374547257, 0.00039329926882963347, 0.00033632150207383, 0.0007273041122115187, 0.0027488363914279583, 0.00030689348279474264
5.9, 0.0006249059899343501, 0.00032611791377978926, 0.000259781004142236, 0.0002210404556112246, 0.00019118942970246385, 0.00020118620180104726, 0.00023619680906332126, 0.00023494411655092446, 0.00023085379404548737, 0.0006157675488452054, 0.0003317213930218967, 0.00028217741646742884, 0.0006098068956477654, 0.0023285241132480717, 0.00025689398545494097
6.0, 0.000526572008000804, 0.0002735957689536549, 0.00022063042538762002, 0.0001855723977869568, 0.00016164106125722704, 0.00016940476941885074, 0.00019984161947596727, 0.00019710042230283327, 0.00019454131458740398, 0.00052076473899983, 0.0002799019075530083, 0.0002368268980436773, 0.0005113176432799384, 0.0019726507765377476, 0.00021510281559834022
6.1, 0.0004437524630603312, 0.0002295977612103936, 0.00018750310744018907, 0.00015583010471879413, 0.000136704829656142, 0.00014259535769378526, 0.00016920794483111742, 0.00016542785997104736, 0.00016402634167260105, 0.0004404652606980836, 0.00023628096261135687, 0.00019883103551969678, 0.000428760449527024, 0.001671346041131791, 0.00018016955493423045
6.2, 0.000373990177232021, 0.00019273012792356357, 0.00015945788553984453, 0.0001308939284024718, 0.0001156531524739734, 0.0001199941239038573, 0.0001433761801110471, 0.00013890994087090668, 0.00013837123809351285, 0.0003725821124255814, 0.00019954897773682824, 0.0001669880505881214, 0.00035955674395262934, 0.0014162205962746878, 0.00015096503298146302
6.3, 0.000315219827731422, 0.00016182903617991025, 0.000135702003324526, 0.00010998922921217513, 9.787455967412773e-5, 0.00010095149237326498, 0.0001215774547157675, 0.00011669897237166179, 0.00011679154114228707, 0.0003151874348526191, 0.00016860661795106835, 0.00014029390403502888, 0.0003015451221169781, 0.0012001616462446562, 0.00012654550052776124
6.4, 0.000265704704768418, 0.00013592215039202922, 0.00011556768255505, 9.246424386665318e-5, 8.285492060737327e-5, 8.4915593360816e-5, 0.00010316847692416909, 9.80878470467745e-5, 9.863079007418634e-5, 0.0002666551080216364, 0.00014253108538066992, 0.00011790951570246653, 0.0002529139896800198, 0.0010171491127976397, 0.00010612248420786205
6.5, 0.00022398386190618697, 0.00011419676177216144, 9.849236063070606e-5, 7.7771193037373e-5, 7.016175279331897e-5, 7.141804470091791e-5, 8.761064508391507e-5, 8.248656973715352e-5, 8.333949118433725e-5, 0.00022561279114993195, 0.00012054775821459995, 9.913347130124642e-5, 0.0002121450175798656, 0.0008620934382193577, 8.90374495360192e-5
6.6, 0.00018882791500813564, 9.597332081087869e-5, 8.400203320429885e-5, 6.545016706955982e-5, 5.943109743184215e-5, 6.0061740144844915e-5, 7.445269134074718e-5, 6.940272436481325e-5, 7.045754593231782e-5, 0.00019090179118718098, 0.00010200634934900586, 8.337928493741232e-5, 0.00017796570081897027, 0.0007306944146882904, 7.474052822109217e-5
6.7, 0.0001592020416081204, 8.068342872529357e-5, 7.169722273927761e-5, 5.511539791853506e-5, 5.0356534422703326e-5, 5.0510361240816024e-5, 6.331625167150867e-5, 5.842521682612419e-5, 5.959957525544181e-5, 0.00016154343184383312, 8.636087923262824e-5, 7.015644730600977e-5, 0.00014930957176828027, 0.0006193195981860504, 6.277267596518185e-5
6.8, 0.00013423497983089158, 6.785151646861002e-5, 6.124116548220016e-5, 4.644358195780681e-5, 4.2679982224218846e-5, 4.2479372847562426e-5, 5.388386137778954e-5, 4.9210742243598295e-5, 5.044266442253687e-5, 0.0001367108298867033, 7.315286311585194e-5, 5.9054622065176335e-5, 0.00012528284260880887, 0.0005249004173614797, 5.2750721751715056e-5
6.9, 0.00011319303142950498, 5.707957904094957e-5, 5.234987071046258e-5, 3.916396491870803e-5, 3.618398785087046e-5, 3.572829786015871e-5, 4.588896205423321e-5, 4.14725179783887e-5, 4.271612982717275e-5, 0.00011570517808899612, 6.199720395064696e-5, 4.9730462084358814e-5, 0.00010513644347688269, 0.0004448439236472078, 4.4354850998727496e-5
7.0, 9.545824347894552e-5, 4.803444540038942e-5, 4.4783758665326465e-5, 3.304993924354071e-5, 3.068526191652225e-5, 3.0054095995748243e-5, 3.9107577664782996e-5, 3.497090122693491e-5, 3.619297405443044e-5, 9.793579162250721e-5, 5.2570360312661536e-5, 4.1896607291134074e-5, 8.824258648193054e-5, 0.000376958145986094, 3.731813470396592e-5
7.1, 8.051008358149578e-5, 4.0437155661824474e-5, 3.834062850079793e-5, 2.791193732475639e-5, 2.6029254700449033e-5, 2.5285495817112752e-5, 3.335137644243235e-5, 2.9505574372686385e-5, 3.068275017456511e-5, 8.290330323885162e-5, 4.460042552140353e-5, 3.5312500177221984e-5, 7.407512452953017e-5, 0.00031938913771361417, 3.141777639713539e-5
7.2, 6.79100391820354e-5, 3.4054091747957955e-5, 3.2849745912763125e-5, 2.3591432719503934e-5, 2.2085603249938378e-5, 2.127814958722828e-5, 2.846188409236198e-5, 2.4909034732643843e-5, 2.6025602079115858e-5, 7.018549767098842e-5, 3.785881108135944e-5, 2.9776716483593633e-5, 6.219309115189226e-5, 0.0002705679832151596, 2.6467799693908694e-5
7.3, 5.728866708779228e-5, 2.8689568567763074e-5, 2.8166872766916132e-5, 1.9955886361830047e-5, 1.8744307767952673e-5, 1.7910497854123964e-5, 2.4305654044822413e-5, 2.1041169763936362e-5, 2.2087286126602155e-5, 5.9425361734785126e-5, 3.2153275975629036e-5, 2.512055946468834e-5, 5.2226906390836915e-5, 0.00022916623400908676, 2.2312942696661857e-5
7.4, 4.833469815811824e-5, 2.4179642779546905e-5, 2.417008880851053e-5, 1.689449666669936e-5, 1.59125189804004e-5, 1.5080245483590869e-5, 2.0770233769792775e-5, 1.7784735705395193e-5, 1.8755011561691592e-5, 5.0320997248638126e-5, 2.732208439130173e-5, 2.1202708306176398e-5, 4.3866816926300474e-5, 0.00019405844660467695, 1.882356243867748e-5
7.5, 4.078586736799366e-5, 2.0386937333746334e-5, 2.07562791008322e-5, 1.4314631672870412e-5, 1.3511837666940227e-5, 1.2701363659754451e-5, 1.7760793660293958e-5, 1.5041588296438617e-5, 1.5933964101140045e-5, 4.2617102046301424e-5, 2.322910918513035e-5, 1.7904746267499894e-5, 3.6853208489954746e-5, 0.0001642906854365825, 1.5891383926884663e-5
7.6, 3.442119350867591e-5, 1.719631393990464e-5, 1.7838180803497487e-5, 1.2138838327969162e-5, 1.147604375545263e-5, 1.0701543515904944e-5, 1.5197307727743243e-5, 1.2729539696687581e-5, 1.3544399582573517e-5, 3.6097772391984875e-5, 1.9759727723896905e-5, 1.5127423192447422e-5, 3.096848721985086e-5, 0.0001390540269736247, 1.3425954892971079e-5
7.7, 2.905447767433739e-5, 1.4511253685417544e-5, 1.5341899787296508e-5, 1.030233892749218e-5, 9.749185886500722e-6, 9.0200368072567e-6, 1.3012194163446052e-5, 1.0779736904866691e-5, 1.1519213361203477e-5, 3.058041990661433e-5, 1.681738145425998e-5, 1.2787531201485559e-5, 2.60302757661087e-5, 0.00011766225323103893, 1.135168980373822e-5
7.8, 2.452882702465649e-5, 1.2250829310624311e-5, 1.3204821843425871e-5, 8.750937785154821e-6, 8.283973613108975e-6, 7.605827595717814e-6, 1.1148339391152088e-5, 9.134474573569976e-6, 9.801906817553753e-6, 2.5910629193059627e-5, 1.4320691363603475e-5, 1.0815292491840461e-5, 2.1885711161522545e-5, 9.953305426880954e-5, 9.605405610387666e-6
7.9, 2.0712041439477874e-5, 1.0347171971871543e-5, 1.1373855272029628e-5, 7.439272614120395e-6, 7.040423795731409e-6, 6.416086440417913e-6, 9.557442131229513e-6, 7.745369743884569e-6, 8.344885414382334e-6, 2.195780992168951e-5, 1.2201038983595625e-5, 9.152174917117078e-6, 1.8406665996852956e-5, 8.417217109117155e-5, 8.13426765321974e-6
8.0, 1.7492726673704494e-5, 8.743351393863701e-6, 9.803951765789495e-6, 6.3293550018488545e-6, 5.98472059693527e-6, 5.4148652008112666e-6, 8.19862468278391e-6, 6.57183818398753e-6, 7.108033641582179e-6, 1.861152018322408e-5, 1.0400537273296044e-5, 7.749064969603012e-6, 1.5485743368670793e-5, 7.116000462142952e-5, 6.894077534229392e-6
8.1, 1.4777019361309349e-5, 7.391601690958179e-6, 8.456861028822483e-6, 5.3893529198595475e-6, 5.088255036396087e-6, 4.571996363522068e-6, 7.037267489673061e-6, 5.579822126175242e-6, 6.0575212713926495e-6, 1.577835722151702e-5, 8.870328037509304e-6, 6.564739417335607e-6, 1.3032920301684044e-5, 6.014029530855629e-5, 5.847846012934691e-6
8.2, 1.24858274286426e-5, 6.251836284802325e-6, 7.300081736654855e-6, 4.5925755698104094e-6, 4.326815549636167e-6, 3.8621658869395766e-6, 6.0440304058519366e-6, 4.740727604216673e-6, 5.1648029160480844e-6, 1.3379327865099089e-5, 7.5691528610715864e-6, 5.564586544437115e-6, 1.0972734649347603e-5, 5.081054362346229e-5, 4.964603403731913e-6
8.3, 1.0552504752395019e-5, 5.290404643032558e-6, 6.305977462368074e-6, 3.916627166647303e-6, 3.6799055823525163e-6, 3.2641329955681403e-6, 5.19403017604491e-6, 4.030536585493445e-6, 4.405779185492705e-6, 1.1347624604881823e-5, 6.46215318829516e-6, 4.719536032017971e-6, 9.241927485318304e-6, 4.2913896264394936e-5, 4.218407840683562e-6
8.4, 8.92089172276431e-6, 4.479051322507532e-6, 5.451031246238036e-6, 3.342701627163259e-6, 3.130168094587236e-6, 2.760074218222953e-6, 4.466148714412064e-6, 3.429064909225073e-6, 3.760092996719895e-6, 9.626744742074197e-6, 5.519862416639781e-6, 4.005163265896022e-6, 7.78746724772503e-6, 3.623226813383305e-5, 3.587518371103821e-6
8.5, 7.5436641524877045e-6, 3.7940442787805298e-6, 4.715216725279607e-6, 2.8549946871081615e-6, 2.6629000682248963e-6, 2.335032313231049e-6, 3.842450974468628e-6, 2.91934188164737e-6, 3.210538962577121e-6, 8.168899707230616e-6, 4.717358932645778e-6, 3.4009394899250725e-6, 6.564893837643847e-6, 3.058050765392284e-5, 3.053705348671427e-6
8.6, 6.38094203802342e-6, 3.2154448149976704e-6, 4.081467293762132e-6, 2.4402138208498604e-6, 2.2656428103672752e-6, 1.976453618000458e-6, 3.3076947049944035e-6, 2.487091406193884e-6, 2.7425674349877955e-6, 6.933669818430628e-6, 4.033554086071245e-6, 2.8896039258992597e-6, 5.536930877416742e-6, 2.5801444094943158e-5, 2.6016751951941394e-6
8.7, 5.399117310295929e-6, 2.726496065226792e-6, 3.5352277462936296e-6, 2.087169582306159e-6, 1.9278361084946906e-6, 1.673799852357955e-6, 2.848917300053602e-6, 2.1202978785858063e-6, 2.343867815846357e-6, 5.886866644744157e-6, 3.4505933371845697e-6, 2.456637906621678e-6, 4.672322717685153e-6, 2.176168142425756e-5, 2.2185904352436786e-6
8.8, 4.56986613722737e-6, 2.313110686661724e-6, 3.064075353113577e-6, 1.7864347118833116e-6, 1.640526192995997e-6, 1.418222544039088e-6, 2.4550873769943616e-6, 1.8088428671579358e-6, 2.004018282001121e-6, 4.999570970913871e-6, 2.953352356889979e-6, 2.0898243470581206e-6, 3.944859807922209e-6, 1.8348024673598754e-5, 1.8936691045699961e-6
8.9, 3.869316752728683e-6, 1.963441594596112e-6, 2.6573994112289393e-6, 1.5300596384601944e-6, 1.396119056859832e-6, 1.2022900745401928e-6, 2.116810737296962e-6, 1.5442009218756242e-6, 1.7141911820351434e-6, 4.247319288402834e-6, 2.529012823280705e-6, 1.7788786162472817e-6, 3.332561933079405e-6, 1.5464442736813417e-5, 1.6178502961816874e-6
9.0, 3.277348347360591e-6, 1.667522216117837e-6, 2.306130069895185e-6, 1.31133491556065e-6, 1.1881720216312788e-6, 1.0197589045560568e-6, 1.8260820499866271e-6, 1.3191847903244878e-6, 1.4669051234094e-6, 3.6094159072654503e-6, 2.1667051368724176e-6, 1.5151391595070877e-6, 2.8169937544932026e-6, 1.3029486476092826e-5, 1.3835148256418389e-6
9.1, 2.7770003995180192e-6, 1.4169649474224538e-6, 2.0025086999365014e-6, 1.1245927246777251e-6, 1.0112175635116215e-6, 8.653818661186264e-7, 1.5760750029442257e-6, 1.1277319306006218e-6, 1.2558162375335844e-6, 3.0683513101817897e-6, 1.8572073493282154e-6, 1.2913081307824364e-6, 2.382691229476533e-6, 1.0974093546677563e-5, 1.184251843019859e-6
9.2, 2.3539750660054958e-6, 1.2047083474307651e-6, 1.7398933095456733e-6, 9.650409069130706e-7, 8.606143589089706e-7, 7.347475354912363e-7, 1.360964840684835e-6, 9.64725553664877e-7, 1.0755423359295527e-6, 2.6093103544333326e-6, 1.5926913341058375e-6, 1.1012338910334779e-6, 2.016680951519914e-6, 9.23972186731399e-6, 1.0146637553608177e-6
9.3, 1.996217981910941e-6, 1.0248051456079404e-6, 1.5125935432491616e-6, 8.286240892738012e-7, 7.324213035819955e-7, 6.241456550240987e-7, 1.1757781873693042e-6, 8.258445465354684e-7, 9.215146940785382e-7, 2.2197564531040874e-6, 1.3665086774253137e-6, 9.397285619320041e-7, 1.7080773594329056e-6, 7.776762509501625e-6, 8.702031018262606e-7
9.4, 1.6935651227721147e-6, 8.722444344431287e-7, 1.315730667816816e-6, 7.119073906899991e-7, 6.232909278796965e-7, 5.304543785323121e-7, 1.0162658730177279e-6, 7.074375603848572e-7, 7.898530539351075e-7, 1.8890800036857054e-6, 1.173009981419693e-6, 8.024149386668066e-7, 1.4477452000559385e-6, 6.543190233613499e-6, 7.470360872148483e-7
9.5, 1.4374453228792294e-6, 7.428024983397247e-7, 1.1451186765740226e-6, 6.119789560079728e-7, 5.303791927968145e-7, 4.5104579486239325e-7, 8.787951661266666e-7, 6.064173249501489e-7, 6.772601502344486e-7, 1.608301140624151e-6, 1.0073922865845222e-6, 6.855979967470891e-7, 1.2280166715052128e-6, 5.503416194947854e-6, 6.419283644810797e-7
9.6, 1.2206296805121687e-6, 6.329176350233694e-7, 9.97163254097076e-7, 5.263681996695664e-7, 4.5126912469859587e-7, 3.8370675715197367e-7, 7.60258389554036e-7, 5.201718990490506e-7, 5.809326624374519e-7, 1.3698184190616826e-6, 8.655701708664221e-7, 5.861570061505211e-7, 1.0424543857459662e-6, 4.627312666401851e-6, 5.521493928672466e-7
9.7, 1.037020460580741e-6, 5.395850822503636e-7, 8.687758560440192e-7, 4.5297716650898836e-7, 3.839061448835343e-7, 3.265725270564179e-7, 6.579953767205947e-7, 4.4649010773887736e-7, 4.984859932640993e-7, 1.1671963312684158e-6, 7.440667945577871e-7, 5.014549167493948e-7, 8.856527244169389e-7, 3.8893841348120715e-6, 4.753923108959966e-7
9.8, 8.814732681506078e-7, 4.6026879573473846e-7, 7.573005894564989e-7, 3.900228533615968e-7, 3.265432852457061e-7, 2.780711478976018e-7, 5.697276279308833e-7, 3.834988677821307e-7, 4.2789069228311825e-7, 9.94985653438229e-7, 6.399217565373623e-7, 4.292622229065763e-7, 7.530713645868012e-7, 3.268062951982035e-6, 4.0970677302825223e-7
9.9, 7.496472468393804e-7, 3.9282735357603824e-7, 6.604519408416676e-7, 3.359886969527814e-7, 2.7769476393812426e-7, 2.368768003178321e-7, 4.93502364207078e-7, 3.2961047956389693e-7, 3.674186925805614e-7, 8.485715469388348e-7, 5.506131273033612e-7, 3.676929699247193e-7, 6.408957594305271e-7, 2.745110970046332e-6, 3.5344262287490007e-7
10.0, 6.378788824691396e-7, 3.354517058748329e-7, 5.762617035796577e-7, 2.8958373380763476e-7, 2.3609663264640754e-7, 2.0187067875415617e-7, 4.276449593696541e-7, 2.834782778409079e-7, 3.1559782116272946e-7, 7.240451223335512e-7, 4.739914431750295e-7, 3.151509452877498e-7, 5.459202038541184e-7, 2.305111350234309e-6, 3.0520262895835453e-7
10.1, 5.430756887245525e-7, 2.8661285875608775e-7, 5.030337122516933e-7, 2.4970818720637896e-7, 2.0067340765892922e-7, 1.7210816564599858e-7, 3.707184690635335e-7, 2.4395929618564247e-7, 2.7117328909072245e-7, 6.180948378987683e-7, 4.0822379761005e-7, 2.7028441576753185e-7, 4.6544982338261783e-7, 1.9350370821755892e-6, 2.638028028333557e-7
10.2, 4.6262663850606453e-7, 2.4501789245469833e-7, 4.3930520689688037e-7, 2.15424442911873e-7, 1.7050976589826886e-7, 1.4679128001935197e-7, 3.2148917542786316e-7, 2.100828190382612e-7, 2.3307507282838195e-7, 5.27914664902556e-7, 3.517464604671058e-7, 2.3194803746328547e-7, 3.972184182607257e-7, 1.6238847487440547e-6, 2.282390642434139e-7
10.3, 3.943266993392689e-7, 2.0957297275611804e-7, 3.8381383171882617e-7, 1.8593254744108886e-7, 1.4482652951933103e-7, 1.252455442966851e-7, 2.788972341800778e-7, 1.8102387840405224e-7, 2.0039027079921194e-7, 4.511264264969678e-7, 3.032247036973587e-7, 1.9917078845053918e-7, 3.39319592197733e-7, 1.362363772922711e-6, 1.976592217337556e-7
10.4, 3.363132476539902e-7, 1.7935223230732512e-7, 3.354694256775652e-7, 1.6054950522216104e-7, 1.2296028295714366e-7, 1.0690055303678658e-7, 2.420316524330334e-7, 1.5608090530644086e-7, 1.7233966385482717e-7, 3.8571411824287334e-7, 2.615187198608515e-7, 1.7112895995744995e-7, 2.9014901204006493e-7, 1.1426328322378707e-6, 1.713394071325662e-7
10.5, 2.8701248817060673e-7, 1.5357158035762272e-7, 2.9332989133103093e-7, 1.3869176992405544e-7, 1.0434606761691234e-7, 9.127364432248971e-8, 2.1010894466635283e-7, 1.3465687387748145e-7, 1.4825782979850174e-7, 3.299683572974214e-7, 2.2565469468498574e-7, 1.471233978535425e-7, 2.483559940931631e-7, 9.580763614101235e-7, 1.486642438161893e-7
10.6, 2.450943000470727e-7, 1.315666517115796e-7, 2.5658053710379576e-7, 1.1986042392520555e-7, 8.850268505997618e-8, 7.795617228460631e-8, 1.824549146694187e-7, 1.1624338313861873e-7, 1.2757626424034135e-7, 2.8243939409915284e-7, 1.948002417471917e-7, 1.265603166911201e-7, 2.1280290543160122e-7, 8.031151159448275e-7, 1.291101468167355e-7
10.7, 2.0943418072680878e-7, 1.1277423315672542e-7, 2.245163800128241e-7, 1.0362862218586687e-7, 7.502021174768794e-8, 6.660196108527448e-8, 1.584890958528187e-7, 1.0040721078876252e-7, 1.0980904578572033e-7, 2.418973628318684e-7, 1.6824353098200052e-7, 1.0893511786523785e-7, 1.8253111386048086e-7, 6.730456664923665e-7, 1.1223125121775375e-7
10.8, 1.7908116829311754e-7, 9.671661243278508e-8, 1.9652697346640597e-7, 8.963094540117465e-8, 6.354938935522867e-8, 5.69175890521914e-8, 1.3771145379053324e-7, 8.677894838348057e-8, 9.454065574440234e-8, 2.072986517661234e-7, 1.453755467089079e-7, 9.381873477765486e-8, 1.5673242569988173e-7, 5.63904457986941e-7, 9.76475475357163e-8
10.9, 1.53230799710381e-7, 8.298838425345877e-8, 1.7208339038319112e-7, 7.755436447685049e-8, 5.379260633038861e-8, 4.865420879811959e-8, 1.1969101506474446e-7, 7.504338987449913e-8, 8.141562318914978e-8, 1.777574478507772e-7, 1.2567499844757566e-7, 8.084610473674473e-8, 1.347251226521432e-7, 4.723527192939701e-7, 8.503487129744658e-8
11.0, 1.3120231133186714e-7, 7.124532270461577e-8, 1.507270473374176e-7, 6.713056609448173e-8, 4.5496229869814874e-8, 4.1600657015484235e-8, 1.0405613746263323e-7, 6.493139800166653e-8, 7.012971741085267e-8, 1.5252165635530633e-7, 1.086954815486672e-7, 6.970643133693903e-8, 1.1593385329145248e-7, 3.955790639945322e-7, 7.411645137052312e-8
11.1, 1.1241941323373875e-7, 6.119499220236537e-8, 1.3206010241083534e-7, 5.812942907660482e-8, 3.844408422655166e-8, 3.55776475509746e-8, 9.048617957397655e-8, 5.621301703706808e-8, 6.042245266624317e-8, 1.3095251988166026e-7, 9.405454687280067e-8, 6.013495495942605e-8, 9.987275548834871e-8, 3.3121709611275694e-7, 6.465576941924402e-8
11.2, 9.63940746171953e-8, 5.2588821723830167e-8, 1.1573719927768001e-7, 5.0353474618347e-8, 3.2451902545283356e-8, 3.043287483555222e-8, 7.870436426146099e-8, 4.8691637249827124e-8, 5.207070657584984e-8, 1.1250736597867914e-7, 8.142439114475658e-8, 5.190599419150985e-8, 8.613128731173584e-8, 2.772757375426835e-7, 5.6450522845089205e-8
11.3, 8.271284622121583e-8, 4.521541112146258e-8, 1.0145836369297968e-7, 4.363314130717746e-8, 2.7362605586214292e-8, 2.6036882689087993e-8, 6.84716613093724e-8, 4.21990473069865e-8, 4.4883284004485996e-8, 9.672500055044743e-8, 7.052392389818295e-8, 4.482705865310322e-8, 7.436232869294985e-8, 2.3208033701169946e-7, 4.932751707583982e-8
11.4, 7.102532067026834e-8, 3.889487529483295e-8, 8.896288724034424e-8, 3.782275938853298e-8, 2.304228310691766e-8, 2.2279576926232823e-8, 5.958154063793774e-8, 3.6591236870884736e-8, 3.869628405943761e-8, 8.321333927284102e-8, 6.111200424517559e-8, 3.873386558460579e-8, 6.427218715657188e-8, 1.942229126186757e-7, 4.313834096705439e-8
11.5, 6.103439462078558e-8, 3.3474062952490534e-8, 7.802405743346566e-8, 3.279711825297234e-8, 1.937677248171745e-8, 1.90672797710114e-8, 5.1855469601544096e-8, 3.174483332128397e-8, 3.336914968112295e-8, 7.163893213113568e-8, 5.2981672244143515e-8, 3.348611906765437e-8, 5.5612200363367525e-8, 1.6252012882777805e-7, 3.775570255258599e-8
11.6, 5.248804952848992e-8, 2.8822512762268884e-8, 6.84446139141454e-8, 2.8448537655574957e-8, 1.6268745084946247e-8, 1.6320240462585306e-8, 4.5139046655902517e-8, 2.7554074841681082e-8, 2.878129763502996e-8, 6.171808958877055e-8, 4.595522632391785e-8, 2.8963933215974273e-8, 4.817167808607131e-8, 1.3597782026998782e-7, 3.307032198863217e-8
11.7, 4.5172412676446985e-8, 2.4829031430487118e-8, 6.005282801763659e-8, 2.4684367007859472e-8, 1.3635224507076151e-8, 1.3970530191718376e-8, 3.929867958662065e-8, 2.3928237435082586e-8, 2.48292422785168e-8, 5.3209363967801585e-8, 3.9880020729585195e-8, 2.506479926880959e-8, 4.1771967825443584e-8, 1.1376105489696263e-7, 2.8988294925263946e-8
11.8, 3.8905897567511004e-8, 2.1398796605777426e-8, 5.269911789307207e-8, 2.1424848742340462e-8, 1.1405472163130656e-8, 1.1960260981788384e-8, 3.4218730015460975e-8, 2.078944642757213e-8, 2.142413962252337e-8, 4.590717765604877e-8, 3.462487604066599e-8, 2.1701012467532346e-8, 3.6261463400205937e-8, 9.516888194125024e-8, 2.54288533497204e-8
11.9, 3.353425450597224e-8, 1.8450902834150843e-8, 4.6253124062677246e-8, 1.8601291549084994e-8, 9.519185501058806e-9, 1.0240077775880432e-8, 2.979905740132095e-8, 1.8070813699359364e-8, 1.848968927807033e-8, 3.963642202675923e-8, 3.007701192872113e-8, 1.8797487677714422e-8, 3.151140492368445e-8, 7.961304043814564e-8, 2.2322462482216414e-8
12.0, 2.8926388871558907e-8, 1.5916281777506854e-8, 4.060118110351455e-8, 1.6154507554852565e-8, 7.924962287981963e-9, 8.76788105440331e-9, 2.5952905511496307e-8, 1.571485119042027e-8, 1.5960341400394805e-8, 3.4247878044466044e-8, 2.613942501209586e-8, 1.6289903973792627e-8, 2.741234321352388e-8, 6.660001448267861e-8, 1.9609201982540635e-8
12.1, 2.4970826929302217e-8, 1.3735938663882586e-8, 3.5644130389405775e-8, 1.403347447596625e-8, 6.578991480082391e-9, 7.507744110334311e-9, 2.2605082618283616e-8, 1.3672118773325263e-8, 1.3779763509296996e-8, 2.9614332578965657e-8, 2.2728646217710385e-8, 1.4123127673254822e-8, 2.3871162183028608e-8, 5.5715915428499803e-8, 1.7237387873173097e-8
12.2, 2.1572728063649477e-8, 1.1859456095812001e-8, 3.12954266407075e-8, 1.2194189679205104e-8, 5.443936971823396e-9, 6.4289947584759055e-9, 1.9690393817166128e-8, 1.1900071104186452e-8, 1.1899529034312753e-8, 2.5627283890595514e-8, 1.977282187502698e-8, 1.2249871262536635e-8, 2.0808569918302124e-8, 4.661375086785485e-8, 1.5162398412922078e-8
12.3, 1.8651358074023107e-8, 1.024372404594524e-8, 2.747949779465497e-8, 1.0598688054750978e-8, 4.487985741643135e-9, 5.505436047015397e-9, 1.715228980827945e-8, 1.0362073553330535e-8, 1.0277994989344363e-8, 2.2194146124867268e-8, 1.721007110046729e-8, 1.062955220613243e-8, 1.8156983615962604e-8, 3.9002707929312104e-8, 1.3345672908568331e-8
12.4, 1.6137951737658616e-8, 8.851861246310091e-9, 2.4130323405198005e-8, 9.214199804097494e-9, 3.684035969536059e-9, 4.714684536516778e-9, 1.494170168474142e-8, 9.026561867894258e-9, 8.879341104867664e-9, 1.923587655505969e-8, 1.4987079087347152e-8, 9.227321273158434e-9, 1.5858745584700492e-8, 3.2639135872355856e-8, 1.1753857246776314e-8
12.5, 1.3973903971639845e-8, 7.652298642865651e-9, 2.1190201699483118e-8, 8.012427805082613e-9, 3.0090045411447305e-9, 4.037608076795385e-9, 1.3016035617654672e-8, 7.866324054165518e-9, 7.672746855618904e-9, 1.6684961053052795e-8, 1.3057891896733918e-8, 8.013234718226103e-9, 1.3864617642819783e-8, 2.7318961532002685e-8, 1.0358074036345338e-8
12.6, 1.21092385539399e-8, 6.6180001570221084e-9, 1.8608679611271972e-8, 6.968927263616647e-9, 2.4432362246018556e-9, 3.4578478479835853e-9, 1.1338305049289752e-8, 6.857886377017654e-9, 6.631686302345849e-9, 1.448370316427412e-8, 1.1382883455848333e-8, 6.9615485380132825e-9, 1.2132509688953897e-8, 2.2871312542787895e-8, 9.133298632495222e-9
12.7, 1.0501311302448932e-8, 5.7257998228911185e-9, 1.634162368628244e-8, 6.062572891694272e-9, 1.9699996051980037e-9, 2.961411790623982e-9, 9.876381269146917e-9, 5.980987961774742e-9, 5.733323630229825e-9, 1.2582770573714631e-8, 9.927869778807055e-9, 6.050116481795367e-9, 1.0626405384256383e-8, 1.9153158033744046e-8, 8.057825231913583e-9
12.8, 9.11371136462886e-9, 4.955837609640358e-9, 1.4350412847246676e-8, 5.275101017437941e-9, 1.5750569607739793e-9, 2.5363285760670845e-9, 8.602345866632093e-9, 5.218130981802265e-9, 4.957994812288661e-9, 1.0939959832507776e-8, 8.663349114111632e-9, 5.259876216437617e-9, 9.315453776076532e-9, 1.604480632951185e-8, 7.112809608488217e-9
12.9, 7.915330006530805e-9, 4.291078996462199e-9, 1.260123663184759e-8, 4.590715913867571e-9, 1.2462972111438546e-9, 2.1723529253151347e-9, 7.491930983799017e-9, 4.5541952766409795e-9, 4.288762966725108e-9, 9.519146193952775e-9, 7.563849849059734e-9, 4.574410486635844e-9, 8.173200697412759e-9, 1.344612399613145e-8, 6.2818771566745255e-9
13.0, 6.879570973030799e-9, 3.7169056342341253e-9, 1.1064484778196884e-8, 3.995751182885144e-9, 9.73422684867591e-10, 1.860714530103983e-9, 6.524035240818021e-9, 3.976107966154197e-9, 3.711036755018556e-9, 8.289390531534293e-9, 6.6073706511703744e-9, 3.9795720780553285e-9, 7.176937983541471e-9, 1.127336188014159e-8, 5.5507866023762295e-9
13.1, 5.983680629863288e-9, 3.220766381930534e-9, 9.714215970455414e-9, 3.4783783284281723e-9, 7.476817954944111e-10, 1.5939040025762187e-9, 5.680304892586242e-9, 3.472560032484417e-9, 3.21224277999703e-9, 7.224179516578388e-9, 5.7748996087940034e-9, 3.463163123044913e-9, 6.307152029201598e-9, 9.456491748415237e-9, 4.9071412133500756e-9
13.2, 5.208179444425584e-9, 2.7918796854046297e-9, 8.527695234881289e-9, 3.0283558676218827e-9, 5.616408765501943e-10, 1.3654902973412902e-9, 4.944771297554274e-9, 3.033763046224436e-9, 2.7815442661258153e-9, 6.300778974284115e-9, 5.050001059992535e-9, 3.014660705833604e-9, 5.547056159523739e-9, 7.93697217059925e-9, 4.3401405802474916e-9
13.3, 4.536379249588375e-9, 2.4209795668254946e-9, 7.484990895448364e-9, 2.636813217218292e-9, 4.0898947847383534e-10, 1.1699649032437163e-9, 4.303536968993552e-9, 2.651240200989107e-9, 2.409599355824487e-9, 5.4996833154829884e-9, 4.418460423616434e-9, 2.624981934908551e-9, 4.882193768259736e-9, 6.665875179200219e-9, 3.840367066868895e-9
13.4, 3.953973133467469e-9, 2.100098749264331e-9, 6.5686232462370774e-9, 2.296064469154628e-9, 2.843741801301705e-10, 1.0026088072064618e-9, 3.744503599395717e-9, 2.3176467455036256e-9, 2.0883533971590862e-9, 4.804146584841994e-9, 3.867978785286781e-9, 2.286282684128044e-9, 4.300101209712932e-9, 5.602316029574232e-9, 3.3996019195452703e-9
13.5, 3.44868685747625e-9, 1.8223833843714072e-9, 5.763258142415528e-9, 1.999447851419577e-9, 1.832567651101572e-10, 8.593788579431969e-10, 3.257136335983238e-9, 2.0266155216863256e-9, 1.8108603687406356e-9, 4.199782865622076e-9, 3.3879101487919194e-9, 1.9917850802886002e-9, 3.7900212331885075e-9, 4.712137425526087e-9, 3.0106667760117284e-9
13.6, 3.0099824075702378e-9, 1.5819346817909317e-9, 5.0554396373322665e-9, 1.7411872680832526e-9, 1.0179321340006937e-10, 7.368106469048732e-10, 2.832259401341733e-9, 1.772624078479423e-9, 1.5711293324621797e-9, 3.6742256127602237e-9, 2.9690353126161224e-9, 1.735629531724426e-9, 3.342659139588956e-9, 3.966807440803034e-9, 2.667286926673411e-9
13.7, 2.62880574686636e-9, 1.3736734785110857e-9, 4.433356578084948e-9, 1.5162728485462756e-9, 3.6730414672510626e-11, 6.319354743599053e-10, 2.461878822190584e-9, 1.5508802407132474e-9, 1.3639923433359992e-9, 3.216837144169039e-9, 2.603367177919269e-9, 1.5127477410508743e-9, 2.949975115554937e-9, 3.3424966849779457e-9, 2.363973254710237e-9
13.8, 2.297372079776887e-9, 1.1932243623807661e-9, 3.886638750145703e-9, 1.3203578327809562e-9, -1.468193007799008e-11, 5.422093272581899e-10, 2.139028601517189e-9, 1.3572235310090758e-9, 1.1849907618463254e-9, 2.818460734787055e-9, 2.2839830643320406e-9, 1.3187536563265209e-9, 2.6050072118167253e-9, 2.8193058405332833e-9, 2.0959201854556084e-9
13.9, 2.008982906662998e-9, 1.0368164606134865e-9, 3.4061787466441865e-9, 1.1496695510327876e-9, -5.476646402945439e-11, 4.654521060984148e-10, 1.8576371929276338e-9, 1.188040183063224e-9, 1.0302774437226263e-9, 2.4712090069395808e-9, 2.004880222318066e-9, 1.1498497718899614e-9, 2.3017202896308967e-9, 2.3806192874855107e-9, 1.8589174144251572e-9
14.0, 1.7578701007052824e-9, 9.011984769925572e-10, 2.9839762485610427e-9, 1.0009325179264776e-9, -8.54822940496416e-11, 3.9979560928978846e-10, 1.6124115467510905e-9, 1.040189839392212e-9, 8.96532477861869e-10, 2.168283206256487e-9, 1.7608512879446859e-9, 1.0027465717337082e-9, 2.034877011151445e-9, 2.0125643774053495e-9, 1.649273471574155e-9
14.1, 1.5390629155539123e-9, 7.835658785923222e-10, 2.6130018358279304e-9, 8.713019848921412e-10, -1.0847964651860682e-10, 3.436389845569511e-10, 1.3987363930093678e-9, 9.109422955620808e-10, 7.808906670923383e-10, 1.9038187582431987e-9, 1.547376878774605e-9, 8.745932376110763e-10, 1.7999275387960727e-9, 1.7035592829613812e-9, 1.4637494786324045e-9
14.2, 1.348274499055279e-9, 6.814984630692556e-10, 2.2870778292686913e-9, 7.583064989795675e-10, -1.2514648700974757e-10, 2.9561057589358585e-10, 1.2125867037321823e-9, 7.97922880877958e-10, 6.808790128665264e-10, 1.672753258337986e-9, 1.3605329456087775e-9, 7.629179983080989e-10, 1.5929151317578663e-9, 1.4439349578152282e-9, 1.2995016890443191e-9
14.3, 1.1818049805241387e-9, 5.929068021128798e-10, 2.000773992572302e-9, 6.597982283963342e-10, -1.3664823763554845e-10, 2.545352343738722e-10, 1.0504516185256153e-9, 6.990652476180354e-10, 5.943628765994689e-10, 1.4707135300558814e-9, 1.1969108119731161e-9, 6.65576772119703e-10, 1.410395274807394e-9, 1.2256192151433598e-9, 1.1540315988312522e-9
14.4, 1.036458649580889e-9, 5.159863013212754e-10, 1.7493162011147443e-9, 5.739099999899381e-10, -1.4396164679598302e-10, 2.1940629796021059e-10, 9.092682707724516e-10, 6.125705740563233e-10, 5.194995681665426e-10, 1.2939189733392067e-9, 1.053548140867682e-9, 5.807088924363653e-10, 1.2493663145261908e-9, 1.0418727562040487e-9, 1.0251425977838523e-9
14.5, 9.094731558154476e-10, 4.4917770780083206e-10, 1.5285064386435338e-9, 4.990181128016354e-10, -1.4790360519339145e-10, 1.893615743762619e-10, 7.863642405629265e-10, 5.368722818238542e-10, 4.546983361411898e-10, 1.1390988166495848e-9, 9.278693113269375e-10, 5.066989588653989e-10, 1.1072099138761472e-9, 8.870686544425432e-10, 9.109022635830614e-10
14.6, 7.984589184396476e-10, 3.9113323006086125e-10, 1.33465268648538e-9, 4.3371015512042655e-10, -1.4915570951710568e-10, 1.6366274734078238e-10, 6.794074737686216e-10, 4.706054901109192e-10, 3.985858663080303e-10, 1.003421201537404e-9, 8.176339027423761e-10, 4.421439158116338e-10, 9.816398647977792e-10, 7.565082316676914e-10, 8.096095425650874e-10
14.7, 7.01347240109225e-10, 3.4068739770940163e-10, 1.1645074629699657e-9, 3.76757135524867e-10, -1.4828515963935697e-10, 1.416777150556938e-10, 5.863627012505018e-10, 4.125805758990869e-10, 3.499765312810036e-10, 8.84432405846288e-10, 7.208921635614203e-10, 3.8582463465103203e-10, 8.706580564302105e-10, 6.46267334167948e-10, 7.197661572358839e-10
14.8, 6.163458724914487e-10, 2.968319974292414e-10, 1.0152139267209822e-9, 3.2708933164239825e-10, -1.4576253302875216e-10, 1.228654413709225e-10, 5.054534759007512e-10, 3.6176026233047097e-10, 3.078467251130441e-10, 7.800046952042418e-10, 6.359465053882217e-10, 3.3668138692511836e-10, 7.725165409889107e-10, 5.530679881924976e-10, 6.400516706278428e-10
14.9, 5.419008963850556e-10, 2.5869452905020494e-10, 8.842585942650045e-10, 2.837753772585013e-10, -1.4197691887327394e-10, 1.0676296192278743e-10, 4.351291320398271e-10, 3.1723977522716795e-10, 2.713127192323693e-10, 6.882915783939203e-10, 5.613181916859808e-10, 2.9379263909561335e-10, 6.856848282285445e-10, 4.741713323443353e-10, 5.693017322981163e-10
15.0, 4.766640252219364e-10, 2.2551964975625702e-10, 7.694298481480724e-10, 2.4600412749802367e-10, -1.3724874342172032e-10, 9.297423591023586e-11, 3.7403598856814065e-10, 2.782296146757848e-10, 2.396115496197646e-10, 6.076893686202562e-10, 4.957185117848519e-10, 2.563567350335795e-10, 6.088216499856973e-10, 4.072882535635211e-10, 5.064890742476649e-10
15.1, 4.1946452405257634e-10, 1.9665320432279553e-10, 6.687815172890477e-10, 2.1306893371361034e-10, -1.3184069297335684e-10, 8.116058118526818e-11, 3.2099225999522074e-10, 2.4404062226749023e-10, 2.1208453775801765e-10, 5.368041643285376e-10, 4.3802382146876776e-10, 2.2367603911042408e-10, 5.407505600986752e-10, 3.5050487826505696e-10, 4.5070690046907327e-10
15.2, 3.692850817583659e-10, 1.7152846255727665e-10, 5.806008952975609e-10, 1.843540059926043e-10, -1.2596697233229878e-10, 7.103246501145484e-11, 2.7496618731890153e-10, 2.1407102351838506e-10, 1.8816304409473446e-10, 4.744234350573308e-10, 3.872539264226266e-10, 1.951432284301585e-10, 4.804388218842891e-10, 3.0222037279542044e-10, 4.011543593335182e-10
15.3, 3.2524106383478587e-10, 1.4965426223287746e-10, 5.033806518032857e-10, 1.5932257619011e-10, -1.1980115419604118e-10, 6.234246527812406e-11, 2.3505697215342964e-10, 1.8779515399366798e-10, 1.6735618211126658e-10, 4.194915976609083e-10, 3.425533525455e-10, 1.7022941587771015e-10, 4.2697913075366893e-10, 2.6109511995875495e-10, 3.571238239257406e-10
15.4, 2.865626609979127e-10, 1.306047832131344e-10, 4.357941530686801e-10, 1.3750663426710927e-10, -1.1348283489237904e-10, 5.487922749129385e-11, 2.0047815078691154e-10, 1.6475369299869518e-10, 1.492402062493824e-10, 3.7108896447560063e-10, 3.0317510979867304e-10, 1.484738689881081e-10, 3.7957375853499537e-10, 2.260074830284444e-10, 3.1798975005939723e-10
15.5, 2.5257950737516397e-10, 1.1401072870111372e-10, 3.766737745077989e-10, 1.184980050657743e-10, -1.0712326671488772e-10, 4.8462282832995026e-11, 1.705430954873339e-10, 1.4454515370720077e-10, 1.3344935322141983e-10, 3.284136119327805e-10, 2.684666117371365e-10, 1.2947509783611846e-10, 3.3752079974135477e-10, 1.9601776077649854e-10, 2.8319890744089247e-10
15.6, 2.2270743041173574e-10, 9.955171628480208e-11, 3.2499183685562325e-10, 1.0194060707187758e-10, -1.0081011937292679e-10, 4.293759813496985e-11, 1.4465235586425884e-10, 1.2681848996096431e-10, 1.1966792433678225e-10, 2.9076575385759836e-10, 2.378574625406152e-10, 1.1288312479720538e-10, 3.002022119704845e-10, 1.703381297702485e-10, 2.522618091800393e-10
15.7, 1.9643702283605944e-10, 8.694970629907679e-11, 2.7984384328681843e-10, 8.752372389655609e-11, -9.461150191381473e-11, 3.817376673125686e-11, 1.22282624777872e-10, 1.1126666925538724e-10, 1.076234556882164e-10, 2.575342474391316e-10, 2.108488537944829e-10, 9.83927923651873e-11, 2.6707342376605466e-10, 1.4830760157975805e-10, 2.2474518861114325e-10
15.8, 1.7332377194676303e-10, 7.596332645345551e-11, 2.404337379443808e-10, 7.497615483983058e-11, -8.857935877378878e-11, 3.405873320442583e-11, 1.0297709964628008e-10, 9.762106688867864e-11, 9.70808136379251e-11, 2.281849472728612e-10, 1.870043602255501e-10, 8.573794090726165e-11, 2.3765427899236005e-10, 1.2937112812159247e-10, 2.0026539001258996e-10
15.9, 1.529795391173052e-10, 6.638297299722553e-11, 2.0606093864460334e-10, 6.406113453295891e-11, -8.275231915147536e-11, 3.0496991211466616e-11, 8.633706831162331e-11, 8.56465979081711e-11, 8.783709168972793e-11, 2.0225064493257475e-10, 1.6594194448143319e-10, 7.468636384337892e-11, 2.1152114780536432e-10, 1.1306219275320074e-10, 1.7848255746358834e-10
16.0, 1.3506519042319574e-10, 5.802657243952711e-11, 1.761089278145219e-10, 5.457191133252187e-11, -7.715811128044917e-11, 2.7407177370267262e-11, 7.201456733452653e-11, 7.513747201300394e-11, 7.971721805292452e-11, 1.793223599777002e-10, 1.4732700750347654e-10, 6.50354203154511e-11, 1.88300044379101e-10, 9.89882835216768e-11, 1.5909552332290273e-10
16.1, 1.1928422890631423e-10, 5.073591129550624e-11, 1.5003521331851675e-10, 4.632790463098928e-11, -7.181557954907265e-11, 2.4720010881896625e-11, 5.970596733104317e-11, 6.591349456680884e-11, 7.25701395480726e-11, 1.5904181440684204e-10, 1.3086634705801483e-10, 5.660823062810184e-11, 1.6766061448958202e-10, 8.681880081541197e-11, 1.4183731198677012e-10
16.2, 1.0537726465556617e-10, 4.437347915741086e-11, 1.2736249055469803e-10, 3.917135660584089e-11, -6.673637023468487e-11, 2.2376528111793812e-11, 4.9146368883817117e-11, 5.781683781011813e-11, 6.626553747421113e-11, 1.4109491039890713e-10, 1.163029046969583e-10, 4.925036204573401e-11, 1.4931088464225714e-10, 7.627494878346166e-11, 1.2647117529106368e-10
16.3, 9.31172412669203e-11, 3.881971721533083e-11, 1.0767086347579428e-10, 3.296442013976215e-11, -6.192634825680871e-11, 2.0326569873842242e-11, 4.010471455381933e-11, 5.070923160000819e-11, 6.069099520115484e-11, 1.2520607777300424e-10, 1.0341119247710581e-10, 4.282695361814713e-11, 1.3299265883457203e-10, 6.712131911842892e-11, 1.1278710431761086e-10
16.4, 8.230528911329225e-11, 3.397064469850822e-11, 9.059099716353024e-11, 2.75866258116252e-11, -5.738677697242991e-11, 1.8527487554219825e-11, 3.2379506036913214e-11, 4.446950984556838e-11, 5.574954100744733e-11, 1.1113336870067488e-10, 9.199331219267388e-11, 3.722020279035402e-11, 1.184775026341564e-10, 5.915887027349166e-11, 1.0059874922139434e-10
16.5, 7.276712483287733e-11, 2.973580821202679e-11, 7.579808477135329e-11, 2.2932672660241855e-11, -5.31152983303072e-11, 1.6943032969122945e-11, 2.5795075870823306e-11, 3.8991469852450244e-11, 5.135752773751615e-11, 9.86642038778458e-11, 8.187548886466309e-11, 3.232719591734405e-11, 1.0556320715379793e-10, 5.22190513425899e-11, 8.974070550215423e-11
16.6, 6.434992542865978e-11, 2.6036496406093386e-11, 6.300653700162941e-11, 1.8910500780547634e-11, -4.910674750948601e-11, 1.5542411475882953e-11, 2.0198318323816537e-11, 3.41820029633325e-11, 4.744281160955757e-11, 8.761167705136475e-11, 7.290505070372932e-11, 2.80580064280512e-11, 9.407069807845342e-11, 4.615892186779698e-11, 8.006611706081596e-11
16.7, 5.6919618626414496e-11, 2.2804198194131417e-11, 5.1965302963724956e-11, 1.5439621333721334e-11, -4.535382599001333e-11, 1.4299471226270862e-11, 1.5455837143713534e-11, 2.995946139741765e-11, 4.3943160912056485e-11, 7.78113382179927e-11, 6.494779543429291e-11, 2.433404308616886e-11, 8.384131810122887e-11, 4.085705191743094e-11, 7.144456011892835e-11
16.8, 5.0358516059100876e-11, 1.9979266455743835e-11, 4.2453748937558745e-11, 1.2449648926931311e-11, -4.1847652163728445e-11, 1.3192009526672037e-11, 1.1451453996680814e-11, 2.6252233906066297e-11, 4.080489635756928e-11, 6.911840336693801e-11, 5.788569291350948e-11, 2.1086609964191755e-11, 7.473444009981564e-11, 3.6210113129814123e-11, 6.376017369001014e-11
16.9, 4.4563263206279085e-11, 1.750975630651824e-11, 3.42780287415876e-11, 9.879027557427844e-12, -3.857820929595456e-11, 1.2201181498882089e-11, 8.084028367284861e-12, 2.2997497949367345e-11, 3.798172345893434e-11, 6.140531060629197e-11, 5.1614882493675895e-11, 1.8255652329794442e-11, 6.662536741286447e-11, 3.213001884840759e-11, 5.6910008679635623e-11
17.0, 3.9443047032990525e-11, 1.5350417798683674e-11, 2.7267883075001887e-11, 7.673922067136003e-12, -3.553472804995711e-11, 1.1310994495226416e-11, 5.2655509468311014e-12, 2.0140130307110944e-11, 3.543369474032657e-11, 5.4559604226739855e-11, 4.604392308039628e-11, 1.5788662756836367e-11, 5.940348706447435e-11, 2.854153825282366e-11, 5.0802563181638104e-11
17.1, 3.491803603825964e-11, 1.3461826876816873e-11, 2.127382182267155e-11, 5.78724550646719e-12, -3.2705970862761654e-11, 1.0507877119590311e-11, 2.919481405965512e-12, 1.7631755535397876e-11, 3.312634796520892e-11, 4.8482085923084306e-11, 4.1092265431950025e-11, 1.3639729566452808e-11, 5.297064432509437e-11, 2.5380291519940566e-11, 4.535649385300245e-11
17.2, 3.091802053698735e-11, 1.1809622335860604e-11, 1.616464041938346e-11, 4.1778121034888474e-12, -3.0080480505229905e-11, 9.780311910289624e-12, 9.792878207135522e-13, 1.5429908590702397e-11, 3.1029939134162755e-11, 4.308519664854463e-11, 3.668891719023371e-11, 1.17687019398348e-11, 4.7239709428424534e-11, 2.2591082584203307e-11, 4.049946999627217e-11
17.3, 2.7381227541252322e-11, 1.0363851961688315e-11, 1.1825230581532656e-11, 2.809597859943996e-12, -2.7646764066556308e-11, 9.118521907038168e-12, -6.128234553330215e-13, 1.3497317390348826e-11, 2.9118795211118756e-11, 3.829160348852106e-11, 3.2771275849844566e-11, 1.0140465949571667e-11, 4.21333130867245e-11, 2.0126484990298706e-11, 3.6167160945397845e-11
17.4, 2.4253280110564893e-11, 9.098401247903843e-12, 8.154652325223601e-12, 1.6510952675059793e-12, -2.5393447410104853e-11, 8.514204579596694e-12, -1.9070197143574404e-12, 1.1801248379240924e-11, 2.7370745690832776e-11, 3.403296669961874e-11, 2.9284108466054735e-11, 8.724311035369213e-12, 3.758273201359735e-11, 1.794566644769857e-11, 3.230234004506603e-11
17.5, 2.148629595256902e-11, 7.990491902028015e-12, 5.064433521710824e-12, 6.747507841901512e-13, -2.330938850140161e-11, 7.960304761406626e-12, -2.9468156533572548e-12, 1.0312958459846863e-11, 2.5766638807826628e-11, 3.0248864738487654e-11, 2.6178657309515512e-11, 7.493375218843145e-12, 3.3526905493837304e-11, 1.6013405022559703e-11, 2.8854088663908657e-11
17.6, 1.903809368682706e-11, 7.020255419491892e-12, 2.4770727071050554e-12, -1.435336380773956e-13, -2.1383764749224368e-11, 7.450820910886398e-12, -3.769924070530126e-12, 9.007202481414435e-12, 2.4289914791808608e-11, 2.6885844619393093e-11, 2.34118595714455e-11, 6.424163108004708e-12, 2.991156382358394e-11, 1.4299242779757402e-11, 2.5777093106663476e-11
17.7, 1.6871499847297866e-11, 6.170354355649498e-12, 3.2471849019901177e-13, -8.248245148643911e-13, -1.960613966577411e-11, 6.980643854095884e-12, -4.409000208367267e-12, 7.861803649597892e-12, 2.292625269141205e-11, 2.3896596911354624e-11, 2.094566140347667e-11, 5.4961244111785236e-12, 2.668846289242417e-11, 1.2776795340253757e-11, 2.303101818288501e-11
17.8, 1.4953743158324366e-11, 5.42565828793109e-12, -1.4519930658617805e-12, -1.3875376020753188e-12, -1.796650527571198e-11, 6.545415198319629e-12, -4.892287178194321e-12, 6.8572852919839165e-12, 2.166325559143411e-11, 2.1239226203596286e-11, 1.8746417242751644e-11, 4.691286519994154e-12, 2.3814702209786626e-11, 1.1423154288455014e-11, 2.0579956472368528e-11
17.9, 1.3255919908770514e-11, 4.772961351730834e-12, -2.904963589564231e-12, -1.847768243526053e-12, -1.6455315706466508e-11, 6.141412235671964e-12, -5.244187537223505e-12, 5.976528004831746e-12, 2.0490178507828122e-11, 1.8876620822702726e-11, 1.6784364836869842e-11, 3.993926090927709e-12, 2.125212404281671e-11, 1.021838758863303e-11, 1.8391934082984568e-11
18.0, 1.1752534836847981e-11, 4.200732375067605e-12, -4.079535384570436e-12, -2.219578621236091e-12, -1.5063506978067377e-11, 5.765447000915349e-12, -5.485759602208066e-12, 5.204491441866133e-12, 1.9397699696462167e-11, 1.6775883080197588e-11, 1.5033162274918005e-11, 3.390295643799403e-12, 1.896678413006841e-11, 9.145122371992357e-12, 1.6438476412089176e-11
18.1, 1.0421087178061162e-11, 3.698900605503562e-12, -5.015287491286389e-12, -2.5152489490203726e-12, -1.3782500592377493e-11, 5.414782120341713e-12, -5.635149049974088e-12, 4.527959125253839e-12, 1.837772622491842e-11, 1.4907846307495453e-11, 1.346948374628878e-11, 2.8683718404854524e-12, 1.6928474832043205e-11, 8.188178646172118e-12, 1.4694220318617984e-11
18.2, 9.241713967724313e-12, 3.258670300845816e-12, -5.746735792790867e-12, -2.7455008191395777e-12, -1.2604207458601342e-11, 5.087060187419598e-12, -5.707968171109177e-12, 3.935317678160276e-12, 1.7423213209961788e-11, 1.3246633568698393e-11, 1.2072663184409443e-11, 2.4176409993521107e-12, 1.511031224535784e-11, 7.334274568159013e-12, 1.313656991045747e-11
18.3, 8.19687698534401e-12, 2.8723563731079952e-12, -6.303951350249862e-12, -2.9196889545545238e-12, -1.1521020876443755e-11, 4.780243274708151e-12, -5.71762630715949e-12, 3.416356513843009e-12, 1.652802130570044e-11, 1.1769288496184936e-11, 1.0824381690079312e-11, 2.028911662427236e-12, 1.3488365702548389e-11, 6.571758359508803e-12, 1.1745392621304555e-11
18.4, 7.271084993239297e-12, 2.533244738332202e-12, -6.713103107618088e-12, -3.0459695066266496e-12, -1.0525805201818293e-11, 4.492561863532978e-12, -5.675620936069343e-12, 2.962105169321221e-12, 1.5686788791163114e-11, 1.0455427851444053e-11, 9.708392927472944e-12, 1.6941492442532439e-12, 1.2041326295479772e-11, 5.890397509484811e-12, 1.0502747646339922e-11
18.5, 6.45065008204241e-12, 2.235466167301347e-12, -6.996938201649944e-12, -3.131452740562374e-12, -9.611884458437238e-12, 4.22247493413314e-12, -5.59178691658914e-12, 2.5646752777710167e-12, 1.4894823167706658e-11, 9.28695312922339e-12, 8.710281272558447e-12, 1.406331572020493e-12, 1.0750220213670898e-11, 5.281184766244251e-12, 9.392644562662543e-12
18.6, 5.7234771213805e-12, 1.9738892506121304e-12, -7.175201812165968e-12, -3.1823270748700076e-12, -8.773023378768656e-12, 3.968629497833929e-12, -5.474518342933932e-12, 2.2171327221792853e-12, 1.414800988245129e-11, 8.247789476792395e-12, 7.817249483938389e-12, 1.1593229602464115e-12, 9.598147357274767e-12, 4.73617908398807e-12, 8.400829220300649e-12
18.7, 5.078874569628412e-12, 1.7440282377964857e-12, -7.2650097799639636e-12, -3.203978220783054e-12, -8.003411774185776e-12, 3.729835649639373e-12, -5.330959970682911e-12, 1.913384914666525e-12, 1.3442727511051502e-11, 7.32365023184012e-12, 7.017930894705117e-12, 9.47763259379005e-13, 8.570052419144758e-12, 4.248372156866584e-12, 7.51459377059563e-12
18.8, 4.507388685428107e-12, 1.5419598623895832e-12, -7.281174330175732e-12, -3.201088425634346e-12, -7.29764170362158e-12, 3.5050378519778007e-12, -5.167174953338546e-12, 1.6480751697709974e-12, 1.2775777539883842e-11, 6.501839569138576e-12, 6.302225162636363e-12, 7.669713746823788e-13, 7.652523570553821e-12, 3.81156178080556e-12, 6.722607006340468e-12
18.9, 4.000659182144633e-12, 1.364252432045918e-12, -7.23649152013332e-12, -3.1777193919952762e-12, -6.650687002818287e-12, 3.2932951229485195e-12, -4.988291223237534e-12, 1.41649475298295e-12, 1.2144331417070857e-11, 5.771070995613349e-12, 5.661152505101961e-12, 6.128615236081872e-13, 6.833609136328393e-12, 3.420259644987671e-12, 6.0147645533214205e-12
19.0, 3.551292418373429e-12, 1.2079044483725608e-12, -7.141994631439493e-12, -3.137396429161345e-12, -6.057882334418401e-12, 3.093764100133191e-12, -4.798627645057812e-12, 1.2145044977957698e-12, 1.154587556024578e-11, 5.121308657223079e-12, 5.086725627988107e-12, 4.818664694257718e-13, 6.102658086050964e-12, 3.0695965331924394e-12, 5.382053763920101e-12
19.1, 3.152744438868223e-12, 1.070286253202848e-12, -7.00717538623399e-12, -3.0831689378217436e-12, -5.514906090535277e-12, 2.90568327768497e-12, -4.601805583892789e-12, 1.0384679664862092e-12, 1.0978167217758807e-11, 4.543625709223257e-12, 4.5718369275486936e-12, 3.7087428596525787e-13, 5.450176849922133e-12, 2.755248953447601e-12, 4.816436036091779e-12
19.2, 2.7992256961266382e-12, 9.490993721315686e-13, -6.840180250286018e-12, -3.0176730290082254e-12, -5.0177566140251864e-12, 2.7283613136298805e-12, -4.400845928126777e-12, 8.85183799854343e-13, 1.0439197810848649e-11, 4.030082597281016e-12, 4.110158278570491e-12, 2.77173348814272e-13, 4.867703004549891e-12, 2.4733758830889796e-12, 4.310739066799176e-12
19.3, 2.485611379907396e-12, 8.423306675125636e-13, -6.647981670827697e-12, -2.9431828333213885e-12, -4.562733781882068e-12, 2.561166228991454e-12, -4.1982527619645344e-12, 7.518458877284683e-13, 9.927162449532863e-12, 3.57361457849105e-12, 3.696053433570445e-12, 1.9839794350256931e-13, 4.347691980269761e-12, 2.2205571757093546e-12, 3.858564060511056e-12
19.4, 2.2073657542653052e-12, 7.482176854410945e-13, -6.4365288143319764e-12, -2.8616553097328255e-12, -4.146414589763854e-12, 2.403517970294479e-12, -3.996085595536912e-12, 6.359810549254703e-13, 9.440431887226981e-12, 3.1679352083110835e-12, 3.324499671866469e-12, 1.3248887064190396e-13, 3.88341743096621e-12, 1.993746560552263e-12, 3.4542011021555444e-12
19.5, 1.9604724485680783e-12, 6.652167435597673e-13, -6.2108805806722075e-12, -2.7747724485700734e-12, -3.765640523886881e-12, 2.2548809301874252e-12, -3.796024333796499e-12, 5.354214158350853e-13, 8.977528666242107e-12, 2.8074502170033638e-12, 2.9910192408840806e-12, 7.765352428328271e-14, 3.4688799595352547e-12, 1.7902284850141743e-12, 3.0925539808340245e-12
19.6, 1.7413741447091186e-12, 5.919748582144838e-13, -5.975320839737391e-12, -2.6839739380799067e-12, -3.4174982260554547e-12, 2.114757351606276e-12, -3.5994229454406145e-12, 4.4825941367169903e-13, 8.537105927209237e-12, 2.487178037365605e-12, 2.6916186532361396e-12, 3.233190507327606e-14, 3.0987303265665547e-12, 1.6075780826928613e-12, 2.7690744433549405e-12
19.7, 1.5469214365467049e-12, 5.273060052973324e-13, -5.7334611378484134e-12, -2.590486881006067e-12, -3.0993046515352975e-12, 1.9826836287440968e-12, -3.4073576810838068e-12, 3.728213880292281e-13, 8.117932518552898e-12, 2.2026864471631455e-12, 2.422734346324844e-12, -4.831990002003329e-15, 2.768198097868919e-12, 1.4436315951333474e-12, 2.4797016983808632e-12
19.8, 1.3743225292637711e-12, 4.701741535051945e-13, -5.488329693779425e-12, -2.4953561783630068e-12, -2.8085815228284294e-12, 1.858226178265026e-12, -3.2206694423900526e-12, 3.076356908059407e-13, 7.71887662844668e-12, 1.9500293142665883e-12, 2.181185433814727e-12, -3.50168115124781e-14, 2.4730263049964487e-12, 1.2964559495747233e-12, 2.220811352455204e-12
19.9, 1.2211070903846978e-12, 4.1966759177604064e-13, -5.242450067617907e-12, -2.399464669133369e-12, -2.543053806388937e-12, 1.7409768404261786e-12, -3.0399986963332497e-12, 2.514114818629935e-13, 7.338895310363312e-12, 1.72569450232561e-12, 1.964131204471493e-12, -5.924511769136222e-14, 2.2094184097696997e-12, 1.1643185118769114e-12, 1.98916688431166e-12
20.0, 1.0850827898928573e-12, 3.7498911395488387e-13, -4.997909117441465e-12, -2.303557427333389e-12, -2.3006213300674085e-12, 1.6305519759687326e-12, -2.8658163583333474e-12, 2.0301409970216826e-13, 6.977022432239229e-12, 1.5265522193161763e-12, 1.7690337779458886e-12, -7.840260260323288e-14, 1.973987826838257e-12, 1.0456738805524441e-12, 1.7818773931429924e-12
