flowtime, whM2R1, whM2R2, whM2R3, whM2R4, whM2R5, whM2R6, whM2R7, whM2R8, whM2R9, whM2R10, whM2R11, whM2R12, whM2R13, whM2R14, whM2R15
0.0, 0.7878418948317134, 0.7594440218548336, 0.6614766690828799, 0.6747798081728664, 0.6221332309546022, 0.638757454631874, 0.6381833478357098, 0.7740266949946079, 0.6862127886954493, 0.7773833559115672, 0.7094206522561871, 0.782617087438662, 0.7864059625871792, 0.7876240192474855, 0.7717599726791928
0.1, 0.8174061717438937, 0.8064902942234915, 0.7468517478386527, 0.7732478247573614, 0.7456294508121071, 0.7487333658848713, 0.7334947948371862, 0.8116675404200615, 0.7862840034424885, 0.809073748777795, 0.7752447397642689, 0.8122858001415073, 0.8169291542308066, 0.8176771739418962, 0.8119916888270398
0.2, 0.8203691360670006, 0.8117667951112568, 0.7563931355500444, 0.7849939695859676, 0.7712309252588414, 0.764481827708595, 0.7550128744974693, 0.8171374316826678, 0.8045228986183485, 0.8115012411737784, 0.7802650564516005, 0.8140090312137842, 0.8209496619717214, 0.8209967515972941, 0.8167750695648102
0.3, 0.8137504034672731, 0.8049374621514839, 0.7476142960205385, 0.7762950519444607, 0.7718336441302137, 0.7575124062076002, 0.7545321361413803, 0.8113239307949073, 0.802977364839756, 0.8040295434122249, 0.7704115184504293, 0.805801818635369, 0.8151806148675858, 0.8146658319352915, 0.8100747842608685
0.4, 0.8021326749444759, 0.7923240387170165, 0.7308031930388827, 0.7584934978254338, 0.7619289653143096, 0.741427175539177, 0.7433501322362426, 0.7995226189939653, 0.7926712715258613, 0.7914955547724173, 0.7540771876812226, 0.7922541012354174, 0.8042861223111895, 0.803369492844632, 0.7972820326739791
0.5, 0.7871426265443567, 0.7758964499910627, 0.7091532243503436, 0.7350944395990134, 0.7456881533207734, 0.7205946083291617, 0.7256396308702374, 0.7834875487772823, 0.7768834666301837, 0.7755813082376449, 0.7337243165226808, 0.7748905983063463, 0.7899523049492817, 0.7887833777158628, 0.7800894005403992
0.6, 0.7694439329032037, 0.7563665246820925, 0.6839696329363129, 0.7076335096335684, 0.724516362239856, 0.6966624209267582, 0.7031988300216103, 0.7637875467111971, 0.7567549748496043, 0.756974347475703, 0.7102602769116383, 0.7542518944398312, 0.7728684355130183, 0.7716076877796412, 0.7590587850481628
0.7, 0.7493624459538089, 0.734037137422356, 0.655962827453968, 0.6770654514494842, 0.6989899473515226, 0.6702778013833515, 0.6769624195708294, 0.7405727155176048, 0.7327330260138136, 0.7360179218345807, 0.684116031565907, 0.7305470238719262, 0.7533688789201999, 0.7522087688626976, 0.7344090307861928
0.8, 0.7271067102992667, 0.7090956489409322, 0.625656563180457, 0.644171199108437, 0.6695578285575589, 0.6417058660086988, 0.6476005749395026, 0.7138875396983569, 0.7050779891973096, 0.7129357008432081, 0.6555953033587383, 0.7039038283325979, 0.7316628852705169, 0.7308475106940057, 0.7063297846253563
0.9, 0.7028464984792501, 0.6817308816804453, 0.593522883465889, 0.6096575024237215, 0.6367935627441867, 0.611087646694221, 0.6157596464607661, 0.6838389651366945, 0.674079172513414, 0.6879110916765659, 0.6250012923237458, 0.6744867248114146, 0.7079171039296097, 0.7077628081458922, 0.6751246809266287
1.0, 0.676738494792501, 0.6521840638246842, 0.560020799700454, 0.5741565517084392, 0.6014004589063966, 0.5785570984161859, 0.5821299659790968, 0.6507034388619548, 0.64014946878877, 0.6611140786544762, 0.5926800971572681, 0.6425619152726147, 0.682282444755304, 0.6831999388730965, 0.6412579066631211
1.1, 0.6489332007645171, 0.6207673444864484, 0.5255990860949663, 0.5382068711273371, 0.5641029817102194, 0.5442945234635231, 0.5474199759862041, 0.6149725275094076, 0.6038423882370804, 0.6327105456134221, 0.5590257438364293, 0.6085254251673096, 0.6549005776484706, 0.6574164812457606, 0.6053248870800952
1.2, 0.6195786293578741, 0.5878599424235212, 0.4906862533308667, 0.5022452733365472, 0.5255513556166578, 0.5085472224195366, 0.512291605670143, 0.5773200734309896, 0.5658095383173132, 0.60286923267506, 0.5244656301308372, 0.5728911107069388, 0.6259065134336957, 0.6306784747127501, 0.5679765782458364
1.3, 0.5888296845443305, 0.5538874360531625, 0.4556777092879561, 0.4666139015704924, 0.48629849170273204, 0.4716321705310134, 0.4773018789044414, 0.5385044852407299, 0.5267266482234533, 0.5717735732561371, 0.48943809412992345, 0.5362427870704659, 0.5954373817067325, 0.6032523738632954, 0.52984039101244
1.4, 0.5568676578716149, 0.5192915772040907, 0.42092523098718115, 0.4315760292596107, 0.44683031732108264, 0.4339297954321857, 0.44287565405078916, 0.4992563449555427, 0.4872246072055478, 0.5396401448027797, 0.4543700557646999, 0.49916970532048904, 0.5636535551945856, 0.5753956560333634, 0.49146992335240697
1.5, 0.5239276983911276, 0.484499573659288, 0.3867316458518654, 0.3973335756932673, 0.4076054232248931, 0.3958747529849697, 0.40931036246709473, 0.4602013406362982, 0.44785082630832324, 0.5067391790829969, 0.4196587309882676, 0.46221006158418765, 0.5307713462770156, 0.5473478064131958, 0.45332978264586743
1.6, 0.4903233188064324, 0.4499001137792487, 0.35335199550970053, 0.36404252670125803, 0.36907655694260616, 0.3579461267577048, 0.37679957241803086, 0.4218349327568342, 0.40906370329361075, 0.47340671477134055, 0.38565836961801425, 0.42581789836913975, 0.49709548417040317, 0.5193228411073818, 0.4158036913574508
1.7, 0.4564512439534385, 0.4158293208195724, 0.3210008187663078, 0.331825685497168, 0.33168891312984555, 0.3206557675240678, 0.34546138002952037, 0.38453427822491865, 0.3712470582210451, 0.4400370196661913, 0.3526717954487244, 0.3903542190569896, 0.46303046823853206, 0.4915042249411515, 0.37921122894647835
1.8, 0.42276487867084334, 0.3825659188234778, 0.289863565386007, 0.30078385753930953, 0.2958624974813974, 0.28453114589237627, 0.3153635695499425, 0.34858476681070155, 0.3347290799306864, 0.40705135522626756, 0.3209465802281329, 0.3560942458107186, 0.4290539081509623, 0.46404287487861995, 0.34382390014120845
1.9, 0.38972110354430756, 0.3503329285175578, 0.2601087913604132, 0.27100667048870547, 0.2619688219032464, 0.2500896082930462, 0.28654340203234707, 0.31420585159424125, 0.2997961920877667, 0.374851769932973, 0.29067573113789485, 0.3232418086830882, 0.3956555454551299, 0.4370587849403285, 0.30987689510457256
2.0, 0.3577213022896069, 0.3193031789059102, 0.23189709157993868, 0.24258327537654997, 0.23031020155922458, 0.21780432415158058, 0.2590230333891632, 0.2815702885936948, 0.2666989275448104, 0.34377703713968255, 0.26200226371591157, 0.2919449780253061, 0.3632677796269337, 0.41064647061630444, 0.2775760311160971
2.1, 0.32706975968205193, 0.2896068017625225, 0.20538324369381095, 0.2156117521496782, 0.20110627391480676, 0.18806676474812986, 0.23282214674891577, 0.25081638934410033, 0.23565100545243864, 0.31407564424019385, 0.23502627679784407, 0.2623102606630713, 0.3322171104399367, 0.38488369794722366, 0.24710037018949413
2.2, 0.29796045196213555, 0.2613397087545437, 0.18071011799547093, 0.19020473915073383, 0.17448902277572392, 0.1611537634692597, 0.20796850275910744, 0.22205465816009703, 0.20682434265533386, 0.2859008903923265, 0.20981272219312305, 0.23441441142215189, 0.30270983011050623, 0.3598417826878006, 0.21860115550853312
2.3, 0.27048856821030887, 0.2345723959102991, 0.15799607148233907, 0.16648830762759254, 0.15050543824582568, 0.1372072986353963, 0.18450573752259528, 0.19537021631622276, 0.18034278356871167, 0.25932373972058304, 0.18639825375534266, 0.20831340355694933, 0.2748463937164159, 0.3355944791366328, 0.19219789661566886
2.4, 0.24467565631587446, 0.20935831391951773, 0.13732030908266926, 0.14459209845817605, 0.12912598575676199, 0.11623200541827453, 0.16249664427815613, 0.17082215440932147, 0.1562767905932831, 0.23435500554120228, 0.16479620437853668, 0.18404814722487442, 0.24865037296969714, 0.3122219792930299, 0.16797289237221188
2.5, 0.2204977137675263, 0.18574077397722852, 0.11871148525652522, 0.12463144055776279, 0.11025687929650003, 0.09811048508099038, 0.14202003967479368, 0.14844094094576857, 0.1346406608853207, 0.2109691565034266, 0.14499952132258156, 0.16164674151073832, 0.2240994797685982, 0.2898077103680382, 0.14596594292147402
2.6, 0.19790945967392504, 0.16375726477911975, 0.10214325014308703, 0.10668569809538075, 0.09375433425667823, 0.08263182024454924, 0.12316054462422006, 0.1282251918424531, 0.11539319007732317, 0.18912471520293855, 0.12698209891044093, 0.1411235610064302, 0.20115138688624812, 0.26842847536663533, 0.12617107735030927
2.7, 0.17686180039410576, 0.14344036760085238, 0.08753760649885496, 0.0907795097221483, 0.07943926876560951, 0.06952606109941505, 0.10599292224616669, 0.11013920270656342, 0.09844210050001338, 0.16877880497683187, 0.11069926906948181, 0.12247613081948638, 0.17976150725972276, 0.24814163862520816, 0.10853664459462901
2.8, 0.1573119402218783, 0.12481518940833262, 0.07477442231828843, 0.07687311490927135, 0.06711124096314214, 0.05849747827635447, 0.09056490425637322, 0.09411245730802004, 0.0836519554617818, 0.14989524119443104, 0.0960882608817397, 0.10568122403772429, 0.15989251084895362, 0.228974518333729, 0.09296923329147454
2.9, 0.1392269228633983, 0.10789416489223395, 0.06370419791110972, 0.06486457409206754, 0.056560737736600745, 0.049251502279207375, 0.0768833510241013, 0.08004182611910056, 0.07085470740802628, 0.13244676029088334, 0.08306928234480751, 0.09069170238242631, 0.1415167365798294, 0.21091998260498446, 0.07934093875286544
3.0, 0.12258210377283701, 0.09267084092266406, 0.054161235640689365, 0.05460230509354674, 0.04757926257857299, 0.04151317619924462, 0.06490751127365259, 0.06779649584779424, 0.05986158386732226, 0.11641273798015073, 0.07154758416713883, 0.07743528794797529, 0.12461341068809158, 0.19393938020409407, 0.06749880041604214
3.1, 0.10735640603078563, 0.07911453275206726, 0.04597517781409398, 0.04590333842379156, 0.03996698890227288, 0.03503741431502378, 0.054550651860777975, 0.05722503456205626, 0.05047484339050556, 0.10177414989737407, 0.06141652521322595, 0.06581584456585611, 0.1091629302054286, 0.17797120329245275, 0.05727495571382316
3.2, 0.09352625959298369, 0.06716742824314575, 0.038979885678416405, 0.038572134634107344, 0.03353802295767936, 0.029612784022569713, 0.04568870647726102, 0.04816357938929299, 0.04249810120200691, 0.08850758362628112, 0.05256136889586319, 0.05571707753026511, 0.09514040896663047, 0.16294250853718115, 0.048496181383370966
3.3, 0.08105988085773182, 0.05674496497242322, 0.033019462497428084, 0.032416195254244475, 0.028123531188685352, 0.025060945149728397, 0.03817295075392494, 0.04044402165081198, 0.0357443621509094, 0.07657985690869659, 0.04486337284008677, 0.0470080245196273, 0.0825102381894965, 0.14878017623876072, 0.040991882054895006
3.4, 0.06991308492242398, 0.04773941521789282, 0.027951744100794845, 0.0272567768319533, 0.023573115606355395, 0.02123364758865747, 0.031843425167617845, 0.03390123259328019, 0.030041439994184294, 0.06594432720839997, 0.03820371241653633, 0.03954942358407576, 0.07122272714725215, 0.1354199374010629, 0.03460006218686982
3.5, 0.06002725528527545, 0.04002588125164358, 0.023649813334073032, 0.02293475056451487, 0.01975486877097339, 0.018008686629167346, 0.026540586440474415, 0.028378715271748668, 0.025234915617777538, 0.056539418563232004, 0.03246687206100648, 0.03320002527172005, 0.06121316800672609, 0.12281211475279809, 0.02917123816303296
3.6, 0.051329550129329826, 0.03346950876310668, 0.02000212709445734, 0.01931261856338918, 0.01655452267178742, 0.015285701969098668, 0.02211386139395795, 0.02373245270113875, 0.02118909022690266, 0.04828936237565631, 0.027543288794927772, 0.027822105260081532, 0.052403087483553906, 0.11092387470746991, 0.024570536355316457
3.7, 0.04373499630109903, 0.027932702308515897, 0.016911767261202807, 0.01627397318784588, 0.013874046209255931, 0.01298229962562887, 0.018426868059932728, 0.019833043149937352, 0.01778650686777693, 0.04110673981328651, 0.02333118402660596, 0.023285729447058773, 0.04470309437443691, 0.09973838960690569, 0.020678367513759132
3.8, 0.03714986347404208, 0.023281386901772658, 0.014295208507762478, 0.013721539606938851, 0.011629967414964646, 0.011030701034094653, 0.015359779707230731, 0.01656641682388851, 0.014926588171722406, 0.03489617597611805, 0.01973763664564529, 0.01947162413432907, 0.03801660712368902, 0.08925167804153024, 0.01739009597487786
3.9, 0.03147562949306478, 0.019389758842789557, 0.012080877982732054, 0.011574631800359732, 0.009751617267455591, 0.009374960740451433, 0.01280960933648415, 0.01383351121992892, 0.012523833266705791, 0.029558478175405356, 0.016679020105373584, 0.016272739651955363, 0.032243795708222965, 0.07946805387377064, 0.01461507688862195
4.0, 0.026612914233247353, 0.01614336538595509, 0.01020768345808279, 0.009766540774835778, 0.008179423186948014, 0.007968710668488007, 0.010689196499328273, 0.011549273857353352, 0.010505887393684396, 0.02499460115612998, 0.014080953069053655, 0.013594737919803564, 0.027285225064567195, 0.07039510292085929, 0.012275355772863587
4.1, 0.022464920229273808, 0.013440652938005617, 0.008623613061547792, 0.008242131169372688, 0.006863326739129104, 0.006773355119977691, 0.008925527861678495, 0.009641299718740209, 0.008811679056693642, 0.0211090030588058, 0.011877909694153801, 0.01135568855921872, 0.023044876928570518, 0.06203896481624102, 0.010304240506381632
4.2, 0.018940114029175604, 0.01119329321139303, 0.007284459185253102, 0.006955761029525064, 0.005761361900976911, 0.005756634396512758, 0.007457829366206939, 0.00804833035499892, 0.007389727478882956, 0.017812163392780585, 0.01001261509985236, 0.009485248441815992, 0.019432405167063002, 0.054400482287796405, 0.008644882190368628
4.3, 0.015954062796782235, 0.009325649507862419, 0.006152686864060927, 0.005869545449880099, 0.004838405127495652, 0.0048914819315829285, 0.0062356946237993715, 0.006718764654902257, 0.006196660378950106, 0.015022217089506209, 0.00843532457411555, 0.007923554204457398, 0.016364619015140597, 0.0474725434280662, 0.0072489442996791185
4.4, 0.013430475988157914, 0.007773718065266298, 0.005196447782508515, 0.004951937483756819, 0.004065093259537898, 0.004155111762883933, 0.0052173853805255, 0.005609268870940883, 0.005195944283288727, 0.012665788503134899, 0.007103058390976614, 0.00661999945495937, 0.013766279748129025, 0.041238722027144695, 0.0060753993891031165
4.5, 0.011301582645992729, 0.006483811817804006, 0.00438873078518217, 0.004176581082596905, 0.0034168970271471906, 0.0035282857062036315, 0.004368356245437555, 0.004683528538588505, 0.004356810044058607, 0.010678180227990582, 0.005978841180343002, 0.005532013081266025, 0.011570342651190705, 0.035673138440535025, 0.005089466613093485
4.6, 0.009508007057124818, 0.005411176396341275, 0.0037066350689200596, 0.00352138780557553, 0.002873334107190077, 0.0029947207599133035, 0.003660007921985708, 0.003911155689910027, 0.003653348505367066, 0.009003093336807539, 0.005030976787203039, 0.004623909594674699, 0.0097177879970688, 0.030741330114253028, 0.004261687905690518
4.7, 0.007998302900998665, 0.0045186586868668135, 0.0031307508460970074, 0.0029677933609771326, 0.0024173046292726135, 0.0025406064362919565, 0.003068649589135259, 0.0032667476495170135, 0.003063750294014736, 0.007592044159277604, 0.00423237632664444, 0.003865848777945318, 0.008157174267038814, 0.026401842075335646, 0.0035671325347941592
4.8, 0.006728283367648168, 0.0037754942825452067, 0.002644632687913065, 0.0025001569858583614, 0.002034532506293968, 0.0021542088929103515, 0.002574642211240134, 0.002729084954685677, 0.002569666038569337, 0.006403613823843167, 0.003559947939017784, 0.003232919072910137, 0.006844024835819968, 0.022608223186820476, 0.0029847162486535774
4.9, 0.005660254075782997, 0.003156242512321653, 0.002234352052932122, 0.002105273832785031, 0.0017130972446427887, 0.0018255442007740147, 0.0021616935947838833, 0.0022804524442343486, 0.0021556668255902573, 0.005402632518378215, 0.0029940506679415812, 0.002704344902989852, 0.00574013372020898, 0.01931113684178682, 0.00249662046799829
5.0, 0.004762224958023151, 0.002639873896462205, 0.0018881171310687354, 0.0017719768673026327, 0.001443042510794809, 0.0015461071813559954, 0.0018162786765242287, 0.0019060670541288128, 0.001808788254522449, 0.004559368239622316, 0.0025180110783635224, 0.0022628100903646325, 0.004812851682694412, 0.016460351705790712, 0.002087797674143226
5.1, 0.0040071508645089056, 0.0022090013376136154, 0.0015959497859457425, 0.0014908099720238618, 0.0012160494349399604, 0.0013086452956424474, 0.001527162419501942, 0.001593596865141766, 0.0015181445565060352, 0.003848763275318819, 0.0021176990110828883, 0.0018938856403451713, 0.004034393441131974, 0.0140064522382393, 0.0017455505103380047
5.2, 0.0033722300267316186, 0.0018492397858510911, 0.0013494109097390158, 0.0012537580350456105, 0.0010251642759714183, 0.001106969343449935, 0.0012850066198628104, 0.0013327575875707771, 0.0012746017607739326, 0.0032497417427557232, 0.0017811577098773275, 0.0015855488656303573, 0.0033811907294029318, 0.011902183809578437, 0.0014591736915685533
5.3, 0.0028382746487223736, 0.0015486768919724119, 0.001141366853371418, 0.0010540229398396932, 0.0008645715843589125, 0.0009357944391674202, 0.0010820453973535862, 0.0011149744604563982, 0.0010705008642895222, 0.0027445976685282116, 0.0014982830812085854, 0.0013277810194289755, 0.002833304264151301, 0.010103411226585248, 0.0012196493631153598
5.4, 0.0023891578914898705, 0.001297437418286933, 0.0009657907487633306, 0.0008858367675791452, 0.0007294053500774629, 0.0007906060262735176, 0.0009118170259830262, 0.0009330992552852532, 0.0008994234889717217, 0.0023184641876536865, 0.0012605467947425768, 0.0011122315840923094, 0.002373899621685823, 0.00856971604131575, 0.0010193879474809427
5.5, 0.0020113352831718934, 0.0010873256854388948, 0.0008175935106441199, 0.0007443053493606302, 0.0006155918053038672, 0.00066754669045655, 0.0007689420904933426, 0.0007811736127350115, 0.0007559937059813956, 0.001958859203191849, 0.0010607581322219606, 0.0009319386789600718, 0.00198878681097905, 0.007264686075439727, 0.0008520077343223927
5.6, 0.0016934350684532635, 0.0009115323484205643, 0.0006924801153143557, 0.0006252767089716193, 0.000519718572305136, 0.0005633203105830737, 0.0006489398163658656, 0.0006542312821278925, 0.000635710659995604, 0.0016553001596910902, 0.0008928598298999978, 0.00078109645001565, 0.001666020187868969, 0.006155962682521842, 0.0007121474991537596
5.7, 0.0014259103329216562, 0.0007643938897423572, 0.000586827427490329, 0.0005252300256835861, 0.0004389257186814968, 0.0004751107051162241, 0.0005480759097004159, 0.0005481329852040378, 0.0005348074062690911, 0.0013989795581656663, 0.0007517535643480102, 0.0006548616453321671, 0.001395553663424195, 0.005215111649079539, 0.0005953073019523675
5.8, 0.0012007452365591252, 0.0006411951738715646, 0.0004975804074629305, 0.0004411816003101112, 0.0003708150206215952, 0.000400512428951947, 0.00046323643944855833, 0.0004594286085205527, 0.0004501320263187274, 0.0011824928269106468, 0.000633151158758588, 0.0005491927971078297, 0.0011689454310346503, 0.0044173767447036804, 0.0004977133405112473
5.9, 0.0010112078905515336, 0.0005380071294886937, 0.00042216399983448574, 0.00037060498301715836, 0.00031337435651906004, 0.0003374717802157351, 0.00039182326225445976, 0.0003852422643949684, 0.00037904764491468495, 0.0009996107126205034, 0.0005334480102495661, 0.0004607164984819082, 0.0009791063180023837, 0.0037413645049606294, 0.0004162033394659064
6.0, 0.000851642990839475, 0.000451553089592106, 0.0003584083992120679, 0.00031136295844471534, 0.0002649146741005077, 0.0002842364083396652, 0.00033166727841450516, 0.0003231764695562874, 0.0003193484514564974, 0.000845089176423934, 0.0004496156426755048, 0.0003866161797269555, 0.0008200861107532137, 0.003168697545458046, 0.0003481294656994235
6.1, 0.0007172980722213353, 0.00037909853498745215, 0.00030448572132768027, 0.0002616495118751871, 0.0002240174088466154, 0.00023931218813984752, 0.00028095645305814234, 0.0002712322917217128, 0.0002691892456776793, 0.0007145106877877279, 0.00037911066565005504, 0.0003245395641173297, 0.0006868926419089341, 0.0026836632094177715, 0.0002912761920468539
6.2, 0.0006041780409303366, 0.00031835998159046065, 0.00025885639116193267, 0.00021994024145644282, 0.00018949059315865067, 0.0002014262503241016, 0.00023817606755942801, 0.0002277428228361896, 0.00022702638989747752, 0.0006041517005053535, 0.00031979776483506694, 0.0002725216342248448, 0.0005753389547257781, 0.002272875471493007, 0.00024379089814910586
6.3, 0.0005089234085913999, 0.0002674295588665162, 0.00022022380146513156, 0.0001849499530555586, 0.0001603321960391413, 0.00016949524509377086, 0.00020205910399143738, 0.00019131776713143394, 0.0001915683644370688, 0.0005108719139675479, 0.00026988465975243136, 0.0002289204814448752, 0.0004819144090910023, 0.001924961018111569, 0.0002041253112057191
6.4, 0.00042870834888452877, 0.00022471247770407968, 0.00018749600243704327, 0.00015559639011266136, 0.0001356994820497989, 0.00014259806883557748, 0.00017154502708009657, 0.00016079729406473728, 0.00016173439484355154, 0.00043202164569661346, 0.00022786724378770747, 0.0001923638615001916, 0.0004036761242221211, 0.0016302752198950774, 0.00017098615906944453
6.5, 0.0003611553146669176, 0.0001888751099040541, 0.00015975336164919575, 0.00013096922239788221, 0.00011488338455103814, 0.00011995240978799861, 0.00014574552713590052, 0.00013521361058724526, 0.000136619854031747, 0.0003653642623349307, 0.0001924833680749187, 0.00016170465128564825, 0.0003381576453042551, 0.0013806500548074927, 0.0001432936405542556
6.6, 0.00030426348527235657, 0.00015880182290553581, 0.0001362212868950971, 0.0001103035544038461, 9.728705896404562e-5, 0.000100894571661975, 0.00012391603480430168, 0.00011375896272137875, 0.00011546734372661145, 0.00030901114072970175, 0.00016267394857083395, 0.00013598371062760754, 0.00028329216481726046, 0.0011691736233467663, 0.00012014651850526604
6.7, 0.0002563487658425416, 0.00013355905276505407, 0.00011624723704243761, 9.295732407383953e-5, 8.240792311604911e-5, 8.486211851100615e-5, 0.00010543202313727235, 9.57589905681716e-5, 9.764253168078777e-5, 0.00026136706821617824, 0.00013755026616020223, 0.00011439890737251775, 0.00023734802150803192, 0.0009899994178446257, 0.00010079281456129753
6.8, 0.00021599344088560135, 0.00011236537232003855, 9.928136003735362e-5, 7.83920519745463e-5, 6.982260871459812e-5, 7.137895314222217e-5, 8.976928182636598e-5, 8.065054004494055e-5, 8.261396773388856e-5, 0.00022108435324155314, 0.0001163664955393477, 9.627927496834428e-5, 0.0001988745421620357, 0.0008381827043666521, 8.460523430067221e-5
6.9, 0.00018200390202981345, 9.456653315676982e-5, 8.48601954128454e-5, 6.615647480649098e-5, 5.917434487150407e-5, 6.004249799228471e-5, 7.648748854049965e-5, 6.796318438681669e-5, 6.993622622924773e-5, 0.00018702421566711128, 9.849664237862329e-5, 8.106344608255632e-5, 0.0001666565870155515, 0.000709541035736715, 7.106058067782523e-5
7.0, 0.00015337513431330966, 7.961464000516506e-5, 7.259296306488173e-5, 5.5872659050748237e-5, 5.0162374863401833e-5, 5.0512694139108585e-5, 6.521651822235539e-5, 5.730383342952831e-5, 5.923582763369509e-5, 0.00015822427110476816, 8.341519227126382e-5, 6.828165019692263e-5, 0.00013967641332982987, 0.0006005358756521248, 5.972252497258574e-5
7.1, 0.0001292608647797447, 6.70507628291437e-5, 6.215003248407799e-5, 4.722424334135542e-5, 4.2533073864938946e-5, 4.2502573021216205e-5, 5.5645027088560914e-5, 4.834391292540787e-5, 5.01994811166449e-5, 0.00013387112484019407, 7.068088152464173e-5, 5.7540682792674086e-5, 0.00011708168813502302, 0.0005081724581960631, 5.02272001674249e-5
7.2, 0.00010894845910297517, 5.6490411755288377e-5, 5.3253228641383685e-5, 3.9946503810296494e-5, 3.60724906114227e-5, 3.5770188127213736e-5, 4.7510927411395466e-5, 4.0808683008169986e-5, 4.256426472014179e-5, 0.00011327725622287921, 5.9923091067950566e-5, 4.851135301123782e-5, 9.815866515908056e-5, 0.00042991525126915854, 4.227116374384447e-5
7.3, 9.18378028487946e-5, 4.761139828539525e-5, 4.566768370546027e-5, 3.3817976569693904e-5, 3.060008180635417e-5, 3.011172168625472e-5, 4.0593434796224756e-5, 3.446833726876467e-5, 3.6109422679606935e-5, 9.586151047997713e-5, 5.0830442591863596e-5, 4.091799909733546e-5, 8.230969688602945e-5, 0.00036361668085579957, 3.5601347112991826e-5
7.4, 7.742352919863482e-5, 4.0143687092077026e-5, 3.919498893289121e-5, 2.865340663998929e-5, 2.59634462077416e-5, 2.535560522672494e-5, 3.470642398152722e-5, 2.9130584131613773e-5, 3.064951225024768e-5, 8.113262716857037e-5, 4.314124226915309e-5, 3.452972942010059e-5, 6.903438451558341e-5, 0.0003074570700601758, 3.0006668825950495e-5
7.5, 6.528005900098614e-5, 3.386090937687881e-5, 3.3667439490221107e-5, 2.4297823681316998e-5, 2.2033897040364028e-5, 2.1357513524417826e-5, 2.9692874138417483e-5, 2.4634462342278925e-5, 2.6028676621684238e-5, 6.867532733336914e-5, 3.663547361560232e-5, 2.915310382022851e-5, 5.791377984888381e-5, 0.0002598940312487767, 2.531103972809758e-5
7.6, 5.504900559030286e-5, 2.857326389289242e-5, 2.8943197579976465e-5, 2.062157232649158e-5, 1.870273778930518e-5, 1.7996109494931705e-5, 2.5420221857499017e-5, 2.0845184076789962e-5, 2.2115857507098028e-5, 5.813855845550366e-5, 3.112808864444441e-5, 2.4626017424781782e-5, 4.859714688803947e-5, 0.00021961980994773063, 2.1367531547721878e-5
7.7, 4.6428568968389835e-5, 2.412157739681047e-5, 2.4902226873496877e-5, 1.7516149120888892e-5, 1.5878128440412507e-5, 1.5169433416344662e-5, 2.177647082377737e-5, 1.7649833870226975e-5, 1.8800791920167215e-5, 4.922556034309073e-5, 2.6463386682983387e-5, 2.081258853077025e-5, 4.079086987011375e-5, 0.0001855253103215774, 1.8053517115259272e-5
7.8, 3.9164604176241785e-5, 2.0372334189209492e-5, 2.1442874622817193e-5, 1.4890719354518311e-5, 1.3482447593693426e-5, 1.2791843812202567e-5, 1.8666932704302888e-5, 1.495378041207126e-5, 1.5990663478592793e-5, 4.168546854574491e-5, 2.2510304139291036e-5, 1.7598885031061668e-5, 3.424916085451466e-5, 0.0001566697330753371, 1.5266621439265596e-5
7.9, 3.304309904372968e-5, 1.7213515896839093e-5, 1.847899755580704e-5, 1.2669205693997087e-5, 1.145007120442779e-5, 1.0791429622639983e-5, 1.60114949242259e-5, 1.267768224941156e-5, 1.3607300122851595e-5, 3.530621654947965e-5, 1.9158467070924203e-5, 1.4889351251042732e-5, 2.876627579505791e-5, 0.00013225492879436387, 1.2921349041007459e-5
8.0, 2.788383866790488e-5, 1.455111885952748e-5, 1.5937544295918016e-5, 1.0787856737365713e-5, 9.725501514018518e-6, 9.10782413394836e-6, 1.3742328541713501e-5, 1.0754988393868621e-5, 1.1584828111985036e-5, 2.990853544418634e-5, 1.6314882427740044e-5, 1.2603819903916918e-5, 2.41699949213726e-5, 0.00011160371563113989, 1.0946274988958984e-5
8.1, 2.3535069317033244e-5, 1.2306238318871819e-5, 1.3756521057799469e-5, 9.193217659838097e-6, 8.261790441280957e-6, 7.690360680534997e-6, 1.1801963976194217e-5, 9.129851423507925e-6, 9.86770713958412e-6, 2.534088118555344e-5, 1.3901164016768687e-5, 1.0675012919657613e-5, 2.031616263458029e-5, 9.414153294012037e-5, 9.281705597870477e-6
8.2, 1.986900412150711e-5, 1.0412626810616155e-5, 1.1883279153691536e-5, 7.840437221371967e-6, 7.0192106650243815e-6, 6.496518512373358e-6, 1.014167441339155e-5, 7.755384473856299e-6, 8.409083899714582e-6, 2.147514600484952e-5, 1.1851206165818537e-5, 9.046450790316353e-6, 1.7084115182587553e-5, 7.938090512138743e-5, 7.877730300719991e-6
8.3, 1.6778037832656415e-5, 8.814649353222972e-6, 1.0273072748197884e-5, 6.691855783895132e-6, 5.964135130542174e-6, 5.4906145543437e-6, 8.720116731617327e-6, 6.592204992881378e-6, 7.1694118348401295e-6, 1.8203032779979165e-5, 1.0109232254973394e-5, 7.670703330993719e-6, 1.43728521277865e-5, 6.69082755570584e-5, 6.692599225625124e-6
8.4, 1.4171558879863584e-5, 7.465570707295416e-6, 8.887843613324921e-6, 5.715827842091492e-6, 5.068091997372552e-6, 4.64270317910561e-6, 7.502188118744686e-6, 5.6072176854778655e-6, 6.115293465158028e-6, 1.543298994796792e-5, 8.62815717420879e-6, 6.507925817886263e-6, 1.209783090140507e-5, 5.637284181921054e-5, 5.691371908455018e-6
8.5, 1.1973264581664546e-5, 6.326120573771147e-6, 7.695196612633274e-6, 4.885740097000729e-6, 4.306967313320385e-6, 3.927651671387716e-6, 6.45806346930956e-6, 4.772597018870091e-6, 5.218508918248523e-6, 1.3087620376364328e-5, 7.36821272014442e-6, 5.524633697384569e-6, 1.0188283269943687e-5, 4.7477082663230054e-5, 4.844791681243963e-6
8.6, 1.0118900199978198e-5, 5.363291450630762e-6, 6.667535494105817e-6, 4.179192471847473e-6, 3.6603321178123964e-6, 3.324363871176288e-6, 5.562384407141374e-6, 4.064936271863622e-6, 4.4552002939250365e-6, 1.110149098536257e-5, 6.29579327468452e-6, 4.6926767675328744e-6, 8.584968920939307e-6, 3.9968716721703085e-5, 4.128347882702521e-6
8.7, 8.554355018509e-6, 4.549331266907666e-6, 5.781333476581766e-6, 3.5773148426189302e-6, 3.1108743839875863e-6, 2.8151286307487443e-6, 4.793575569261766e-6, 3.464535613407969e-6, 3.8051865104467205e-6, 9.419281213738748e-6, 5.382486076836123e-6, 3.988380166980817e-6, 7.2382951129958285e-6, 3.363387398628828e-5, 3.521494382411992e-6
8.8, 7.234059147318829e-6, 3.860899098848359e-6, 5.0165172252104736e-6, 3.064196774349287e-6, 2.643919320623615e-6, 2.385073285002457e-6, 4.133267776268636e-6, 2.9548062759960007e-6, 3.2513874557520215e-6, 7.994217974275919e-6, 4.604256226708902e-6, 3.3918248788259453e-6, 6.106742854518065e-6, 2.8291295532695315e-5, 3.006998199642845e-6
8.9, 6.119633619703843e-6, 3.278357446089977e-6, 4.355946255975654e-6, 2.6264113434092615e-6, 2.2470241673627206e-6, 2.0217053873651375e-6, 3.5658110390131707e-6, 2.5217717024024785e-6, 2.77933974876034e-6, 6.786752822138093e-6, 3.940761433217469e-6, 2.8862449424430924e-6, 5.15554973252095e-6, 2.378740568286235e-5, 2.570396403894987e-6
9.0, 5.178753816492174e-6, 2.7851788725568687e-6, 3.7849726952687033e-6, 2.252617296909547e-6, 1.9096358118443765e-6, 1.7145285704470065e-6, 3.0778631237003632e-6, 2.153649719294968e-6, 2.376789318694569e-6, 5.763443891569842e-6, 3.3747755910469065e-6, 2.4575223125172617e-6, 4.355607608942076e-6, 1.9992124877736205e-5, 2.1995431527847334e-6
9.1, 4.384192547162858e-6, 2.3674484357192314e-6, 3.2910687384440642e-6, 1.9332264478202153e-6, 1.6228014016629854e-6, 1.4547206102422133e-6, 2.6580417109639545e-6, 1.8405024357100777e-6, 2.033348431889887e-6, 4.896010934548899e-6, 2.8917036780102506e-6, 2.0937634332379756e-6, 3.6825401868605336e-6, 1.6795311750826825e-5, 1.8842317755319946e-6
9.2, 3.7130144215874842e-6, 2.0134463557951583e-6, 2.8635111773564467e-6, 1.660125411878774e-6, 1.3789236744532731e-6, 1.2348636576808864e-6, 2.296630116030687e-6, 1.5739427672162872e-6, 1.7402068154272927e-6, 4.160536683333523e-6, 2.4791733115046523e-6, 1.7849442089317361e-6, 3.11593113601711e-6, 1.4103739899724963e-5, 1.6158793499641096e-6
9.3, 3.145897616129822e-6, 1.7132979094521702e-6, 2.4931140649021766e-6, 1.4264426299831382e-6, 1.1715540334463382e-6, 1.0487181985388804e-6, 1.985328151165461e-6, 1.3468883220272012e-6, 1.489888213241152e-6, 3.536791894174041e-6, 2.1266906832105217e-6, 1.5226122353056926e-6, 2.6386782321402365e-6, 1.1838529187481112e-5, 1.3872633328422902e-6
9.4, 2.666562905728335e-6, 1.458679652072065e-6, 2.1720020076509227e-6, 1.2263531481624606e-6, 9.95217492393349e-7, 8.910336531023562e-7, 1.7170410610920774e-6, 1.153354915153475e-6, 1.2760451180980262e-6, 3.0076649269980607e-6, 1.8253505822534206e-6, 1.2996369794896789e-6, 2.2364529574099445e-6, 9.932963508786686e-6, 1.1923015592307644e-6
9.5, 2.2612930075568416e-6, 1.2425728462253266e-6, 1.8934177711454029e-6, 1.054914897232267e-6, 8.452645366385824e-7, 7.573896666706612e-7, 1.4857005911686023e-6, 9.88283251764865e-7, 1.09328559907836e-6, 2.5586796747391027e-6, 1.5675918818269226e-6, 1.1100001207133688e-6, 1.8972483544401936e-6, 8.330637191919003e-6, 1.025868386517109e-6
9.6, 1.9185279575848123e-6, 1.0590564579775102e-6, 1.651558883100066e-6, 9.079312688363909e-7, 7.177457237119236e-7, 6.440631021603908e-7, 1.2861131935940286e-6, 8.473933842940105e-7, 9.370271270082141e-7, 2.177588159047116e-6, 1.346991257365659e-6, 9.486195368384254e-7, 1.6110007281861268e-6, 6.983880875593793e-6, 8.836409719128688e-7
9.7, 1.6285244951220462e-6, 9.031333246222495e-7, 1.4414387596880501e-6, 7.818356601377848e-7, 6.093055008549632e-7, 5.479165540011063e-7, 1.1138311687759961e-6, 7.270624345964819e-7, 8.033731221664915e-7, 1.8540262248644966e-6, 1.1580890698318014e-6, 8.112014861750086e-7, 1.3692731373937801e-6, 5.8524250515783156e-6, 7.619706811524872e-7
9.8, 1.3830693295122474e-6, 7.705841370696178e-7, 1.2587685847979824e-6, 6.735943860818231e-7, 5.170922672599963e-7, 4.663048813197029e-7, 9.650432031812165e-7, 6.242218122961834e-7, 6.890086359406409e-7, 1.5792225572108278e-6, 9.962423232388048e-7, 6.94116423384106e-7, 1.164990582752509e-6, 4.902265702587989e-6, 6.577754644132938e-7
9.9, 1.1752377630170788e-6, 6.578447497070224e-7, 1.0998567641889573e-6, 5.806249611442477e-7, 4.386821729519802e-7, 3.969968282265773e-7, 8.364813220703176e-7, 5.36270777801206e-7, 5.911121535894555e-7, 1.345752756370035e-6, 8.575004225423575e-7, 5.942946318802476e-7, 9.922184449952978e-7, 4.104701768030885e-6, 5.684497324723663e-7
10.0, 9.991904916551019e-7, 5.619030590860765e-7, 9.615232737268833e-7, 5.007272529592108e-7, 3.720145368434616e-7, 3.3810927688580214e-7, 7.253417431530495e-7, 4.610037137785799e-7, 5.072809868555746e-7, 1.1473314877259631e-6, 7.38500142041437e-7, 5.09138476682391e-7, 8.459771044986046e-7, 3.435518677015204e-6, 4.91788845673494e-7
10.1, 8.500025407176064e-7, 4.802123020221325e-7, 8.410266389638957e-7, 4.320254259056931e-7, 3.1533709599918316e-7, 2.8805207949337685e-7, 6.292175101502392e-7, 3.96548899178826e-7, 4.354681289804049e-7, 9.78636804646303e-7, 6.363767878630035e-7, 4.364486015622771e-7, 7.22086827811404e-7, 2.8742960239932747e-6, 4.259258100703782e-7
10.2, 7.235192476496706e-7, 4.1061813416817957e-7, 7.360016349045804e-7, 3.729189375822935e-7, 2.671595758092813e-7, 2.454817506029147e-7, 5.460411155537625e-7, 3.413169391995643e-7, 3.7392878269983566e-7, 8.351616568996358e-7, 5.486890185648704e-7, 3.743618289824415e-7, 6.170379725069616e-7, 2.4038207264424927e-6, 3.6927817600059656e-7
10.3, 6.162350101542615e-7, 3.51297277247675e-7, 6.444060906895256e-7, 3.220411380971713e-7, 2.2621430497631636e-7, 2.0926258195130985e-7, 4.7403559967459467e-7, 2.9395730478724055e-7, 3.2117505572610976e-7, 7.130883705487494e-7, 4.7335519092849207e-7, 3.212988850083744e-7, 5.278823703915422e-7, 2.0095897839887688e-6, 3.2050346757819143e-7
10.4, 5.251911949051416e-7, 3.007058807832395e-7, 5.644754331082318e-7, 2.782242602117571e-7, 1.9142279675018225e-7, 1.7843397676164495e-7, 4.1167284697649424e-7, 2.5332168626810416e-7, 2.7593755610879847e-7, 6.091825386605463e-7, 4.085994360215494e-7, 2.759203755419104e-7, 4.521424256478978e-7, 1.6793891252308413e-6, 2.784617491545968e-7
10.5, 4.478901733795415e-7, 2.575360437996981e-7, 4.946838127128468e-7, 2.4046978688507394e-7, 1.6186738452816974e-7, 1.5218299698624172e-7, 3.5763799771627436e-7, 2.1843307523833261e-7, 2.3713281977529822e-7, 5.207033142281863e-7, 3.529059544330099e-7, 2.3708969485988634e-7, 3.877350310158685e-7, 1.4029370455667372e-6, 2.421841655811636e-7
10.6, 3.822229314259847e-7, 2.206791928249333e-7, 4.3371083331348386e-7, 2.079233477121175e-7, 1.367671406570799e-7, 1.2982128114497964e-7, 3.1079905894808056e-7, 1.8845966456544487e-7, 2.0383567035070488e-7, 4.4532756344680366e-7, 3.0498025775931093e-7, 2.038417604128258e-7, 3.3290787876674424e-7, 1.1715824564840645e-6, 2.108464854506998e-7
10.7, 3.264081037618503e-7, 1.8919522256097463e-7, 3.8041305491801104e-7, 1.7985343328201136e-7, 1.1545742605075144e-7, 1.1076562782420112e-7, 2.701809389760765e-7, 1.6269280273384328e-7, 1.7525575243948947e-7, 3.8108573178652605e-7, 2.6371628362706585e-7, 1.7535664636804734e-7, 2.86186139797653e-7, 9.780496304828111e-7, 1.837468365083002e-7
10.8, 2.789406251626781e-7, 1.6228648173647688e-7, 3.337995661926142e-7, 1.556333311934549e-7, 9.737251841501457e-8, 9.452165475185918e-8, 2.3494324761481371e-7, 1.4052836187236994e-7, 1.507175981154053e-7, 3.2630760844191474e-7, 2.2816847976321965e-7, 1.5093733745190044e-7, 2.463278159177779e-7, 8.162223716890343e-7, 1.6028695589766797e-7
10.9, 2.3854847639479206e-7, 1.392758341433714e-7, 2.9301102901974595e-7, 1.347257831301055e-7, 8.203085181205524e-8, 8.067003928894731e-8, 2.043613043943234e-7, 1.214509814152052e-7, 1.296436861740421e-7, 2.7957645625035554e-7, 1.9752809404734813e-7, 1.2999095012767155e-7, 2.1228634769425392e-7, 6.809616040692551e-7, 1.3995638902121004e-7
11.0, 2.0415624435362824e-7, 1.1958814837292791e-7, 2.5730168766230606e-7, 1.166699422777307e-7, 6.902247185499618e-8, 6.885492659884108e-8, 1.7780988126106285e-7, 1.050207355303248e-7, 1.1154003776357709e-7, 2.396902121003516e-7, 1.71103026516888e-7, 1.1201287255243743e-7, 1.831792924583936e-7, 5.679512726445449e-7, 1.2231916354667843e-7
11.1, 1.7485441857134547e-7, 1.0273467351629014e-7, 2.260239111613775e-7, 1.0107027726689184e-7, 5.79983711479697e-8, 5.87741587390237e-8, 1.547492776492048e-7, 9.086184456401121e-8, 9.598396249701615e-8, 2.0562866341289954e-7, 1.4830069946692516e-7, 9.657336279058988e-8, 1.582620810686221e-7, 4.735682226697226e-7, 1.070025423837379e-7
11.2, 1.4987351734747177e-7, 8.829984486924328e-8, 1.9861490209460982e-7, 8.758712471214193e-8, 4.866142115911772e-8, 5.0171034194511776e-8, 1.3471338617513006e-7, 7.865311127212855e-8, 8.261362907866991e-8, 1.7652567656346293e-7, 1.2861348609456072e-7, 8.330621841154853e-8, 1.3690602440846547e-7, 3.947723767452413e-7, 9.368752395810181e-8
11.3, 1.2856228004451327e-7, 7.593013655572277e-8, 1.745852592783383e-7, 7.592863916160276e-8, 4.0758659583660085e-8, 4.28273542445173e-8, 1.1729945835578772e-7, 6.811981317720698e-8, 7.111918444044008e-8, 1.5164569584978298e-7, 1.1160630928593223e-7, 7.18991921131405e-8, 1.1857987632708981e-7, 3.2901408669369e-7, 8.210081204201814e-8
11.4, 1.1036928348945662e-7, 6.532463908206808e-8, 1.5350912835904196e-7, 6.584392873610012e-8, 3.4074729213849345e-8, 3.655755191831612e-8, 1.0215932306524813e-7, 5.902682510084781e-8, 6.123518793390275e-8, 1.303638532547713e-7, 9.690608198741841e-8, 6.208587998513675e-8, 1.0283437323202102e-7, 2.7415601114118895e-7, 7.200802230645905e-8
11.5, 9.482744183832258e-8, 5.622709107472659e-8, 1.3501571340366826e-7, 5.711719750831023e-8, 2.84262951755842e-8, 3.120373214392809e-8, 8.89918471460279e-8, 5.117278148839936e-8, 5.273416280084487e-8, 1.1214913127747512e-7, 8.419271116607378e-8, 5.363885232492278e-8, 8.928926544393624e-8, 2.2840727271211203e-7, 6.320793039386805e-8
11.6, 8.154093494563738e-8, 4.841913752426009e-8, 1.1878195594240209e-7, 4.956274348503688e-8, 2.3657293673615824e-8, 2.663147923717176e-8, 7.753645880600093e-8, 4.4385118174207964e-8, 4.542109743849059e-8, 9.65501075929841e-8, 7.31914299970797e-8, 4.6363833519899956e-8, 7.762243484072397e-8, 1.9026799109495135e-7, 5.552759776678899e-8
11.7, 7.01741824199416e-8, 4.171462291313353e-8, 1.0452621619607061e-7, 4.302068428539201e-8, 1.9634887596483888e-8, 2.2726310936607066e-8, 6.756758083062786e-8, 3.851585836154784e-8, 3.9128754379123226e-8, 8.318288333403932e-8, 6.366625890958182e-8, 4.009476787947104e-8, 6.756075951307289e-8, 1.5848257940925756e-7, 4.8818237797472335e-8
11.8, 6.044254102766069e-8, 3.595475797421151e-8, 9.200281526824996e-8, 3.735330222659378e-8, 1.6246023231787912e-8, 1.9390677519700993e-8, 5.888984313937007e-8, 3.343802889819641e-8, 3.371366659438944e-8, 7.172085842124584e-8, 5.541442653272303e-8, 3.468963429757624e-8, 5.8872441857977286e-8, 1.3200043819431247e-7, 4.2951706627073346e-8
11.9, 5.210445414079359e-8, 3.1004024232202044e-8, 8.099731755588162e-8, 3.2441917057687904e-8, 1.33944982236367e-8, 1.6541420683534294e-8, 5.133396333456317e-8, 2.9042610507983534e-8, 2.9052718832532297e-8, 6.188606952089572e-8, 4.8261607264403005e-8, 3.002689395247087e-8, 5.136056265115181e-8, 1.0994289139556536e-7, 3.781752171418091e-8
12.0, 4.4954824927287696e-8, 2.6746702002332115e-8, 7.132245001236785e-8, 2.818420849413698e-8, 1.0998464480587606e-8, 1.4107620470948794e-8, 4.4753200120455776e-8, 2.5235940819641046e-8, 2.504022736196315e-8, 5.34418501413272e-8, 4.2057853941009375e-8, 2.6002473617786334e-8, 4.4857662618104296e-8, 9.157538651257362e-8, 3.332032640973483e-8
12.1, 3.8819420873735264e-8, 2.3083925377944393e-8, 6.281456979753739e-8, 2.4491922457631556e-8, 8.988301229562675e-9, 1.2028769915081631e-8, 3.9020298253115425e-8, 2.1937501502769966e-8, 2.15854442286133e-8, 4.618660960228314e-8, 3.667412244795641e-8, 2.2527202290297238e-8, 3.922118533602502e-8, 7.628413223094241e-8, 2.9377731849658588e-8
12.2, 3.355014787304102e-8, 1.9931182910475447e-8, 5.533060442496091e-8, 2.128890489690582e-8, 7.304803049773635e-9, 1.0253226572385055e-8, 3.402485557937268e-8, 1.9078031443043125e-8, 1.86104235605878e-8, 3.994855905360068e-8, 3.1999300662033696e-8, 1.952463174388645e-8, 3.432964239499724e-8, 6.355647480118482e-8, 2.5918478278882284e-8
12.3, 2.9021057403052426e-8, 1.7216195475727184e-8, 4.8745399376158037e-8, 1.8509415450574852e-8, 5.8976361662110475e-9, 8.736898182994333e-9, 2.9671052603800807e-8, 1.659791694505639e-8, 1.6048196554650027e-8, 3.458123921300098e-8, 2.793766730265102e-8, 1.6929182402699703e-8, 3.0079384478363734e-8, 5.2964422841832495e-8, 2.2880867049158026e-8
12.4, 2.512497210028293e-8, 1.4877113416312196e-8, 4.294941732383144e-8, 1.6096680313456003e-8, 4.72402302114886e-9, 7.4421263952723356e-9, 2.5875693716881717e-8, 1.4445817376248446e-8, 1.3841209898911975e-8, 2.995972693641623e-8, 2.4406717439717736e-8, 1.4684565020739498e-8, 2.638188090492618e-8, 4.415082228539592e-8, 2.0211422130226465e-8
12.5, 2.1770632896732528e-8, 1.2860984133671298e-8, 3.7846741000803366e-8, 1.4001649705797108e-8, 3.747621430969781e-9, 6.336738149782203e-9, 2.256651642719215e-8, 1.2577491013827002e-8, 1.1939989065541586e-8, 2.5977416700286986e-8, 2.13353008384377e-8, 1.2742436388566132e-8, 2.316142605716328e-8, 3.681776079630158e-8, 1.786374643269611e-8
12.6, 1.8880286289304338e-8, 1.1122448870019561e-8, 3.335333848226912e-8, 1.2181930493032405e-8, 2.9375693171837173e-9, 5.3932390939991355e-9, 1.9680731198720844e-8, 1.0954791363966599e-8, 1.0301993634883765e-8, 2.254328906027963e-8, 1.8662027370424466e-8, 1.1061253608330864e-8, 2.0353204321812138e-8, 3.0716846955754225e-8, 1.5797543610407577e-8
12.7, 1.6387643093018147e-8, 9.62263381406709e-9, 2.939555539990015e-8, 1.060086877652452e-8, 2.267670648364369e-9, 4.588127351619443e-9, 1.7163759859798558e-8, 9.544808579658387e-9, 8.890636699735851e-9, 1.957959171172371e-8, 1.6333900520168353e-8, 9.605297071688201e-9, 1.790165634639992e-8, 2.5641065002249258e-8, 1.3977780582583708e-8
12.8, 1.4236150743441383e-8, 8.328206049491392e-9, 2.5908803555735995e-8, 9.226761003951386e-9, 1.71570161456582e-9, 3.90130937570844e-9, 1.4968145011975466e-8, 8.31913458911665e-9, 7.674444510566742e-9, 1.701987023449843e-8, 1.4305145791318114e-8, 8.343836776489242e-9, 1.5759098601122998e-8, 2.1417953241861336e-8, 1.2373969772301754e-8
12.9, 1.2377530500833266e-8, 7.210569425187457e-9, 2.2836419627470448e-8, 8.032175279278871e-9, 1.2628192981536816e-9, 3.3156024285432753e-9, 1.305260684859004e-8, 7.253233684429815e-9, 6.62633605480253e-9, 1.4807295208513036e-8, 1.2536205741352661e-8, 7.2504205338436585e-9, 1.3884556001531163e-8, 1.7903893699133495e-8, 1.095955335151951e-8
13.0, 1.0770538296252927e-8, 6.245179237835076e-9, 2.0128671276714598e-8, 6.993367214589727e-9, 8.930577036582686e-10, 2.8163106134601108e-9, 1.1381227072121185e-8, 6.3259030908148355e-9, 5.72300522150164e-9, 1.2893240668891028e-8, 1.0992877522554578e-8, 6.302265865335293e-9, 1.2242773901887763e-8, 1.497933437729199e-8, 9.71137443335137e-9
13.1, 9.379914642897717e-9, 5.4109578501984235e-9, 1.7741891086002054e-8, 6.089776898782174e-9, 5.928982606206916e-10, 2.390863400564999e-9, 9.922742447198065e-9, 5.5188103773308916e-9, 4.944390735307259e-9, 1.1236075657457158e-8, 9.645572367177019e-9, 5.479740192525822e-9, 1.080338113050447e-8, 1.254479376402587e-8, 8.609222469708844e-9
13.2, 8.17549432036618e-9, 4.6897961596211334e-9, 1.5637721436448712e-8, 5.3035955670490535e-9, 3.5090378260367726e-10, 2.02850728118661e-9, 8.649933010986662e-9, 4.816096515825505e-9, 4.273221311824319e-9, 9.800136622614276e-9, 8.468679482892985e-9, 4.765916219976781e-9, 9.540180331583854e-9, 1.0517521120899519e-8, 7.635442047015831e-9
13.3, 7.131451185041431e-9, 4.066128020565317e-9, 1.3782455718508717e-8, 4.619392121414315e-9, 1.5740658023538496e-10, 1.720042613726298e-9, 7.539091999629206e-9, 4.2040350408729565e-9, 3.6946251489025098e-9, 8.554853229374073e-9, 7.440019352449888e-9, 4.146191412274556e-9, 8.430545670061644e-9, 8.828706293942763e-9, 6.774595871111627e-9
13.4, 6.225657270205791e-9, 3.5265667956555386e-9, 1.2146463254152494e-8, 4.023791126457293e-9, 4.242709893434491e-12, 1.457598935553759e-9, 6.569566407772368e-9, 3.6707392648938004e-9, 3.195794593454714e-9, 7.474004413580135e-9, 6.540373670060749e-9, 3.607962130279923e-9, 7.454911125393786e-9, 7.421149758748124e-9, 6.0131741462334785e-9
13.5, 5.439138581755244e-9, 3.059594796707971e-9, 1.0703687011835339e-8, 3.505195055038626e-9, -1.1547445321814772e-10, 1.2344430380306466e-9, 5.723358563896626e-9, 3.2059105175448394e-9, 2.765698061523557e-9, 6.535085014518187e-9, 5.753080960166103e-9, 3.1403444136654697e-9, 6.596335337967547e-9, 6.247317864463299e-9, 5.339343695493048e-9
13.6, 4.755612796679239e-9, 2.655297763125978e-9, 9.431204647667697e-9, 3.053544614332284e-9, -2.0754703219364527e-10, 1.0448149505857086e-9, 4.9847805120604166e-9, 2.800621635019263e-9, 2.394832540728141e-9, 5.7187663077793985e-9, 5.063688547090606e-9, 2.733934583998222e-9, 5.840131121406069e-9, 5.267720477599782e-9, 4.742731158520149e-9
13.7, 4.161096268647736e-9, 2.30513775088904e-9, 8.308844690204569e-9, 2.6601118621278752e-9, -2.768569260670772e-10, 8.837877261385651e-10, 4.3401540563396195e-9, 2.4471305908054745e-9, 2.0750108465731406e-9, 5.008436386402288e-9, 4.459652860152265e-9, 2.380603878980783e-9, 5.1735497105737415e-9, 4.44955812264636e-9, 4.214235459467994e-9
13.8, 3.643569821016955e-9, 2.0017587648808873e-9, 7.318850756214282e-9, 2.317321530078235e-9, -3.275056338430247e-10, 7.471475295172442e-10, 3.777550335813431e-9, 2.1387200123661167e-9, 1.7991786706420876e-9, 4.389808302367975e-9, 3.930081260070492e-9, 2.0733221788424983e-9, 4.585511349175002e-9, 3.765594441090925e-9, 3.7458654052972855e-9
13.9, 3.192694316175805e-9, 1.7388203212971821e-9, 6.445587638708718e-9, 2.0185966868434895e-9, -3.6293329009399034e-10, 6.312910487710689e-10, 3.2865636388975e-9, 1.8695588706245884e-9, 1.5612573227536504e-9, 3.850585920979483e-9, 3.4655095078398683e-9, 1.8060066012515385e-9, 4.066375139810792e-9, 3.1932168799701835e-9, 3.3305989197644237e-9
14.0, 2.7995684641503413e-9, 1.510854876177998e-9, 5.675283913641064e-9, 1.758225346116151e-9, -3.8601998602542614e-10, 5.331377109405236e-10, 2.8581148741336115e-9, 1.6345832522982663e-9, 1.35600836472926e-9, 3.38017880325567e-9, 3.0577098721192527e-9, 1.5733913996946332e-9, 3.6077422203366267e-9, 2.713654505394206e-9, 2.9622609010915376e-9
14.1, 2.45652246611788e-9, 1.3131456144364288e-9, 4.9958064174436725e-9, 1.5312451597495078e-9, -3.9917192112304425e-10, 4.5005452816993163e-10, 2.4842807521894952e-9, 1.4293935029345203e-9, 1.1789172255557418e-9, 2.969458796603891e-9, 2.6995255709779355e-9, 1.370916102685843e-9, 3.2022872234441854e-9, 2.3113270452185098e-9, 2.6354171296905313e-9
14.2, 2.1569420753311196e-9, 1.1416216517511781e-9, 4.3964625548787165e-9, 1.3333436839128399e-9, -4.0439470832861724e-10, 3.797917530394835e-10, 2.158145246941582e-9, 1.250165456901718e-9, 1.0260929526055919e-9, 2.610552186343399e-9, 2.3847278686382553e-9, 1.1946292644413193e-9, 2.84361378271616e-9, 1.9733032804680808e-9, 2.345282031909131e-9
14.3, 1.8951185052016698e-9, 9.927681128035297e-10, 3.867826921922007e-9, 1.1607721108072528e-9, -4.033556574211471e-10, 3.2042777294157926e-10, 1.8736704127816373e-9, 1.093573742262313e-9, 8.941819759685479e-10, 2.296662052174377e-9, 2.1078926626878813e-9, 1.0411056352359153e-9, 2.526130508538567e-9, 1.6888507237057062e-9, 2.087638405769031e-9
14.4, 1.6661202747849625e-9, 8.635489741942152e-10, 3.4015891829942223e-9, 1.0102706037651856e-9, -3.9743672219579213e-10, 2.703219054129894e-10, 1.6255839584945914e-9, 9.567255444899854e-10, 7.802938253444029e-10, 2.0219163950705558e-9, 1.864293853458248e-9, 9.073747971661861e-10, 2.2449443882843267e-9, 1.4490612889077278e-9, 1.8587674952408627e-9
14.5, 1.4656837471295513e-9, 7.513407455213424e-10, 2.990420539471448e-9, 8.790036606567173e-10, -3.877794237674033e-10, 2.280739547558578e-10, 1.4092814017175129e-9, 8.371033326966838e-10, 6.819371642744948e-10, 1.7812382474076294e-9, 1.6498111662037718e-9, 7.908596960470578e-10, 1.995769055171601e-9, 1.2465402727244305e-9, 1.6553880142088592e-9
14.6, 1.2901195339880392e-9, 6.538755422445043e-10, 2.6278564663339275e-9, 7.645041398393268e-10, -3.7532301409341206e-10, 1.9248956212941692e-10, 1.2207408743617716e-9, 7.325153125625917e-10, 5.969646955457089e-10, 1.5702344688621598e-9, 1.4608504300342418e-9, 6.893236334294373e-10, 1.7748457483592668e-9, 1.0751480892594235e-9, 1.474602933483183e-9
14.7, 1.136232413341733e-9, 5.691921273697856e-10, 2.3081936924702456e-9, 6.64624775410456e-10, -3.60836828325125e-10, 1.6255050956578802e-10, 1.0564489240699283e-9, 6.410525600224975e-10, 5.235256863036642e-10, 1.385100538549771e-9, 1.2942745920213146e-9, 6.008245275485982e-10, 1.578875119386407e-9, 9.297858750972661e-10, 1.3138529951005008e-9
14.8, 1.0012527935159062e-9, 4.955937918355685e-10, 2.0263996604550044e-9, 5.774961444878293e-10, -3.4494769982769737e-10, 1.3738927325250786e-10, 9.133358500356983e-10, 5.610518844692234e-10, 4.600250756024447e-10, 1.2225389507156914e-9, 1.1473439931827475e-9, 5.236754605828707e-10, 1.404958328651771e-9, 8.062175398221542e-10, 1.170876065366917e-9
14.9, 8.827779652451558e-10, 4.316121435646579e-10, 1.7780329202274305e-9, 5.014902551112635e-10, -3.281632131819956e-10, 1.1626721679316945e-10, 7.887193726557716e-10, 4.910636909229887e-10, 4.050882166920861e-10, 1.079689255715772e-9, 1.017664636708978e-9, 4.564105918396803e-10, 1.250546096332787e-9, 7.009221941350694e-10, 1.0436715675669704e-9
15.0, 7.787217417404451e-10, 3.759759142338112e-10, 1.5591731090695185e-9, 4.3518895768770954e-10, -3.108913247719306e-10, 9.85559020213153e-11, 6.802555090492764e-10, 4.2982408647839237e-10, 3.5753049243541485e-10, 9.540680373697188e-10, 9.031433554088006e-10, 3.977557228222217e-10, 1.1133945728459967e-9, 6.109717650655499e-10, 9.304693285025682e-10
15.1, 6.872712317368306e-10, 3.2758410447584403e-10, 1.366359345830187e-9, 3.7735654995317466e-10, -2.93456998641638e-10, 8.372107551998043e-11, 5.858957438789324e-10, 3.762307223017151e-10, 3.163311340826462e-10, 8.435173916107096e-10, 8.01948938784385e-10, 3.4660283943575416e-10, 9.915270793153565e-10, 5.339295571185276e-10, 8.297022691069853e-10
15.2, 6.068497277633833e-10, 2.8548284769271824e-10, 1.196536006168054e-9, 3.26916005550398e-10, -2.761162277801027e-10, 7.130894139316079e-11, 5.038496653524248e-10, 3.2932183309838427e-10, 2.806106272841842e-10, 7.46160644049613e-10, 7.124784088991357e-10, 3.019881087020093e-10, 8.832008841576834e-10, 4.677661789964185e-10, 7.399824480115787e-10
15.3, 5.360847994204524e-10, 2.4884546240763326e-10, 1.0470049777356053e-9, 2.8292833797015143e-10, -2.5906787345550946e-10, 6.093440945187169e-11, 4.3255237222435146e-10, 2.882580229073581e-10, 2.4961125094713293e-10, 6.603643081894342e-10, 6.333277510734203e-10, 2.6307283351068206e-10, 7.86878329866687e-10, 4.1078990353794733e-10, 6.600800267686156e-10
15.4, 4.737808560149323e-10, 2.1695525522854122e-10, 9.1538360884122e-10, 2.445746969495795e-10, -2.4246363833184884e-10, 5.2271023375541995e-11, 3.706360227354075e-10, 2.523064821377542e-10, 2.226802776017487e-10, 5.847053494885838e-10, 5.632664929987533e-10, 2.2912697221734052e-10, 7.012016963808536e-10, 3.6158898865854025e-10, 5.889047890149598e-10
15.5, 4.188955132666017e-10, 1.8919068093090356e-10, 7.995676598300118e-10, 2.111408049111915e-10, -2.2641645045814516e-10, 4.5042336311114853e-11, 3.169050096453505e-10, 2.2082725354493954e-10, 1.9925550668659578e-10, 5.179429939113516e-10, 5.012156183022154e-10, 1.995148634853858e-10, 6.249713041187938e-10, 3.1898391833816283e-10, 5.25489886910541e-10
15.6, 3.7051924039788055e-10, 1.650125450087503e-10, 6.976986527035999e-10, 1.8200344479164505e-10, -2.1100751054119605e-10, 3.901452563730294e-11, 2.7031426899161045e-10, 1.9326130139562972e-10, 1.7885276296574116e-10, 4.5899446752545083e-10, 4.4622836681899945e-10, 1.7368285113894097e-10, 5.571264042405674e-10, 2.8198785092325047e-10, 4.689775418513044e-10
15.7, 3.278578101189551e-10, 1.43952939711501e-10, 6.081350875372952e-10, 1.5661871517613303e-10, -1.9629219677804836e-10, 3.3990076827853436e-11, 2.2995035204031194e-10, 1.6912014721327706e-10, 1.610551416469841e-10, 4.069140609106024e-10, 3.9747353268607975e-10, 1.511485795954852e-10, 4.967284978916509e-10, 2.497739016320731e-10, 4.1860645208357973e-10
15.8, 2.902171418149361e-10, 1.2560569603633511e-10, 5.294270615489727e-10, 1.345118188472048e-10, -1.8230501081649906e-10, 2.9802370825889785e-11, 1.950148833206216e-10, 1.4797684094868008e-10, 1.4550370542252704e-10, 3.6087507327532184e-10, 3.5422093020510424e-10, 1.31491682584002e-10, 4.4294674034055637e-10, 2.216480336619175e-10, 3.737006982773896e-10
15.9, 2.5699021647317903e-10, 1.0961813646378956e-10, 4.6029388232102344e-10, 1.152681875746232e-10, -1.6906369505687906e-10, 2.6311065776821933e-11, 1.6481010373749949e-10, 1.2945811348771239e-10, 1.318894752662458e-10, 3.2015423040023403e-10, 3.1582873931702773e-10, 1.1434572569052861e-10, 3.9504517449512557e-10, 1.970266469195927e-10, 3.3365995881382837e-10
16.0, 2.2764576487652917e-10, 9.568393793012315e-11, 3.9960431662050993e-10, 9.852575800818621e-11, -1.5657267617474054e-10, 2.3398137684813057e-11, 1.387262473944553e-10, 1.1323755223101969e-10, 1.199465317313721e-10, 2.841182047842705e-10, 2.817324787829008e-10, 9.939120432199955e-11, 3.523715394323147e-10, 1.754179998168581e-10, 2.979508780267813e-10
16.1, 2.0171848093138588e-10, 8.35369605252896e-11, 3.4635916418592967e-10, 8.396825730390947e-11, -1.4482592602066736e-10, 2.096450532407041e-11, 1.1623050320099762e-10, 9.902964371286739e-11, 1.0944603905435612e-10, 2.522119752419111e-10, 2.514353951856727e-10, 8.634946836494144e-11, 3.1434745897525574e-10, 1.5640685876316646e-10, 2.660994490176062e-10
16.2, 1.7880053419821267e-10, 7.294592048540275e-11, 2.9967587141029455e-10, 7.13193506453922e-11, -1.3380931407366176e-10, 1.892714712907963e-11, 9.685736057007503e-11, 8.658459054156481e-11, 1.0019110897236547e-10, 2.239487469335938e-10, 2.2450008222427675e-10, 7.497744084558895e-11, 2.8045982037727703e-10, 1.3964175979273473e-10, 2.376842798649836e-10
16.3, 1.585342310513823e-10, 6.370976607736658e-11, 2.587749522229785e-10, 6.033755130183171e-11, -1.2350255894404231e-10, 1.7216635500268222e-11, 8.020018006843743e-11, 7.568379418634881e-11, 9.201237438662157e-11, 1.9890121488066094e-10, 2.0054116413762077e-10, 6.506303651608231e-11, 2.502532059191736e-10, 1.2482448081527626e-10, 2.1233064810303599e-10
16.4, 1.406056366807939e-10, 5.5653678204525576e-11, 2.2296799530664818e-10, 5.081179066132255e-11, -1.1388082991297826e-10, 1.577504323928841e-11, 6.590380859390786e-11, 6.613592208135545e-11, 8.476415908620088e-11, 1.7669399969888653e-10, 1.7921890958929886e-10, 5.642116246539176e-11, 2.2332322947484143e-10, 1.1170130411621024e-10, 1.8970523859963262e-10
16.5, 1.2473904354103834e-10, 4.862561213547131e-11, 1.9164707322002396e-10, 4.255755337205083e-11, -1.0491605868566903e-10, 1.4554148546802827e-11, 5.365813127288464e-11, 5.777346685975429e-11, 7.832118416793031e-11, 1.5699707274834773e-10, 1.6023365231907534e-10, 4.8890264662958173e-11, 1.9931067424822335e-10, 1.0005577641173519e-10, 1.6951149156453684e-10
16.6, 1.1069215895848248e-10, 4.2493296944889535e-11, 1.6427538642093046e-10, 3.541350959801775e-11, -9.657799869446689e-11, 1.3513916142451878e-11, 4.3192425632464506e-11, 5.044975539672533e-11, 7.257572933412518e-11, 1.3952006012184857e-10, 1.433209135401134e-10, 4.232930429746037e-11, 1.778963247313711e-10, 8.970271023257579e-11, 1.514854818777339e-10
16.7, 9.825192532416942e-11, 3.71416333240481e-11, 1.4037899886166542e-10, 2.923858937065019e-11, -8.883509309665248e-11, 1.2621200615010413e-11, 3.427042134400415e-11, 4.403633246593479e-11, 6.743517307210809e-11, 1.2400728572351428e-10, 1.2824713740861827e-10, 3.661513394746663e-11, 1.587964117463463e-10, 8.048319326988016e-11, 1.3539227344669611e-10
16.8, 8.723088023075919e-11, 3.247044616040956e-11, 1.1953953342341002e-10, 2.3909414734263142e-11, -8.165515028882822e-11, 1.1848644047466269e-11, 2.6685983852188656e-11, 3.842067963251964e-11, 6.281988466978699e-11, 1.1023346309997609e-10, 1.1480595680977453e-10, 3.1640213140514916e-11, 1.4175858996756124e-10, 7.226045169748119e-11, 1.2102268514169648e-10
16.9, 7.746398742015399e-11, 2.839252489822435e-11, 1.0138771974580101e-10, 1.931807519612397e-11, -7.50058900069113e-11, 1.117374199059445e-11, 2.0259334803801684e-11, 3.3504218499945034e-11, 5.866142067686029e-11, 9.799993466139114e-11, 1.0281492615280959e-10, 2.7310618536898232e-11, 1.2655838941522789e-10, 6.491640203796595e-11, 1.0819042758542083e-10
17.0, 6.880587246652013e-11, 2.483192786405041e-11, 8.559768800769254e-11, 1.5370179818396104e-11, -6.885538805392685e-11, 1.057805087035585e-11, 1.4833740482078492e-11, 2.920057637072573e-11, 5.49009276802791e-11, 8.713140932965579e-11, 9.2112658045831e-11, 2.3544309116914483e-11, 1.1299607460446672e-10, 5.83487847669321e-11, 9.672956211293196e-11
17.1, 6.112840712963664e-11, 2.1722519194268463e-11, 7.188192712157494e-11, 1.1983159946015038e-11, -6.31723832052722e-11, 1.004651685928243e-11, 1.0272620321406152e-11, 2.5434058109264238e-11, 5.148781308721346e-11, 7.747311143976362e-11, 8.25563129365715e-11, 2.026961913638125e-11, 1.0089387157381755e-10, 5.24687683901115e-11, 8.649224961217276e-11
17.2, 5.4318608843513614e-11, 1.9006680637026744e-11, 5.998682835327135e-11, 9.084784470205861e-12, -5.7926541685422406e-11, 9.566908166749216e-12, 6.457011516444277e-12, 2.213831803346248e-11, 4.8378575282239314e-11, 6.888828903695347e-11, 7.401939774650216e-11, 1.7423938088724935e-11, 9.009351091122121e-11, 4.719895603926765e-11, 7.734674940419969e-11
17.3, 4.827679685500511e-11, 1.663421092758118e-11, 4.968874290453044e-11, 6.611864574798733e-12, -5.3088632275455906e-11, 9.12933563043492e-12, 3.2833514795653037e-12, 1.9255210556791227e-11, 4.55358004529623e-11, 6.125603765760635e-11, 6.638983449023973e-11, 1.4952566674021924e-11, 8.045405375038744e-11, 4.247171092227083e-11, 6.917564452766287e-11
17.4, 4.2914986043423925e-11, 1.456136377570613e-11, 4.079049794115429e-11, 4.50912545908106e-12, -4.8630660074311325e-11, 8.725848810193708e-12, 6.615386459021745e-13, 1.6733752679661966e-11, 4.2927306804938485e-11, 5.446939777228192e-11, 5.956826350316009e-11, 1.2807712364786248e-11, 7.184996509006866e-11, 3.822775469401509e-11, 6.187426676835495e-11
17.5, 3.81554747064178e-11, 1.2750006515253009e-11, 3.311831631219163e-11, 2.7282176255126816e-12, -4.452594641018802e-11, 8.350096413182118e-12, -1.486764563571686e-12, 1.4529247490837169e-11, 4.052540017816491e-11, 4.843369949715418e-11, 5.34665530188427e-11, 1.094761825196749e-11, 6.41694069286786e-11, 3.4414988196027495e-11, 5.534929547221531e-11
17.6, 3.3929616631894505e-11, 1.1166893242138083e-11, 2.6519090689589145e-11, 1.2268495561824108e-12, -4.0749180731462245e-11, 7.99703836329019e-12, -3.2296239325561495e-12, 1.2602505389794416e-11, 3.830622763016108e-11, 4.306509482215626e-11, 4.800648941633723e-11, 9.335797297089532e-12, 5.731272235289829e-11, 3.098750509182161e-11, 4.951751392822547e-11
17.7, 3.017673689034608e-11, 9.783035556407509e-12, 2.0857975307525105e-11, -3.1960730202303e-14, -3.727644571761042e-11, 7.662710166440334e-12, -4.6261306384094525e-12, 1.091916046052642e-11, 3.624924206909176e-11, 3.828928828012547e-11, 4.311862463119102e-11, 7.940373823912744e-12, 5.11910943410626e-11, 2.7904746820524906e-11, 4.430470354291294e-11
17.8, 2.6843183676668793e-11, 8.573152079635815e-12, 1.6016254767493524e-11, -1.0805490529818548e-12, -3.4085209490825416e-11, 7.344019576769858e-12, -5.727537125288201e-12, 9.449082898884086e-12, 3.4336724636426485e-11, 3.4040411414235046e-11, 3.874126186316509e-11, 6.733499360097007e-12, 4.5725351229234636e-11, 2.5130797880739494e-11, 3.9644661257167164e-11
17.9, 2.3881497675159034e-11, 7.51519458356071e-12, 1.1889460092072814e-11, -1.947186722138394e-12, -3.115430969413043e-11, 7.038582834655032e-12, -6.578260433140356e-12, 8.165841795922571e-12, 3.2553378471849404e-11, 3.026004262502932e-11, 3.481956264915331e-11, 5.690840897317193e-12, 4.08449081256713e-11, 2.2633783363212764e-11, 3.5478324659158095e-11
18.0, 2.1249679973194838e-11, 6.589923629306094e-12, 8.385702859787329e-12, -2.6565779750102057e-12, -2.8463927262132437e-11, 6.74458281742037e-12, -7.2167497750660515e-12, 7.046259964172457e-12, 3.0885981403129175e-11, 2.6896336388645434e-11, 3.130475989895997e-11, 4.791146815303601e-12, 3.6486825602983864e-11, 2.038535501749438e-11, 3.17529940689926e-11
18.1, 1.8910552856461502e-11, 5.780554391461491e-12, 5.424200671676648e-12, -3.2303086063325573e-12, -2.5995535503726086e-11, 6.460657136137064e-12, -7.676250541782802e-12, 6.070011109061116e-12, 2.932309647340772e-11, 2.390326908731605e-11, 2.8153464199175722e-11, 4.0158536833880284e-12, 3.2594974476573095e-11, 1.8360253018041148e-11, 2.8421641198929012e-11
18.2, 1.683119198835941e-11, 5.0724391839309964e-12, 2.9339752399207514e-12, -3.6872289293367856e-12, -2.3731859093159015e-11, 6.185801267558477e-12, -7.985472191455234e-12, 5.219273288452484e-12, 2.7854801264277034e-11, 2.1239961278652846e-11, 2.532705217936679e-11, 3.3487494084249996e-12, 2.911929071794065e-11, 1.6535934204069283e-11, 2.5442292343120263e-11
18.3, 1.4982432475334765e-11, 4.4527920593461845e-12, 8.526997601303967e-13, -4.043795990755833e-12, -2.165681253675532e-11, 5.9192909148175424e-12, -8.169170642840712e-12, 4.478408652749797e-12, 2.6472476484359144e-11, 1.887009948178556e-11, 2.2791126174914045e-11, 2.7756792520941322e-12, 2.601511642159507e-11, 1.4892240782574346e-11, 2.2777481012081216e-11
18.4, 1.3338429505350455e-11, 3.910454921794483e-12, -8.743197622722054e-13, -4.3143644728953245e-12, -1.9755447579401035e-11, 5.6606178774251015e-12, -8.248661398442007e-12, 3.833711753568583e-12, 2.5168617945514817e-11, 1.6761404431310164e-11, 2.051503753580045e-11, 2.2842853596529355e-12, 2.324260898584421e-11, 1.3411128243926928e-11, 2.0393759435130082e-11
18.5, 1.1876274222380423e-11, 3.435684110588383e-12, -2.2950457679218858e-12, -4.511455872336075e-12, -1.801389322096097e-11, 5.409439942585545e-12, -8.242265268028247e-12, 3.273156346708266e-12, 2.3936673772205354e-11, 1.4885180685693594e-11, 1.847146515625102e-11, 1.8637838502435475e-12, 2.0766219726738906e-11, 1.2076421260992168e-11, 1.8261263908478074e-11
18.6, 1.0575654111480772e-11, 3.019971527199645e-12, -3.4515046558669496e-12, -4.645976019826291e-12, -1.641929096046293e-11, 5.1655351882977526e-12, -8.16569572693981e-12, 2.7861987918259273e-12, 2.2770911721464993e-11, 1.3215907105458224e-11, 1.66360434133317e-11, 1.5047637016711537e-12, 1.8554227420565058e-11, 1.087360212636385e-11, 1.6353326937114003e-11
18.7, 9.418554708547006e-12, 2.6558883973314978e-12, -4.380490905860769e-12, -4.727424001769325e-12, -1.495974796488427e-11, 4.928771902438975e-12, -8.032404889672964e-12, 2.363597149344e-12, 2.1666293797089175e-11, 1.1730880277943683e-11, 1.4987032010041405e-11, 1.1990160878482948e-12, 1.6578323253947693e-11, 9.789631342424261e-12, 1.4646133077445153e-11
18.8, 8.388993967465518e-12, 2.336946038180661e-12, -5.114189487584943e-12, -4.764062152427057e-12, -1.3624263040040116e-11, 4.6990792007003705e-12, -7.853878597527007e-12, 1.9972457501730833e-12, 2.061837474578831e-11, 1.040989709530381e-11, 1.3505025272094583e-11, 9.393841357620347e-13, 1.4813241494319433e-11, 8.812783788106512e-12, 1.3118411209822382e-11
18.9, 7.472790608907471e-12, 2.0574777943045276e-12, -5.680725354644029e-12, -4.7630692132414945e-12, -1.2402675746493146e-11, 4.476426117594545e-12, -7.6398975140352e-12, 1.6800410502363923e-12, 1.9623227862709694e-11, 9.234978235743802e-12, 1.2172693286573478e-11, 7.196294266909551e-13, 1.3236430806781276e-11, 7.93250917601573e-12, 1.1751160567410589e-11
19.0, 6.6573573057468695e-12, 1.8125326947658225e-12, -6.104649271428215e-12, -4.730678901633717e-12, -1.1285609956566014e-11, 4.2608062372119535e-12, -7.398764712451305e-12, 1.4057555261610604e-12, 1.867735906469673e-11, 8.190118761632601e-12, 1.0974553568582367e-11, 5.343159016575827e-13, 1.1827760209218462e-11, 7.139309237624947e-12, 1.0527406583187192e-11
19.1, 5.931519315564269e-12, 1.5977829572034757e-12, -6.407366993016811e-12, -4.672291932902489e-12, -1.026442380817458e-11, 4.0522236156899586e-12, -7.137502802282186e-12, 1.1689325340447515e-12, 1.777765075558605e-11, 7.261066192826373e-12, 9.89676813757129e-12, 3.787099450862209e-13, 1.0569259095521513e-11, 6.4246267632489705e-12, 9.43198296494675e-12
19.2, 5.285353380033452e-12, 1.4094497109650632e-12, -6.607518311402934e-12, -4.592584303636274e-12, -9.331155283151189e-12, 3.850683759049223e-12, -6.862029335160255e-12, 9.647873337557466e-13, 1.692130428539083e-11, 6.43512975416901e-12, 8.926963895611743e-12, 2.4869208623468156e-13, 9.444883262306619e-12, 5.7807493574008055e-12, 8.451338058039342e-12
19.3, 4.710046597430581e-12, 1.2442300384710227e-12, -6.7213117433157295e-12, -4.495595598509055e-12, -8.478476192482984e-12, 3.656185344166101e-12, -6.577306636428797e-12, 7.891350886743437e-13, 1.6105800238568723e-11, 5.701008646405003e-12, 8.054073016643568e-12, 1.4067785599857707e-13, 8.440308026425414e-12, 5.200723549447103e-12, 7.573361066721292e-12
19.4, 4.1977695533830854e-12, 1.0992371000291737e-12, -6.762819923100218e-12, -4.3848095688811515e-12, -7.69963923447922e-12, 3.4687182738658473e-12, -6.287472170500661e-12, 6.383021363672167e-13, 1.532885518503459e-11, 5.048632619825154e-12, 7.268191209550523e-12, 5.1552307303942446e-14, 7.54274298725478e-12, 4.6782782032228725e-12, 6.7872283277335276e-12
19.5, 3.7415668319881256e-12, 9.719476572250444e-13, -6.744240572092714e-12, -4.2632260301691925e-12, -6.9884443218552735e-12, 3.288257012557279e-12, -5.995955725305834e-12, 5.090780127890188e-13, 1.45883918551667e-11, 4.469033256349505e-12, 6.560452246657433e-12, -2.1390353437596067e-14, 6.740767102531489e-12, 4.207755413142208e-12, 6.083265061431372e-12
19.6, 3.3352560849074583e-12, 8.601554459656715e-13, -6.67612644436954e-12, -4.133418990140079e-12, -6.339193078999359e-12, 3.11476005688033e-12, -5.7055768561538875e-12, 3.986502148796858e-13, 1.3882507502244294e-11, 3.9542197309503e-12, 5.9229157827897e-12, -8.049937944220589e-14, 6.024181193519076e-12, 3.784050808917669e-12, 5.452822669123688e-12
19.7, 2.973342807363748e-12, 7.619306573305991e-13, -6.5675884114985724e-12, -3.997589830815101e-12, -5.7466560765557965e-12, 2.9481697279300694e-12, -5.418631537289856e-12, 3.045589577066722e-13, 1.3209453162267736e-11, 3.4970710739969264e-12, 5.348468365962007e-12, -1.2781165031237274e-13, 5.383877391838958e-12, 3.402558853984825e-12, 4.888169502466071e-12
19.8, 2.6509432272381745e-12, 6.755897006306742e-13, -6.4264744030627835e-12, -3.857618544042898e-12, -5.2060245713158465e-12, 2.788410304019161e-12, -5.136970556946481e-12, 2.2465125114030328e-13, 1.2567612792940773e-11, 3.0912449426564013e-12, 4.8307346832576465e-12, -1.6509333695211607e-13, 4.8117211628765735e-12, 3.059122261240486e-12, 4.3823924667281035e-12
19.9, 2.3637137945411355e-12, 5.996565133056248e-13, -6.259527219518565e-12, -3.715100636173186e-12, -4.7128945487334325e-12, 2.6353889028032043e-12, -4.862061912182696e-12, 1.5704572370582318e-13, 1.1955489289428517e-11, 2.7310905801728286e-12, 4.3639990573853535e-12, -1.9387154354095006e-13, 4.300447529430761e-12, 2.7499896920598888e-12, 3.929309909703685e-12
20.0, 2.1077930632221646e-12, 5.328418097589613e-13, -6.0725232557401366e-12, -3.5713886049609796e-12, -4.2632161560605596e-12, 2.48899761838675e-12, -4.5950488613400166e-12, 1.000963980091242e-13, 1.1371684480190357e-11, 2.4115701176917442e-12, 3.9431353590353886e-12, -2.1546687408350501e-13, 3.843567773325926e-12, 2.471776258259998e-12, 3.5233937203926926e-12
