flowtime, whM1R1, whM1R2, whM1R3, whM1R4, whM1R5, whM1R6, whM1R7, whM1R8, whM1R9, whM1R10, whM1R11, whM1R12, whM1R13, whM1R14, whM1R15
0.0, 0.009070628389403338, 0.0021379577566578217, 0.003186120305718552, 0.0029135850933954526, 0.0020287368843825487, 0.007949970673288068, 0.002077163562237844, 0.0022929746604671715, 0.004739404791849364, 0.007601448569049881, 0.005033661732445258, 0.002055137080209765, 0.006297858598105444, 0.0020132338364660875, 0.002576382984383503
0.1, 0.005374837959992327, 0.0009802836699612447, 0.001582709279435099, 0.001533729822084222, 0.0009165235163997107, 0.003819992492767214, 0.0009342780122545066, 0.0010478718289220785, 0.002323703973741409, 0.0037930065625308347, 0.0022721272385458164, 0.0009735364996301743, 0.003175737750162674, 0.000895348945394613, 0.0011865787374822833
0.2, 0.0029904431689469547, 0.0004417105889995395, 0.0007525495527375344, 0.0007370224295471456, 0.00040772099719368275, 0.0017665577474733883, 0.0004126301809598715, 0.00046867121592749424, 0.0011174024452203044, 0.0018232378912926297, 0.0010012167273072319, 0.0004502889535144532, 0.0015550185465703415, 0.00039285058108816823, 0.0005258040988185584
0.3, 0.0015748493606668652, 0.00019677350004215286, 0.00034669571497250633, 0.0003333804564555262, 0.00017949934324855315, 0.0007950754355173446, 0.00017997188693676772, 0.00020656176880150926, 0.0005313118665500741, 0.0008535142039861005, 0.00043376863126612505, 0.00020514497575890473, 0.0007442536376313548, 0.00017079497857521066, 0.00022583524918079367
0.4, 0.0007918942952441157, 8.700652808825562e-5, 0.00015644339851443603, 0.00014472563878483813, 7.844324599896733e-5, 0.0003521625358037685, 7.779595914577829e-5, 9.012375944703783e-5, 0.00025134182948937376, 0.0003927619762776792, 0.00018586039990947659, 9.259692853397018e-5, 0.00035073522512600445, 7.374662130896984e-5, 9.449618685728511e-5
0.5, 0.00038405762651956473, 3.827583294929963e-5, 6.974354062649497e-5, 6.105509820056528e-5, 3.408157179334874e-5, 0.0001549587059008964, 3.339029152628109e-5, 3.9032822049885975e-5, 0.0001187925241795904, 0.00017897212335958734, 7.912854918789621e-5, 4.1565264616754086e-5, 0.0001638007242383174, 3.165320952593294e-5, 3.860819522499027e-5
0.6, 0.00018156532996802547, 1.677391789852842e-5, 3.091010046219238e-5, 2.5219096103451135e-5, 1.4729293704015255e-5, 6.820543773662749e-5, 1.4237270776871605e-5, 1.6804214529455968e-5, 5.624483253291041e-5, 8.119382591142093e-5, 3.35821040972376e-5, 1.8599175808011896e-5, 7.61916237748895e-5, 1.3503477219022426e-5, 1.5384332377796697e-5
0.7, 8.449698012181394e-5, 7.326573930936689e-6, 1.3676388254740411e-5, 1.023605132294816e-5, 6.330484038634909e-6, 3.0163974214726244e-5, 6.027886726904867e-6, 7.193778559165388e-6, 2.6719023530878878e-5, 3.681085088012648e-5, 1.4234690165925396e-5, 8.308675441813434e-6, 3.5424720336546906e-5, 5.720252560067816e-6, 5.945137689327349e-6
0.8, 3.902341699569425e-5, 3.189432652337361e-6, 6.057185559124564e-6, 4.083765194571488e-6, 2.703380994262508e-6, 1.3437812128386171e-5, 2.5306731751736227e-6, 3.0609427233379114e-6, 1.2745543602455551e-5, 1.6719987298539764e-5, 6.031471551808243e-6, 3.708933646554088e-6, 1.650268338346316e-5, 2.4020437251372343e-6, 2.2001665765933703e-6
0.9, 1.7992497652093975e-5, 1.3832137244234622e-6, 2.6896054955817763e-6, 1.59677570113489e-6, 1.1453883934601841e-6, 6.037640169315659e-6, 1.0510744749512164e-6, 1.293068857143157e-6, 6.10736264311027e-6, 7.620991101448922e-6, 2.5547938194466077e-6, 1.6553917326400316e-6, 7.714618766426282e-6, 9.972591581591292e-7, 7.593146308952667e-7
1.0, 8.316161469154765e-6, 5.971716376700981e-7, 1.1984366636078261e-6, 6.077032640038636e-7, 4.804269984998632e-7, 2.7369785085476036e-6, 4.3035851532923166e-7, 5.413229967143175e-7, 2.940009028974706e-6, 3.4894117131531055e-6, 1.0812283532460228e-6, 7.390141316696386e-7, 3.622314044714235e-6, 4.0777778752836256e-7, 2.2911968391588396e-7
1.1, 3.8632121312902365e-6, 2.563698658504299e-7, 5.361174482318687e-7, 2.2215831789600586e-7, 1.9886992994832217e-7, 1.2516985514950801e-6, 1.727894705117332e-7, 2.2396453388386023e-7, 1.4217428824744998e-6, 1.6059810979859937e-6, 4.567638664996674e-7, 3.300806243459087e-7, 1.7092033889073155e-6, 1.6326963903509836e-7, 4.784584321271625e-8
1.2, 1.8064275886935134e-6, 1.0928107792959339e-7, 2.4084143165658726e-7, 7.598927861575074e-8, 8.086875010233454e-8, 5.77301380177804e-7, 6.746064844913212e-8, 9.121508716429146e-8, 6.905822149495562e-7, 7.43279786330255e-7, 1.9235456731147823e-7, 1.475343233756712e-7, 8.106756971801943e-7, 6.342162025300904e-8, -5.764732921623415e-9
1.3, 8.508695515117416e-7, 4.615929657007402e-8, 1.0866423910805666e-7, 2.2865100819727486e-8, 3.207725402128665e-8, 2.6839998308620756e-7, 2.524757537270919e-8, 3.6351880401909684e-8, 3.3686867135150885e-7, 3.460175141973385e-7, 8.06136706991411e-8, 6.600182426389507e-8, 3.8652946368544285e-7, 2.3520339009555207e-8, -1.6152541390454023e-8
1.4, 4.0381556133620105e-7, 1.9266828535776458e-8, 4.9245421264001595e-8, 4.8822594852294456e-9, 1.2267868194410946e-8, 1.2572716144246214e-7, 8.811926020349395e-9, 1.4041941548923882e-8, 1.6499857969807732e-7, 1.6204913542769262e-7, 3.354793699173683e-8, 2.9559707740634195e-8, 1.8526348069096395e-7, 8.066277839470698e-9, -1.403475170024819e-8
1.5, 1.9308549504636172e-7, 7.915834980908776e-9, 2.241867016894005e-8, -4.057849006118417e-10, 4.428488514221372e-9, 5.931138306130709e-8, 2.6879735998274457e-9, 5.170841160728784e-9, 8.113297374963151e-8, 7.635559460698424e-8, 1.3824301415782927e-8, 1.3256707725259046e-8, 8.925434493039804e-8, 2.3624965413767883e-9, -9.704547479976766e-9
1.6, 9.299230156973833e-8, 3.182641279827166e-9, 1.0253513182638815e-8, -1.4441964832396184e-9, 1.4410797397555986e-9, 2.8165655439371244e-8, 5.674703964949847e-10, 1.7559473045276824e-9, 4.004404957155873e-8, 3.6199710037728264e-8, 5.619166056897137e-9, 5.9552613070362654e-9, 4.321592860074808e-8, 4.235874729366374e-10, -6.0691974141353955e-9
1.7, 4.5093159567690593e-8, 1.2406980613133108e-9, 4.7122471287056625e-9, -1.2645355562628982e-9, 3.6920947255585546e-10, 1.3458715351501905e-8, -6.822145417340414e-11, 5.055443325107804e-10, 1.98349721724842e-8, 1.7268324519088813e-8, 2.2405984545530294e-9, 2.6808403015398374e-9, 2.1026408630271284e-8, -1.3273703183806569e-10, -3.5878620264056188e-9
1.8, 2.2006527354605008e-8, 4.614808715200989e-10, 2.1765679245761723e-9, -8.69542363843097e-10, 2.4591670201222102e-11, 6.469002246636211e-9, -1.9406650838394282e-10, 8.536365032375252e-11, 9.858528008776683e-9, 8.288483750825198e-9, 8.690860715089052e-10, 1.2099485509546197e-9, 1.0278242070290002e-8, -2.2344748567977258e-10, -2.0463893084728646e-9
1.9, 1.0803672126727881e-8, 1.586270344976895e-10, 1.0107053936228663e-9, -5.385064380029985e-10, -6.074757307548648e-11, 3.1267036656421565e-9, -1.6992047441318377e-10, -3.2624846461149765e-11, 4.9160648270409635e-9, 4.002831473607713e-9, 3.23329727343367e-10, 5.478511185416114e-10, 5.046935224996184e-9, -1.835240874406833e-10, -1.1387861996390237e-9
2.0, 5.33302109469988e-9, 4.6523129155757716e-11, 4.719826158733916e-10, -3.1449839429348615e-10, -6.379233077024743e-11, 1.5192647799296681e-9, -1.1825819880978539e-10, -5.0198267360512853e-11, 2.4591810190320016e-9, 1.9449255713152607e-9, 1.1232805485376378e-10, 2.4905239974852554e-10, 2.488934027165025e-9, -1.2466556146573736e-10, -6.224855299821688e-10
2.1, 2.6458654711076006e-9, 8.326757230571512e-12, 2.2173552497282406e-10, -1.768911936751409e-10, -4.722028751600965e-11, 7.419467657222573e-10, -7.437940967497303e-11, -4.034353750305345e-11, 1.2338915418446814e-9, 9.50706906544921e-10, 3.424615225384278e-11, 1.1377492122018269e-10, 1.232530741254145e-9, -7.744963851472442e-11, -3.356996990977386e-10
2.2, 1.3187930081364257e-9, -2.6497747150671056e-12, 1.0483920770741263e-10, -9.690746285640757e-11, -3.065304401512242e-11, 3.640920017453479e-10, -4.419166913967246e-11, -2.7024311249185547e-11, 6.209075028513459e-10, 4.674671663727147e-10, 7.379224709342892e-12, 5.228609691371823e-11, 6.1277932441723e-10, -4.568766792235196e-11, -1.7914590031244207e-10
2.3, 6.601387294000447e-10, -4.4377994790523886e-12, 4.990775776757997e-11, -5.2056590660297326e-11, -1.857086586301873e-11, 1.7950004014241581e-10, -2.53186203091719e-11, -1.6587798788620376e-11, 3.13323835054242e-10, 2.3118396856089886e-10, -6.41777245753644e-13, 2.420023316644155e-11, 3.0581418932708563e-10, -2.605917830044996e-11, -9.480288296480741e-11
2.4, 3.317363504906113e-10, -3.643298325093964e-12, 2.392994376686557e-11, -2.753554969359995e-11, -1.0783453878858314e-11, 8.889070366626768e-11, -1.4146297362287357e-11, -9.671084056771092e-12, 1.585377908660061e-10, 1.1497327127708128e-10, -2.2444272263625054e-12, 1.129519769397806e-11, 1.5317433878943283e-10, -1.4518254634826282e-11, -4.982802252070095e-11
2.5, 1.6730701089945467e-10, -2.4743562252437374e-12, 1.1561254296335887e-11, -1.438175241902917e-11, -6.08506454976389e-12, 4.4209513862179456e-11, -7.76091979564071e-12, -5.450097707992373e-12, 8.04274056456354e-11, 5.7489575591612376e-11, -1.9747184489583807e-12, 5.323143473381053e-12, 7.698741027347815e-11, -7.950184445406723e-12, -2.604198515803245e-11
2.6, 8.465962763412509e-11, -1.5366820626134722e-12, 5.629826248817007e-12, -7.430686519624027e-12, -3.3642173198780306e-12, 2.2078850180887373e-11, -4.1993490782030264e-12, -2.997984993423211e-12, 4.090428664451942e-11, 2.8896558178088498e-11, -1.363944878565155e-12, 2.536168786800329e-12, 3.8823278594283614e-11, -4.296753676194382e-12, -1.3546131470395345e-11
2.7, 4.297053984104017e-11, -9.059534620285062e-13, 2.7638586504071925e-12, -3.802512871186816e-12, -1.8317328326155667e-12, 1.1070712752392051e-11, -2.2478899112240904e-12, -1.6194223740869509e-12, 2.0854080981324538e-11, 1.4597298183096423e-11, -8.475156163284461e-13, 1.2229078347876076e-12, 1.9639940226444244e-11, -2.2985095093132994e-12, -7.017843102503135e-12
2.8, 2.1872622920647588e-11, -5.162840123816538e-13, 1.3681382376315573e-12, -1.928691148342565e-12, -9.856388889564718e-13, 5.5725338355049875e-12, -1.1930010692250112e-12, -8.623814801451868e-13, 1.0657046420371633e-11, 7.409129127046525e-12, -4.960255944899671e-13, 5.972765171059358e-13, 9.96560028109278e-12, -1.219524113902447e-12, -3.62311029358844e-12
2.9, 1.1163004298426248e-11, -2.8729987492272033e-13, 6.828923924887063e-13, -9.700017895934838e-13, -5.254410173425612e-13, 2.815459112837898e-12, -6.287529259461237e-13, -4.5394936440342547e-13, 5.458511953563974e-12, 3.777680940364296e-12, -2.7925640325709935e-13, 2.956217675895291e-13, 5.071369475378534e-12, -6.427453751453838e-13, -1.8648445466551075e-12
3.0, 5.711316104607782e-12, -1.570937485892587e-13, 3.43673985079206e-13, -4.83761485410562e-13, -2.780134116179253e-13, 1.4276040155981157e-12, -3.2947604917853586e-13, -2.366447794362963e-13, 2.8020318189747782e-12, 1.9343707501851847e-12, -1.5295335569959707e-13, 1.4829196571032263e-13, 2.5879260295844405e-12, -3.3689946515093913e-13, -9.572883071273711e-13
3.1, 2.928869181011215e-12, -8.475132704058504e-14, 1.7435178907045306e-13, -2.3918813246858643e-13, -1.4619562302996607e-13, 7.263933723906417e-13, -1.718239954380082e-13, -1.2233369001074868e-13, 1.441466640799189e-12, 9.944953548473063e-13, -8.205089960997999e-14, 7.536714426902199e-14, 1.324136384585034e-12, -1.757804341558602e-13, -4.902390752567625e-13
3.2, 1.5052695512003066e-12, -4.52414102074448e-14, 8.913690907409822e-14, -1.1718181912372807e-13, -7.648661651731194e-14, 3.7083931285712823e-13, -8.924508762523951e-14, -6.277202593121261e-14, 7.430903208492837e-13, 5.132245875680245e-13, -4.32919783449197e-14, 3.878187796276065e-14, 6.792352895186211e-13, -9.136158858420934e-14, -2.5051871681229967e-13
3.3, 7.752255286581112e-13, -2.394520127601334e-14, 4.59055598166676e-14, -5.683224056860896e-14, -3.9845286801807437e-14, 1.899302670016452e-13, -4.619393483651188e-14, -3.199218039740635e-14, 3.8384691330559613e-13, 2.6579625333608625e-13, -2.252787187553757e-14, 2.0184798917717083e-14, 3.492767212493079e-13, -4.732955750583635e-14, -1.2776796091753392e-13
3.4, 4.0003364722495005e-13, -1.2585023926141881e-14, 2.3803572730510916e-14, -2.724833043992808e-14, -2.068210425261421e-14, 9.757584361284083e-14, -2.3839435654632606e-14, -1.6201973772303514e-14, 1.98668484041737e-13, 1.381099702133111e-13, -1.158231740621827e-14, 1.0613141206716544e-14, 1.8002746761098885e-13, -2.445023209321451e-14, -6.504582912043417e-14
3.5, 2.0681413633848004e-13, -6.575736191311685e-15, 1.2421028635706787e-14, -1.288875126849531e-14, -1.0702129705889147e-14, 5.027775291644912e-14, -1.2271271547782306e-14, -8.155403741726991e-15, 1.0302208625698529e-13, 7.19843146432514e-14, -5.890022277590052e-15, 5.630085205959308e-15, 9.300106503019205e-14, -1.2600423024530516e-14, -3.3058648880093726e-14
3.6, 1.0711354727435556e-13, -3.418830840087293e-15, 6.518795637442752e-15, -5.99665172335962e-15, -5.523229268557179e-15, 2.598011288320503e-14, -6.3024267826902775e-15, -4.08047757065434e-15, 5.352280761370981e-14, 3.7626487010662516e-14, -2.9644666521267868e-15, 3.009242301063337e-15, 4.8148151633015975e-14, -6.480076970079886e-15, -1.6774883771530258e-14
3.7, 5.5572290140690775e-14, -1.7699414505260285e-15, 3.438925161415118e-15, -2.7320136275300853e-15, -2.8439387233599105e-15, 1.3461229244059115e-14, -3.2304933495164475e-15, -2.0292230173494752e-15, 2.7856851819386988e-14, 1.971984802146868e-14, -1.4769295575746807e-15, 1.6185041596878501e-15, 2.497919354731284e-14, -3.3264928859895617e-15, -8.499101199655117e-15
3.8, 2.887982223292363e-14, -9.129160111891086e-16, 1.8225430087866882e-15, -1.2102414877753003e-15, -1.4614454423957973e-15, 6.9928550305034714e-15, -1.6529945979641228e-15, -1.002757403124791e-15, 1.4524050826284044e-14, 1.0360572343009115e-14, -7.282097185184063e-16, 8.749296171722212e-16, 1.2985261558596973e-14, -1.7049223833191465e-15, -4.299783621630349e-15
3.9, 1.503240763227501e-14, -4.693401806708228e-16, 9.698307155916162e-16, -5.151566427096075e-16, -7.497055650854547e-16, 3.641656447874827e-15, -8.444977119924242e-16, -4.921813497969011e-16, 7.585504626373088e-15, 5.455764106100595e-15, -3.5509959985658845e-16, 4.748766485830368e-16, 6.763391317268181e-15, -8.726080918510868e-16, -2.1721651661629995e-15
4.0, 7.836790411376513e-15, -2.4059524068633997e-16, 5.17910223960884e-16, -2.061222593863338e-16, -3.8400569247901284e-16, 1.900936204442622e-15, -4.30843789963698e-16, -2.3979519238375134e-16, 3.968267763643906e-15, 2.8790262931443026e-15, -1.710546731840703e-16, 2.5854986050023983e-16, 3.5293063255461422e-15, -4.460702792203962e-16, -1.0957625638360123e-15
4.1, 4.091696527099596e-15, -1.2301415146921662e-16, 2.774260583880288e-16, -7.385579433398664e-17, -1.9642789542100008e-16, 9.945139038865488e-16, -2.1953028335953938e-16, -1.1586439046170806e-16, 2.0792961827316324e-15, 1.5222484222457917e-15, -8.124842656096176e-17, 1.4110166820361064e-16, 1.8449983967985316e-15, -2.2778189712902956e-16, -5.519686254997148e-16
4.2, 2.1394667532558706e-15, -6.27472449663341e-17, 1.4900018632097485e-16, -2.0453966509913e-17, -1.0035865041052153e-16, 5.214117632477642e-16, -1.1173036945739085e-16, -5.545095198662907e-17, 1.0912139417615936e-15, 8.063281868856169e-16, -3.794763997377381e-17, 7.713837686228719e-17, 9.661763281321753e-16, -1.1620389866673352e-16, -2.776363045940118e-16
4.3, 1.1202819127221138e-15, -3.1936572032841664e-17, 8.020556635608432e-17, -9.81291300130887e-19, -5.122139571223263e-17, 2.739243712377353e-16, -5.68057101255609e-17, -2.623982330245387e-17, 5.73536640538404e-16, 4.2782451205019343e-16, -1.7354177795442532e-17, 4.22217208616143e-17, 5.068079472328708e-16, -5.923172480294819e-17, -1.3943895993918848e-16
4.4, 5.874251402724084e-16, -1.622183483074703e-17, 4.325647330297552e-17, 4.676630492596766e-18, -2.6118166788091502e-17, 1.4418327323829094e-16, -2.8853054349184565e-17, -1.2247347700742914e-17, 3.0189069733973436e-16, 2.2734889530885826e-16, -7.719188627860671e-18, 2.3128533529894303e-17, 2.6627536361034096e-16, -3.016896042813335e-17, -6.992171102312621e-17
4.5, 3.0843646698875836e-16, -8.223983593425872e-18, 2.3366581127172213e-17, 5.2161857852807174e-18, -1.330677429658775e-17, 7.603082561784158e-17, -1.464198798069986e-17, -5.618393336724843e-18, 1.591312582986415e-16, 1.2098822051173414e-16, -3.3023812549713792e-18, 1.2675459583336072e-17, 1.4011787645710067e-16, -1.5355835653335942e-17, -3.500468628583993e-17
4.6, 1.6216310176319057e-16, -4.1616626729537196e-18, 1.2639262506589923e-17, 4.20615407632122e-18, -6.774531635562688e-18, 4.0161760596799134e-17, -7.424033349612181e-18, -2.5197911648602122e-18, 8.399591339127957e-17, 6.447183502261522e-17, -1.3310252439239505e-18, 6.948246453520982e-18, 7.384251676728189e-17, -7.811279415848404e-18, -1.7493786933368432e-17
4.7, 8.536838448073822e-17, -2.1022829820872794e-18, 6.844338074556762e-18, 2.988259429617051e-18, -3.4466276824608032e-18, 2.1249249156039675e-17, -3.7612092945153925e-18, -1.095522486621144e-18, 4.439539412048546e-17, 3.4397837016931457e-17, -4.832767950380232e-19, 3.8088592956923675e-18, 3.8971377093701905e-17, -3.97134260719081e-18, -8.726307252620808e-18
4.8, 4.499732404465972e-17, -1.0601583804055365e-18, 3.709699009564441e-18, 1.983353654068303e-18, -1.7524502671264693e-18, 1.1260103290100494e-17, -1.904071976893145e-18, -4.550285553534071e-19, 2.3494953949986796e-17, 1.8373319913653794e-17, -1.3869120931465608e-19, 2.0876475213533137e-18, 2.0596238095485738e-17, -2.0180613950737208e-18, -4.3441128096350974e-18
4.9, 2.3746908853498393e-17, -5.337069012963057e-19, 2.012201890882067e-18, 1.2615894482416828e-18, -8.905523508334945e-19, 5.975471969190724e-18, -9.631892547946805e-19, -1.7549161729306575e-19, 1.244941019480274e-17, 9.824317467314109e-18, -1.1532144082681472e-20, 1.14396868628806e-18, 1.0899594410303833e-17, -1.0250377658616272e-18, -2.1578506164731015e-18
5.0, 1.2547123880901222e-17, -2.6822676457687773e-19, 1.0921177125714813e-18, 7.794487940182328e-19, -4.5233135760438135e-19, 3.1753958590585104e-18, -4.868792895213817e-19, -5.868480341052077e-20, 6.604511519812924e-18, 5.258262939179983e-18, 2.653645143188301e-20, 6.266700221363909e-19, 5.775502692113045e-18, -5.204411021683711e-19, -1.0692786793457148e-18
5.1, 6.637195329275089e-18, -1.3456141843598277e-19, 5.930337644408219e-19, 4.714912486425014e-19, -2.29637223963185e-19, 1.6895976043465243e-18, -2.4594168485677073e-19, -1.3170453731491758e-20, 3.507760762572571e-18, 2.816936022651632e-18, 3.1240732110400926e-20, 3.4315625598136834e-19, 3.064111281135114e-18, -2.6414405841044893e-19, -5.284536879099794e-19
5.2, 3.514910123351514e-18, -6.738274508293253e-20, 3.2214536151628924e-19, 2.8066086343350677e-19, -1.1653197823678008e-19, 9.001166918071198e-19, -1.2414449255773594e-19, 2.3852050562513842e-21, 1.865087180057991e-18, 1.510343648123951e-18, 2.5593405735927087e-20, 1.8783284972308315e-19, 1.6275469531294632e-18, -1.34022152793834e-19, -2.6038982556823937e-19
5.3, 1.863457516029268e-18, -3.368123011075193e-20, 1.7504340828550193e-19, 1.649739768813937e-19, -5.911447841913045e-20, 4.800762865309923e-19, -6.262210549019216e-20, 6.153756470111116e-21, 9.927207974456023e-19, 8.104322069648876e-19, 1.8317237072597688e-20, 1.0276680353538487e-19, 8.654745223692588e-19, -6.797812475427553e-20, -1.2787289199378646e-19
5.4, 9.889777114555865e-19, -1.6802284655503955e-20, 9.513571854819789e-20, 9.599922833703299e-20, -2.9976922385205176e-20, 2.5632408521990227e-19, -3.156793255629161e-20, 5.815111905174252e-21, 5.289253462959276e-19, 4.351834111838136e-19, 1.2202852091114928e-20, 5.620065498127555e-20, 4.607310581224216e-19, -3.446950454023456e-20, -6.255610962985905e-20
5.5, 5.254154157341459e-19, -8.364040281657896e-21, 5.17162011758193e-20, 5.539995558308825e-20, -1.5196510667261486e-20, 1.369962906284127e-19, -1.5899113313688887e-20, 4.416451721255577e-21, 2.8208920348641416e-19, 2.338403310621259e-19, 7.779584184982897e-21, 3.0722384494981095e-20, 2.455242534447994e-19, -1.747613622816333e-20, -3.046835687411426e-20
5.6, 2.7941795176446946e-19, -4.154294113883606e-21, 2.811570908593319e-20, 3.175053166688107e-20, -7.701725151009876e-21, 7.328861471890725e-20, -8.004406974529415e-21, 3.036585808480158e-21, 1.5058458598703672e-19, 1.2572790278090105e-19, 4.81333799960917e-21, 1.678530934320669e-20, 1.309722786987088e-19, -8.857630282633576e-21, -1.476310672754025e-20
5.7, 1.4874004844150474e-19, -2.058010830702319e-21, 1.528637135932221e-20, 1.80914150997542e-20, -3.901397285647094e-21, 3.9241176399928196e-20, -4.0260070977352746e-21, 1.972827180771522e-21, 8.045687977082381e-20, 6.763909747463547e-20, 2.9145518725979304e-21, 9.167283799570217e-21, 6.993095189978757e-20, -4.4890588225778735e-21, -7.110100601690553e-21
5.8, 7.92521989761925e-20, -1.0164830491920852e-21, 8.311456132643184e-21, 1.0256949495378202e-20, -1.9760226357420613e-21, 2.1029276065663435e-20, -2.022747877717915e-21, 1.2350007040346822e-21, 4.30240943475459e-20, 3.640756688643136e-20, 1.7362706989068223e-21, 5.0037382370635915e-21, 3.73733264872209e-20, -2.2744466354186256e-21, -3.399920873648892e-21
5.9, 4.2265609788882826e-20, -5.0039783749889935e-22, 4.519117313939752e-21, 5.7898034631098026e-21, -9.992744740838485e-22, 1.1278176864605692e-20, -1.0151772685302343e-21, 7.536873657238507e-22, 2.3025188243754523e-20, 1.9606669039723593e-20, 1.0206955300184701e-21, 2.7300545756533504e-21, 1.9991097774425582e-20, -1.1525520401009022e-21, -1.6112061471071434e-21
6.0, 2.2560379927175392e-20, -2.451491472015695e-22, 2.4571284110744266e-21, 3.2563869817093133e-21, -5.053795126752953e-22, 6.052741887049033e-21, -5.08742262096933e-22, 4.511996823403228e-22, 1.2331551859668783e-20, 1.0563516085936356e-20, 5.941418233594315e-22, 1.4891443833807993e-21, 1.0701992758287425e-20, -5.837481235820433e-22, -7.555048513310377e-22
6.1, 1.2052659241618152e-20, -1.1955938576749793e-22, 1.3360533457659243e-21, 1.8255014995313143e-21, -2.552749630560395e-22, 3.2507724686190755e-21, -2.5461544315048637e-22, 2.662844766543985e-22, 6.609094725797715e-21, 5.69348883922574e-21, 3.430335888801859e-22, 8.119399647384249e-22, 5.73381736015189e-21, -2.958107195742551e-22, -3.491817418046512e-22
6.2, 6.444499902965018e-21, -5.814407042252109e-23, 7.26543186260338e-22, 1.0202813862207414e-21, -1.286929752860259e-22, 1.746794043699152e-21, -1.2709762135216612e-22, 1.5507328042854987e-22, 3.5449343884294475e-21, 3.0696755705322908e-21, 1.9676741188140107e-22, 4.424261360166979e-22, 3.074528255466548e-21, -1.498576876683775e-22, -1.5881939932618795e-22
6.3, 3.448528914819005e-21, -2.810227576711231e-23, 3.9511880101921443e-22, 5.690362380939288e-22, -6.477233550459063e-23, 9.393332978576253e-22, -6.34978202440702e-23, 8.96327083554697e-23, 1.902393270381497e-21, 1.6556608825429186e-21, 1.1234092485036463e-22, 2.4120598261360886e-22, 1.6497068288311635e-21, -7.599915182685673e-23, -7.039486956166178e-23
6.4, 1.8467706072524017e-21, -1.3639735946938765e-23, 2.1490388189771135e-22, 3.1656570787529634e-22, -3.245684229169035e-23, 5.053008171690667e-22, -3.1499687223994723e-23, 5.141521586863165e-23, 1.0214286300177305e-21, 8.931809820841637e-22, 6.391949392903047e-23, 1.314286979024461e-22, 8.859338748569108e-22, -3.863257752047081e-23, -3.008595089629312e-23
6.5, 9.89724408139482e-22, -6.641299153173952e-24, 1.1689347830116915e-22, 1.7581910191035282e-22, -1.6267912130510028e-23, 2.7201334990696355e-22, -1.5656988643909743e-23, 2.935315782178409e-23, 5.487912154979664e-22, 4.8197973333081345e-22, 3.628951396918975e-23, 7.160957541898254e-23, 4.760956380007003e-22, -1.962658968378075e-23, -1.2087740249609996e-23
6.6, 5.3074667967548995e-22, -3.2073636508890666e-24, 6.355480593955809e-23, 9.751238749511324e-23, -8.083906869146085e-24, 1.4650441199072933e-22, -7.775631648959196e-24, 1.671925520809415e-23, 2.9495124842406726e-22, 2.6011837886280822e-22, 2.0634366873787694e-23, 3.9055908599088e-23, 2.5597908935877885e-22, -9.898691538521862e-24, -4.419307185448297e-24
6.7, 2.848978054259494e-22, -1.5702884125051331e-24, 3.4535909633569365e-23, 5.400492415004232e-23, -4.0482965460995215e-24, 7.888011123558323e-23, -3.847475681336199e-24, 9.482747115585512e-24, 1.5857902609180952e-22, 1.404303507012233e-22, 1.1729937605391357e-23, 2.1326216186475802e-23, 1.377777535382751e-22, -4.983670187279217e-24, -1.3367186767801016e-24
6.8, 1.530748319880074e-22, -8.018409127222666e-25, 1.8762095198496939e-23, 2.9868290093509497e-23, -1.9826622775015784e-24, 4.251965672554734e-23, -1.8918432435974563e-24, 5.298186210742158e-24, 8.527857152554345e-23, 7.580716016410526e-23, 6.63237787373671e-24, 1.1661227384404528e-23, 7.424019676973901e-23, -2.469639318709453e-24, -1.6131964927342519e-25
6.9, 8.227931308684811e-23, -4.177501635563885e-25, 1.0183517707710863e-23, 1.6518209265179888e-23, -9.74240545516945e-25, 2.2894356125721968e-23, -9.306930387226569e-25, 2.9817637278723046e-24, 4.5882109453258817e-23, 4.090701269736539e-23, 3.785886114579095e-24, 6.3798606500325826e-24, 4.001521214004259e-23, -1.2190334963138276e-24, 2.176096486584065e-25
7.0, 4.424981712558235e-23, -2.2000877713092163e-25, 5.5216530067375145e-24, 9.114616453486259e-24, -4.726590015606042e-25, 1.2355179131638913e-23, -4.696460235855266e-25, 1.676816878262334e-24, 2.470333991729853e-23, 2.2099513097328915e-23, 2.1892891354766377e-24, 3.4940518302358394e-24, 2.1588115076744093e-23, -5.834690675981783e-25, 2.799307194060644e-25
7.1, 2.3842057911078127e-23, -1.0138747617323971e-25, 2.9800296030275655e-24, 5.02949916805803e-24, -2.2667927505876746e-25, 6.65889617224741e-24, -2.3950361424980237e-25, 9.150756842949626e-25, 1.32958804749596e-23, 1.1922768195796323e-23, 1.2691185003104062e-24, 1.916970149902348e-24, 1.166066468902718e-23, -2.7291748883928784e-25, 2.4522264544867635e-25
7.2, 1.2865400607343822e-23, -4.551694061500943e-26, 1.5991853778382629e-24, 2.775512852717565e-24, -1.0649265786955118e-25, 3.590487587088408e-24, -1.2781625496481605e-25, 5.142217282966068e-25, 7.148060052308163e-24, 6.4267613097346185e-24, 7.415966994582785e-25, 1.0550103515228666e-24, 6.314168522433353e-24, -1.2048075340919416e-25, 1.7421048882723772e-25
7.3, 6.962199211463542e-24, -1.7387287160082835e-26, 8.558494381227239e-25, 1.5204821984909683e-24, -4.5061668900608907e-26, 1.931769038326626e-24, -7.031390281227379e-26, 2.8062897321522923e-25, 3.848152194642149e-24, 3.47648806134377e-24, 4.371605963686669e-25, 5.867301430805416e-25, 3.425479725387087e-24, -4.975250218269069e-26, 1.321976057893559e-25
7.4, 3.7668005104619226e-24, -5.3775774130735746e-27, 4.577833819485062e-25, 8.376667043155706e-25, -1.5859057669328276e-26, 1.0384837325195016e-24, -3.9832438450654604e-26, 1.538639355235515e-25, 2.0725298446767285e-24, 1.8717089799134066e-24, 2.5801117675206176e-25, 3.2491182055946196e-25, 1.854549328610524e-24, -1.858557254321005e-26, 9.375783839763996e-26
7.5, 2.0461905856042758e-24, 1.612633797356903e-27, 2.4099475699977712e-25, 4.587668200057367e-25, -3.547538583559119e-27, 5.581567275893875e-25, -2.221751543337151e-26, 8.296815453697366e-26, 1.1163761189821617e-24, 1.012390013248074e-24, 1.507384184730041e-25, 1.8332871164655153e-25, 1.0087874839799104e-24, -6.130821906842976e-27, 6.558726164254253e-26
7.6, 1.1147391869753284e-24, 4.039257612174289e-27, 1.2253331268338752e-25, 2.5269242658298377e-25, 1.9547270097224632e-27, 3.009371609250053e-25, -1.4646065475202165e-26, 4.2290394167165284e-26, 5.972001136586232e-25, 5.465575296972169e-25, 8.799468676576932e-26, 1.0162790056174336e-25, 5.522976619727415e-25, 3.2099213571497433e-28, 4.2853089544514246e-26
7.7, 6.065178375662699e-25, 4.751578805772858e-27, 6.415110957717234e-26, 1.427852308554287e-25, 3.684375868505343e-27, 1.6189513318207753e-25, -8.289525990854437e-27, 2.447469120841904e-26, 3.2083227907368202e-25, 2.959330086259906e-25, 5.178332095366829e-26, 5.65067649905737e-26, 2.9937504182629678e-25, 1.2481606552104181e-27, 2.866869004936429e-26
7.8, 3.3157528479509097e-25, 3.9235214038786505e-27, 3.3654298977989104e-26, 7.921280231973453e-26, 3.750876231282947e-27, 8.424892594700772e-26, -5.3993179162893294e-27, 1.559113793852235e-26, 1.708023452348855e-25, 1.611508406602205e-25, 3.091627442593428e-26, 3.096295256519164e-26, 1.6596284527640186e-25, 1.8492216264695336e-27, 1.895324281818238e-26
7.9, 1.8456855975641474e-25, 3.597413855642322e-27, 1.7556415486570106e-26, 4.5721557115863597e-26, 3.35379233431283e-27, 4.3257846560266393e-26, -3.758229636782394e-27, 9.470546856722082e-27, 9.245276877812947e-26, 8.519975324941443e-26, 1.7195139477249467e-26, 1.7205370302292176e-26, 9.077043748516912e-26, 2.0931628610816107e-27, 1.3308704814150635e-26
8.0, 1.0150800808077411e-25, 3.103137120766475e-27, 8.938224241218664e-27, 2.5215466884167642e-26, 2.768077600617777e-27, 2.1411518247975644e-26, -3.205125657910974e-27, 6.692877857626766e-27, 4.890174513773297e-26, 4.5247102604508e-26, 1.0508016458709225e-26, 9.252182684716775e-27, 4.906495876849243e-26, 2.2236058803761422e-27, 8.178905195080153e-27
8.1, 5.749563817360798e-26, 2.4693055380424348e-27, 4.922945125238222e-27, 1.4339780150486084e-26, 2.15726537423983e-27, 1.0657802131600127e-26, -2.447405178185387e-27, 4.683000306658453e-27, 2.6733785263162075e-26, 2.478832993863457e-26, 6.4468584866778884e-27, 5.020937246350413e-27, 2.7693884250763736e-26, 1.2161893269519546e-27, 6.190128720762426e-27
8.2, 3.104655758858752e-26, 1.6837700027319846e-27, 2.5617026767093944e-27, 8.113683685432888e-27, 1.7440359564991885e-27, 5.67315234282307e-27, -1.339598654029624e-27, 3.496864028269454e-27, 1.4290224591685467e-26, 1.2990749954620214e-26, 4.539449042777951e-27, 2.9221794028235712e-27, 1.5135546510839243e-26, 8.792115271077485e-28, 5.1879874365008856e-27
8.3, 1.8283283634526274e-26, 1.2266599369566015e-27, 1.8270015533299012e-27, 4.965307135180686e-27, 1.3724491938151954e-27, 2.7799069920734083e-27, -1.123952044926287e-27, 2.3762689728103057e-27, 7.132723406142578e-27, 7.023141678536694e-27, 2.8078819042995638e-27, 1.5407782370960061e-27, 7.990274358355218e-27, 7.510864291119556e-28, 3.960128574734591e-27
8.4, 9.687712103917696e-27, 9.421950437769217e-28, 1.1844577836554295e-27, 2.7942141614690706e-27, 1.0369900320632662e-27, 1.3634172935821794e-27, -9.917506025775402e-28, 1.6892850568565695e-27, 3.6213124235155234e-27, 3.9877038453575164e-27, 2.3032144877397163e-27, 7.119215519953378e-28, 4.549440082858721e-27, 5.686100730767748e-28, 3.1128883758853066e-27
8.5, 5.609369542947435e-27, 6.761136643458585e-28, 6.455810458590258e-28, 1.547732000992222e-27, 8.645846444295013e-28, 3.7906006066440883e-28, -6.43143232079318e-28, 1.180141654340537e-27, 1.9339856105147852e-27, 1.7174198257240176e-27, 1.4104151461221208e-27, 2.5193406667669303e-28, 2.96018531929082e-27, 4.060358688824875e-28, 2.2380729064130967e-27
8.6, 3.822212257459644e-27, 5.624156282266975e-28, 1.2316954211573093e-28, 7.501672534245249e-28, 5.994224406858691e-28, -3.644731421464848e-29, -5.084640117905401e-28, 7.9512693378798925e-28, 6.328324787159635e-28, 1.0092948689593721e-27, 8.888029255852875e-28, -3.772616734498703e-29, 1.4556146114475238e-27, 3.0021077234697304e-28, 1.5289888098006976e-27
8.7, 2.4008868955693226e-27, 3.9346714046087897e-28, 5.606971693328051e-29, 5.357994974515266e-28, 4.778514649830613e-28, -7.92489299206666e-29, -4.063555821650721e-28, 5.8935147228445305e-28, 2.3878585793039988e-29, 4.388464445077357e-28, 7.772629541235727e-28, 5.279265578678799e-29, 1.1683921912055515e-27, 2.3103281082772244e-28, 1.1681923704039362e-27
8.8, 9.873945091023246e-28, 2.7129670235322504e-28, -1.727251009163495e-28, 2.3301103676371487e-28, 3.30123946348798e-28, -1.6886855944517233e-28, -3.019092491607039e-28, 4.145482350313034e-28, 2.7493344094262526e-28, 2.60965966909709e-28, 3.7746149425148565e-28, -1.4706810998893247e-29, 5.392763793996344e-28, 1.8405494036794253e-28, 9.314446846500134e-28
8.9, 7.567813219579945e-28, 1.8013845265628073e-28, -3.6227511332871546e-29, 2.364479545514997e-28, 2.3496928061954577e-28, -7.661129533934335e-29, -2.478377402435774e-28, 2.5173424587507764e-28, -6.533141108815417e-29, 6.128503985544238e-29, 2.5918756177533194e-28, -1.2071174625586156e-28, 3.436318325379989e-28, 1.2069176417570002e-28, 6.7911097637008955e-28
9.0, 4.049668275938451e-28, 1.7194579979004945e-28, -1.0644454102052218e-28, 9.013916360870576e-29, 1.8473433109343487e-28, -1.275556087111889e-28, -1.6033621121619487e-28, 2.0148930530888594e-28, -4.8156813189310766e-29, 4.243194722302963e-29, 2.062050762270093e-28, -2.056156048622439e-29, 3.144779775823124e-28, 9.240712970704051e-29, 4.606768670842179e-28
9.1, 2.4001475586033457e-28, 8.451420804323232e-29, -4.3760755553772023e-29, 2.6096596690970897e-29, 1.435112997201784e-28, -1.434113893193707e-28, -1.2763553703183507e-28, 1.4296179251573605e-28, -1.9990072993604353e-28, -2.737544982130944e-29, 2.1843410928587162e-28, 4.248190242343348e-29, 2.1518702125962144e-28, 5.720869550248827e-29, 2.277257765609876e-28
9.2, 2.176148439992485e-28, 9.139803465888276e-29, -3.103217049087121e-29, 1.053455266116375e-28, 1.0218336242607383e-28, -1.0820795959477806e-28, -7.769532318810688e-29, 8.40895888397996e-29, -1.2440343556570603e-28, 1.3477913068958552e-29, 1.6299382787767964e-28, -3.78660419061178e-30, 1.654965834179125e-28, 4.8251728070078084e-29, 2.4996583178078134e-28
9.3, 1.2538755301366185e-28, 7.276974042828734e-29, -4.3900630114902806e-29, -2.4877689801116975e-29, 7.32143417118816e-29, -8.512366148815928e-29, -5.119908489390519e-29, 5.269274538598029e-29, -9.903118928059094e-29, -4.826171911015885e-29, 1.2184572930502893e-28, -1.6435260932866434e-29, 1.5872765376319092e-28, 3.0487658806469256e-29, 1.486466943216941e-28
9.4, 9.840674927554282e-29, 4.8986069516014665e-29, 1.0480601044727593e-29, -1.7284499339731874e-29, 5.540531276790931e-29, -6.474193972338875e-29, -3.77011897447851e-29, 6.656530453812925e-29, -2.861933431136529e-29, 3.491868508229069e-29, 5.702635902101422e-29, 1.13398304916738e-30, 1.3735931679044434e-28, 2.2287512660177386e-29, 1.1392283452097843e-28
9.5, 9.807454719285722e-29, 2.99756180023298e-29, -2.9558492078957655e-29, 7.850459743464925e-30, 4.845904215175406e-29, -5.097178873206767e-29, -3.362984091187138e-29, 1.7701625263104015e-29, -4.095826881111608e-29, 2.3304100988395718e-29, 6.153731361748182e-29, -2.208019857850141e-30, 9.160035322051835e-29, 1.0420654804242974e-29, 9.134308393843853e-29
9.6, 2.2185104499349495e-29, 1.4734286359115363e-29, 1.9392608796774316e-29, 3.588032269006479e-29, 3.4321720437464694e-29, -4.376075555377202e-30, -2.3553876990414967e-29, 1.328059002736335e-29, -6.436977348038007e-29, 1.8018840785668458e-29, 5.0396055047413317e-29, 3.2370969861694374e-30, 7.30145209102662e-29, 1.052805848511125e-29, 4.3985553955589345e-29
9.7, 3.0776150088801484e-29, 1.1983003696873361e-29, -3.860288111207458e-30, 8.5548280691592e-31, 2.3386527069062071e-29, 1.859582335033292e-29, -1.3979962833017239e-29, 4.241196514286809e-30, -3.300290314680307e-29, -1.4136072834279268e-29, 3.281931778531892e-29, -8.567316869260163e-31, 4.316753754897632e-29, 8.974451752551535e-30, 4.352721499188403e-29
9.8, 1.9071646634179583e-29, 9.503976876832337e-30, -9.666331278144849e-31, 1.6325359491977965e-29, 1.8378518228576173e-29, -1.2085411857701253e-29, -1.3424211228524416e-29, 5.327722123070533e-30, 5.9908774084316326e-30, 9.49023919672128e-30, 4.1387883534589184e-29, 6.90380869581198e-30, 5.763456358593108e-29, 7.343414459365853e-30, 2.98107658409971e-29
9.9, 1.8932396513053853e-29, 5.4070260037116435e-30, 4.810685798890692e-30, -2.3065564906467338e-29, 1.5470501125067095e-29, 5.370184043413805e-32, -8.515488348841169e-30, 7.363396539527394e-30, -3.774677386515361e-29, 1.6232942371230844e-29, 8.261341266786586e-30, -4.327369234983449e-31, 3.735962106202378e-29, 3.3014143066893934e-30, 1.1176227210351195e-29
10.0, 2.9304344996903074e-29, 6.25376665055689e-30, 1.3725191310957606e-29, 2.575815020823482e-30, 8.665353950052717e-30, 6.3105906910162684e-30, -9.605760597655181e-30, 6.588466493262681e-30, -3.45761797395218e-29, 2.8449486629992202e-30, 3.352118835099301e-29, 3.800966310727887e-30, 1.3271847867292674e-29, 3.6479785094910986e-30, 1.836665386848026e-29
10.1, 1.3725815750962655e-29, 1.7172100138823214e-30, 4.7638527985120834e-30, 5.211576282131583e-30, 8.467718688454988e-30, -3.716042470041343e-30, -5.605597925316945e-30, 4.2636763544685414e-30, 2.0809463168228493e-30, 1.609806333014045e-30, 1.492380390064747e-29, -8.851437071557055e-31, 2.2812978924425376e-29, 1.4090488713910756e-30, 5.036108640713062e-31
10.2, 9.122756253750463e-30, 1.6129285330392856e-30, 2.2486084581782688e-30, 1.1117529849876672e-29, 5.948415488088361e-30, -7.745553822616841e-30, -2.357261019056641e-30, -3.993293832282707e-31, -8.241359186625045e-30, -3.329514106916559e-30, 1.6840834716145185e-29, -1.97635261597729e-31, 2.2796119044289077e-29, 1.7421876140842457e-30, 6.758314174635768e-30
10.3, 5.6311999655239174e-30, 5.704259446114547e-31, 2.5299186804524452e-30, 1.4986560121154803e-32, 4.8525232792289155e-30, -6.33150943118538e-30, -3.862005321221341e-30, 3.758816610387139e-30, -4.778527138630714e-30, -9.878640879861208e-31, 5.136487371524547e-30, 5.741725846417434e-30, 1.4986091791151018e-29, 8.103670165511936e-31, 8.960401852437952e-30
10.4, 7.408824549894644e-30, 7.487035660526921e-31, 1.2424795000444904e-30, -8.404962467947652e-30, 3.479848038131893e-30, -8.431501168162198e-31, -2.1205982571434046e-30, 3.374786007282547e-30, -3.515597228420898e-30, 1.2824436603675699e-30, 1.0727879286726647e-30, 2.1238765671699074e-30, 6.607980243420434e-30, 3.4016369274996165e-31, 2.805765052682451e-30
10.5, 7.233669128478647e-30, 1.1858115695863738e-30, -1.3367699408067561e-30, -2.0294300164063796e-33, 1.816652084686234e-30, -1.0642018786032531e-30, -2.944234623801871e-31, 2.982013244107282e-30, -2.6270191012374273e-30, -9.57110417737501e-31, 5.263092582548053e-30, -1.1107226589793377e-30, 9.966999140575516e-30, 4.283658434630081e-31, 4.1668881536860836e-30
10.6, 5.307740042908993e-31, -1.6875491136425358e-31, -1.5714813277042169e-30, -1.266598495239474e-30, 1.449559416718572e-30, -2.010774871255567e-30, -5.13367739150183e-31, 1.7123706038431983e-30, -3.5826464739629394e-30, 4.3233884299512675e-30, 1.9527800057867234e-30, -1.0919894588278942e-30, -4.567622526925712e-30, 5.548149444852518e-31, 1.8188376247039022e-30
10.7, 3.0735717598474618e-30, 2.923940323637807e-31, -5.495072044423428e-32, 8.937297572251172e-32, 1.3451218258742747e-30, -2.0204536913338128e-30, -7.27160385878532e-31, 1.5515773025433082e-30, -4.05121064275092e-30, -5.416236493786103e-31, 3.282837216539212e-30, -1.701286793753594e-30, 9.88644637992431e-31, 4.157989883614148e-31, 2.7113185019189233e-30
10.8, 6.522900292732628e-30, 4.283268159626926e-31, -4.141598333481634e-31, -1.8036949545814853e-30, 3.2896280015941105e-31, 8.323004717285087e-31, -5.057183490883436e-31, -8.507604793777437e-31, -7.283312108879973e-31, -1.2121161047990258e-30, 7.512013260728845e-31, -1.4906163470504858e-30, -2.214420367901884e-31, 9.019255322913737e-32, 1.7537397541776362e-30
10.9, 1.3721678835929213e-30, -1.6774019635605038e-31, -5.5450272448272775e-31, -2.9594553489249184e-31, 6.986703106482117e-31, -5.34520644321188e-31, -5.979793598342029e-31, 6.756831129623779e-31, 3.113340782668964e-30, -2.2850601434729526e-31, 1.4846841670025288e-30, 2.6530894714481865e-31, -3.020728524420265e-32, 2.379116419233325e-31, 1.0455467334524406e-31
11.0, 4.185699408838158e-31, 6.061751349004594e-31, 1.4254794490239042e-30, 1.3931256512623486e-30, 5.476338844271984e-31, 6.155612487263389e-31, -4.324051897456631e-31, 2.3982398943879235e-31, -3.2325307686325234e-30, -7.295800908980935e-31, 1.2858000253947035e-30, -8.645371869891177e-31, 1.3891838737304823e-31, 1.330837760758799e-32, 6.767368554708966e-32
11.1, 3.750367156568832e-30, 1.3253739107146279e-31, 1.0067143706385108e-30, 4.922538614794936e-31, 2.9787739615810945e-31, -9.299082500175925e-31, -1.1265287966071181e-31, 3.3161667018086554e-31, 1.2753211415599898e-30, 1.6982816762293002e-31, 1.3243591957064248e-30, 3.1278590127863324e-31, 3.7480059927997435e-31, 7.259115058684358e-33, 1.2322542949618276e-30
11.2, -2.0998746544758703e-31, 9.402700513513597e-32, -7.32155905918917e-31, -8.022883239858836e-31, 1.6896956261598886e-31, -1.580418625276468e-31, 6.293184425875552e-32, -2.829884047877434e-31, 2.6608949715112877e-31, -2.9719441490258807e-32, 2.3855559567853838e-31, -3.664487142124558e-31, 6.747854804551212e-31, 3.6490712794999323e-33, 1.1893045308646118e-30
11.3, 3.1886443445277354e-31, 3.5690649038531427e-32, 3.6066288729068184e-31, 7.41259070367509e-31, 2.7127039781801236e-31, -3.148836294205918e-31, -9.875908954839123e-32, -1.6757432947970947e-31, -9.525344433255079e-31, 2.5844010708928933e-31, 8.854461702831508e-31, 5.083331916094826e-32, 8.746745801960707e-31, 1.382549198676846e-32, 1.558563225099784e-31
11.4, -4.487967398781762e-31, 9.94420708039126e-32, -3.1118577376569745e-31, 7.606459811492373e-32, 1.2262440599132393e-31, -2.5179567516057423e-31, -2.3170626937316685e-31, 2.3093547624193557e-31, -4.836970820353186e-32, 3.6127757042065108e-31, 9.25829876234622e-32, 9.443679388844879e-32, 1.2797556412833392e-30, 1.1025268839130812e-33, 7.98775848957488e-31
11.5, 6.0241385955755235e-31, -3.383684277354483e-32, 4.478356876829068e-31, 1.6333008882039806e-32, 5.533611700984992e-32, 1.7528226079202216e-32, 1.156970246853214e-31, -1.3565959109670338e-31, 3.303921823584665e-31, 5.875687741250413e-31, 1.8139006459139906e-31, 7.20106165196504e-32, -4.029101563822185e-32, 5.625326326726434e-32, 7.564505248653202e-32
11.6, -1.01905681761329e-31, 9.0221823854374e-32, 1.3141047199985252e-31, 1.4309432990680752e-31, 1.8066805583556216e-31, 8.11918359688735e-32, 1.2737600415473696e-32, 3.592481404042447e-32, -1.313690052807673e-31, -2.0843612231004563e-31, 7.861114251051058e-32, 9.682722828277362e-32, -6.123561152629279e-31, 4.7028137880186296e-33, -6.8785969306081615e-34
11.7, -8.48116366231368e-32, 1.3260812841578465e-31, 2.02186843822025e-31, 3.710637161247645e-31, 6.95079780619185e-32, -3.49837634390668e-31, -7.133495292043818e-32, -1.1788012548422008e-31, -2.7850999912653895e-31, -1.8149251177972725e-31, 1.4498960289087934e-31, 1.3124216590474189e-31, -9.147070386447023e-32, 3.2375750730483027e-32, -1.7818493112798803e-32
11.8, -4.8680220752917115e-31, 1.742577889087401e-32, 2.5468127096515204e-31, 8.506043693764816e-32, 5.431164512656784e-32, 1.2004615175173074e-31, -2.4172658007917336e-32, 1.0671094273767585e-31, -2.446292504151392e-32, -8.827776649490779e-32, 3.054365351254693e-31, 7.187645948731585e-32, 4.334442969415635e-31, 1.001543226846706e-32, 5.780948484234519e-34
11.9, 6.780540336065449e-32, 7.963317517502293e-32, 3.3275822456509414e-32, -8.268219863717193e-32, 3.0445109074250273e-32, -1.0677314281630367e-31, -4.6552490220091054e-33, 6.637114272405961e-33, -2.686482376405642e-31, 1.9314953828021536e-31, 2.434218371241282e-31, 5.017229087435435e-32, -3.0160696165701013e-31, 4.5625587087597754e-33, 4.228019854492786e-32
12.0, 2.1916868489681013e-31, 5.724480569715519e-32, 3.0930513609424394e-32, 7.788791414528884e-32, 3.125858853395163e-32, 5.977793438950859e-32, -3.448323574752042e-32, 2.031747274237613e-32, 2.6941171311548636e-32, -1.2564415882823632e-32, -1.6568759376133166e-31, -3.550404880264791e-32, -8.135404401705982e-32, -5.9151055165690754e-33, 9.166096292850834e-32
12.1, 4.1466719085226505e-34, 6.984093142398517e-33, -1.8025826708224933e-32, 2.7127771547432155e-32, 2.0732139933228393e-32, 5.636546733067142e-32, -3.1826926507296206e-32, 3.540891927062886e-32, -8.752953613729643e-32, -3.1706185178195105e-32, 1.3149462504740784e-31, -3.01121557121836e-32, -2.807803019964551e-31, 1.2377815646940113e-32, -6.120487736979433e-32
12.2, -6.481004271143931e-32, -1.773129104178134e-32, 2.1381581930666132e-32, -1.3170561747098854e-31, 1.3257154013423886e-33, -1.552831060990944e-31, -3.258674315406374e-32, -3.300384956368572e-32, -1.1318340974312576e-31, 5.517878739920302e-32, 1.6677365591854914e-31, 1.2114380019810439e-32, 1.676773864727301e-31, -1.1293582903799924e-33, 1.022904685222522e-31
12.3, 1.4909297866623947e-31, 8.711060031359715e-33, 1.0196666223057199e-31, -9.325438258982741e-32, 1.4187715974071763e-32, -4.37297042988335e-32, 6.740781070119027e-33, 2.0780314503930347e-32, 5.020826935120771e-32, 3.248307635635067e-32, 7.506695763810857e-33, 2.9313311565100563e-33, -1.495722851544893e-31, -5.6675248114425756e-33, -2.178527263705466e-32
12.4, 5.125012066822402e-32, 1.2377205842247682e-32, 3.175253033481977e-32, 3.755665139736662e-32, 5.421773520393366e-33, 9.177621601537756e-32, -7.957036529170266e-33, 1.5906145597338944e-32, -3.663828553056734e-32, -1.6557112106507758e-32, -7.16441238995001e-32, 2.615452325831419e-32, -8.658616827810752e-32, 5.513549126604051e-33, 5.049426775195729e-32
12.5, -1.0281307114366455e-32, 2.0101906783602195e-32, 2.1324565191923947e-32, 2.577644434900771e-32, 1.9106400623210543e-32, 7.363696563436069e-33, -5.1098584202155224e-33, 6.168174463927443e-34, 4.8520939767254454e-32, 3.2837982687344813e-34, -5.6410287975565e-32, 3.561991169420957e-32, -1.7974298211714616e-32, 1.3433997374228529e-33, 4.7513237513014203e-32
12.6, 5.484796835355986e-32, -2.1007771654206663e-34, -7.460960411878622e-34, 2.667682097738031e-32, 6.464691995621434e-33, 1.1741331999216507e-32, 2.8075408039468064e-33, -1.1901253279806222e-32, -2.66191944339457e-32, 3.693282119701093e-32, -5.875544437147692e-32, -1.9497742784577367e-32, 1.0052371187710995e-31, 4.2552171437751556e-33, 3.0620580374496947e-32
12.7, -5.455648171057841e-32, 3.490217157121969e-33, -2.7292723716734414e-32, 3.1650997853530205e-32, -1.6891589980305504e-34, -2.077955224806481e-32, 9.673026933667728e-34, 8.171382878559341e-33, 2.489177019146518e-32, -5.7890283964092136e-33, 5.565214829170166e-32, -1.379927038499398e-32, 2.682729028523737e-32, 1.6222329330363798e-33, 1.678350209857232e-32
12.8, 6.458441497524028e-33, 5.550899664015376e-33, 1.54980338069303e-32, 5.849231364669345e-32, 2.310626205203072e-33, 1.1108202277301265e-32, -1.1958956048827393e-32, 9.599697919403043e-33, 2.2089184050644364e-32, 8.508757324646129e-33, 2.2478163218828023e-33, 3.468721541713819e-33, 5.647004883542312e-32, 1.512315637225908e-33, 5.379239643096387e-34
12.9, -7.220849814234388e-34, 2.760280940283497e-33, 1.2882733932271988e-32, 4.9361403084595825e-33, -2.6258190056027257e-33, 1.6487213243637992e-32, 4.0787549109032815e-33, -1.1513874848940192e-33, 2.882013202009796e-32, 2.272589637512763e-32, -1.4672815606899672e-32, -1.1070699288716833e-32, 9.358901291479826e-33, 5.354085199533658e-34, -2.311388461068609e-33
13.0, 1.0941954273027591e-32, -3.0718911381151256e-34, 1.0924041260187465e-32, 2.7172363515566083e-32, 7.411413780618701e-34, 1.4277357263858945e-32, -7.43123243312267e-34, -6.999948064401692e-33, 3.2849378412534596e-32, -5.1722109500164695e-33, 7.399979942635642e-33, -8.752526750444942e-33, 2.541155246617503e-32, 9.378033913704811e-34, 1.25402523718861e-32
13.1, 4.719514814032551e-32, -4.9764636437465035e-33, -5.417809789892572e-33, -3.0920642395965687e-32, -2.914370963501852e-33, -6.63749540033873e-33, 3.277166642704307e-33, 1.8579986722470517e-34, 7.343954136518654e-33, 7.675230535681143e-33, -8.461764250535757e-33, -9.632017568101823e-33, -3.608664096067803e-32, 9.305619606478772e-34, -3.5054622744327144e-33
13.2, 5.458209350766046e-33, 3.933316491758774e-33, 6.524452855479555e-33, 4.362161641710032e-33, 1.2851633892958068e-33, 6.946856943367023e-33, -1.523063444929983e-33, -7.935807703315053e-33, -1.4202922978589232e-33, 1.4958356654129925e-32, 2.9021748696532564e-33, 7.065768858390834e-33, -7.469116549639871e-33, 1.6224616097960409e-34, 1.434714178834888e-32
13.3, -2.1862050859110902e-32, 7.14100351231936e-34, -9.598097182085415e-33, -8.679235848973535e-33, 2.695165232969977e-33, 1.0758688906555796e-32, 1.4764514987523802e-33, -4.3681072374612224e-34, 6.714711919517652e-34, 1.0499274179116832e-32, -6.784020034091627e-33, -3.9310297241621624e-33, 1.2555497489196845e-33, -4.300266465428407e-34, 8.059007307582511e-33
13.4, 4.074448165262996e-34, 4.474156084754092e-33, 1.2649636088590696e-34, 6.24497174238032e-33, -1.0410509483575019e-33, 6.832232717586858e-33, 1.6327330075841553e-33, 3.330619835275107e-33, -1.1966978791812172e-32, -1.4153795588055356e-32, -1.1113061658444065e-32, 1.0243575449022361e-33, 4.4030185561028286e-33, -4.427372631006744e-34, 1.0128208023773297e-32
13.5, 2.7345548048216147e-33, 4.281210068789976e-34, -6.799951181681356e-33, 5.538722626563419e-33, -1.4732309677204852e-33, -6.894709113965955e-33, 1.0645474854126877e-33, -2.1283898841497535e-33, -9.918492378767361e-33, -3.253955951598698e-33, -5.156908663515809e-33, 2.073107277501664e-33, 6.044260244786043e-33, -2.4345499525427907e-34, -2.8920749794348875e-33
13.6, -7.653496715315012e-33, -1.2357501528123544e-33, 5.778280588705139e-33, 5.973332336497802e-33, 8.545650508538132e-34, 5.540371004872643e-33, 1.0994397476576553e-33, 6.425816946479034e-35, 8.982842360217023e-33, 5.8555066360823815e-33, -8.308588934356046e-36, 6.9563470288929615e-34, -1.3827664415985243e-32, -2.2660914062590578e-34, -7.830273378731421e-35
13.7, -3.9159751708178014e-33, -1.2735723360404809e-33, -1.2002671422715954e-33, -2.0240656407526612e-33, 1.9131192995237142e-34, -5.322451581113862e-35, 3.533151218748355e-34, 5.727018881747758e-34, 1.1767753693155691e-33, 4.50528470866297e-33, 1.7206782780705158e-33, 2.896820022197857e-33, -3.730427800848555e-33, -1.5910661963342253e-34, 1.1484956767041371e-33
13.8, -1.0555099893069117e-33, -1.453469484406432e-33, -4.088173534941826e-33, 4.763922887938919e-33, 2.730019382421668e-34, -1.2004148293455432e-33, -9.408619430309494e-34, -1.144975007425187e-33, 6.043145445582695e-33, 5.1146177552759704e-33, 8.911247478046436e-34, -1.0746902525234928e-33, 6.927967290199177e-33, -2.1685226554702895e-34, 1.4844932981337982e-33
13.9, 2.62102632184816e-33, 6.473791425016285e-34, 4.0006570333798305e-33, 1.6732183222425027e-33, -4.460149633224846e-35, 1.2824716732706285e-33, -3.083658463039357e-34, -8.13484223800515e-34, 2.3824854948770164e-33, -1.0943373974577153e-33, -3.336379631159073e-33, -2.72987169534772e-33, 3.984351904006073e-33, -8.551557991496045e-35, 6.385941436513116e-34
14.0, 1.4882545544203085e-33, -5.748123841024821e-35, 1.2893081555646656e-34, 3.5739271434554384e-33, 5.179266580871848e-34, -2.318834748055076e-33, 2.3443893759472127e-34, 2.0745984405386215e-34, -6.090305263163653e-34, -9.65380379355871e-34, -3.0163179214183002e-33, -1.992846498959751e-34, 7.997731464191636e-34, -1.873481994515777e-35, -3.528773011620675e-33
14.1, -2.0394775015339924e-33, -2.271570120292607e-34, -1.3351792843229496e-33, 1.2720144756152892e-36, 5.428381325927742e-34, 1.607116446402944e-33, -3.131275634139637e-34, 1.0367180001718385e-33, -5.6665910480072924e-33, 1.0837515691250667e-33, 7.842850600512785e-34, 2.376165917341797e-33, 1.428443671521012e-34, 5.308159283635038e-35, 1.598355268048425e-36
14.2, -2.9373053368562045e-35, -1.394832951949979e-34, 1.492451725779923e-33, 1.5723766353310838e-33, 2.8882351155122437e-34, 2.979253229956551e-34, -2.741739066354303e-35, 9.955538013832472e-34, -1.2998677813519363e-33, -1.2793511883210853e-34, -1.064180649777398e-34, 6.610902198829798e-35, -2.5075204683457136e-33, -7.571701896843706e-35, -2.1781104050290003e-33
14.3, 5.907018458245641e-34, 8.748434389266839e-35, -1.8508477594084803e-33, -5.791524784368848e-34, 5.779924202915203e-35, 1.099663660318157e-33, -1.8989222840280828e-34, -8.614098703213797e-34, -1.8384777759405585e-34, -1.2045393481929738e-33, -8.822516131198741e-35, -2.9779788334313563e-34, -1.9499993821430284e-33, -1.448524349478759e-35, 4.660086964705687e-34
14.4, -1.350686427087473e-33, 3.129042462658571e-34, -2.937519721318387e-34, -2.9666545697289683e-33, -6.704218991118617e-35, 2.335868784600254e-33, -2.1331730397059995e-34, 9.243543394429082e-36, -2.785555081837611e-33, 1.8750422369905486e-34, -6.192816766830514e-34, -1.7984533878759034e-34, 6.771756051830006e-34, 4.1812711786693026e-35, 4.095606720655605e-34
14.5, -1.0076492536370965e-33, -3.453025026007701e-34, -1.3377304594229196e-33, 1.7736735216095983e-33, -1.5896667422060904e-34, -5.268396921024162e-34, -2.0331388676021343e-35, -6.3790751785993315e-34, -2.042845719639835e-34, 4.998987113548339e-34, 3.0958307363921545e-35, 6.561236465090886e-35, -2.837963745667667e-33, 2.5190174306426375e-36, 2.379977196669483e-34
14.6, -9.800478496435136e-34, 4.878139783240937e-35, 1.5211351757951318e-34, -2.2263052231523833e-34, 9.428747749258836e-35, -9.743952459906388e-35, -3.254743218984823e-35, -1.7399681155677677e-35, -7.366631248518387e-34, 1.0840594490332564e-33, 1.7926679849589545e-34, 1.9206465761958945e-35, 5.8151904469442e-34, 1.8789904841690736e-35, -2.478403485306981e-35
14.7, -1.1902211459249699e-33, -1.8093929505711529e-34, -1.0261125199301565e-34, 1.2951054687295134e-34, 4.90106701044655e-35, 1.7169545390648873e-34, -1.1773905336195536e-34, 4.6016731538849455e-35, -3.4740495911114454e-34, 7.5148066426300895e-34, 3.020885501487574e-35, -1.1990106111182488e-34, -5.601044189719829e-34, 5.426517372131545e-35, 4.016076040309901e-35
14.8, 2.844441133987549e-34, -2.6761731516702005e-35, 4.210972359367483e-34, -2.5861197673057134e-34, -1.325163956864664e-35, -6.0007044682193285e-34, -1.8492148644215247e-35, -2.060222771324505e-34, -3.882538340866094e-34, -1.1428210390926492e-34, 1.0232629931203161e-34, 2.0711117154661836e-34, -2.19026481300995e-35, -1.689796196293148e-35, 1.1518698499339295e-34
14.9, 2.3603327315410374e-34, -5.1432916770928604e-36, -2.116257510127417e-35, -1.1501229143233407e-33, 4.7810712628639275e-35, -5.376428824592218e-34, 3.5238850458829176e-35, -2.4400554646341125e-34, 7.698958429301768e-34, 4.970753870903713e-34, -1.176275436660008e-34, -2.903402816211645e-34, -1.3233000030684675e-34, -1.0852469007487887e-35, -9.270341452201877e-35
15.0, -1.0085002408494814e-36, -9.763857461707624e-35, 1.6177123984463068e-34, 5.645115084508175e-35, 2.077057906729769e-35, 5.592366085344405e-34, 1.6122604824705305e-35, -1.250571563054092e-34, 3.096186555048138e-34, 2.393545946588441e-34, 4.952220036391852e-34, -8.053545863408416e-35, 4.726998737402379e-35, -2.135864755731178e-35, 3.3555857991648344e-34
15.1, 3.4320629897054263e-34, -3.731927301059042e-35, 2.8430863432890356e-34, 2.0993658010446326e-34, -3.457150438123724e-35, 4.14303928291345e-35, 1.5225018767415442e-35, 6.535123246572286e-35, -1.4751712959813342e-34, 7.634022268975326e-35, 1.660864715365442e-34, -1.675289514352142e-34, -4.069910360813469e-34, 1.1921339317375525e-35, -1.190994269891715e-34
15.2, 6.295935693140225e-35, 1.4714143571596872e-35, 2.1201640714382956e-34, 1.8826915937036939e-34, -2.353174672553727e-35, 1.063905225294733e-35, -4.95068808075584e-35, 2.557926721747747e-35, -9.555949196820365e-35, 7.832305564779191e-35, -2.3145899357038655e-34, -6.845050228619585e-35, 2.2995346379690112e-34, 1.9399114021725588e-35, 4.2573106675996056e-35
15.3, -1.6839720850705274e-34, 1.7735847902627506e-35, -1.2782427908759829e-34, 1.3906464998134737e-34, -1.6321766501291722e-35, 1.5307642390262424e-34, 4.565413892937368e-35, -3.8817879952484555e-35, 9.502889042430233e-37, 2.858757996352664e-34, -1.8252964812735656e-34, -1.08945270703813e-35, 1.6443727439777684e-34, 8.175119718837659e-36, -6.737165714369279e-35
15.4, 1.8670318508879642e-35, 4.5156923299114294e-35, 1.464449095310242e-34, -5.918939127611573e-35, 1.8758752099529862e-35, 1.7231448904104027e-34, 1.0200494593590619e-35, -5.932680576125066e-36, 3.701545003059137e-35, -1.544405567018335e-35, -7.751018122868382e-35, 5.829496887842404e-35, -1.2791926331459295e-34, -1.1640034149810556e-35, -1.2934119803563715e-35
15.5, 1.762497093859257e-35, -1.6933767145677906e-36, 2.9102169667908716e-35, 1.2063097321041137e-34, -4.115697820080263e-36, 3.847754461877007e-37, 8.135908949582605e-36, -1.8324995758857445e-35, -2.314723553797483e-34, -1.7943774777277107e-34, -3.6391539138306163e-35, -1.563223758698786e-35, 2.9593612549889544e-34, 1.2016025788172729e-35, -4.578150414284382e-36
15.6, -1.5136220425423315e-34, -2.2348370547957964e-35, 6.078888173966703e-35, -5.544399050712091e-35, -9.89468036902095e-36, 9.671549318537755e-36, 6.613425682603403e-36, 1.9442995841328537e-35, -1.7329112936875988e-34, -4.9532860035788136e-36, 1.0227303817220818e-34, 2.346110406768621e-35, -8.272359449028217e-35, 1.3056981454547039e-36, -5.206397381195322e-35
15.7, 4.200617887600272e-35, 7.272341537854317e-36, -1.1624085583483274e-35, 1.1892550015032113e-34, -2.6240658171119897e-35, -8.974747709110552e-35, 2.2162310144060468e-35, -2.3515184037052694e-35, -1.1446967170391214e-35, -5.415664158733564e-36, 2.2026700805872723e-36, 2.1931139676245434e-35, -2.700073018104629e-34, -1.5807876523973713e-36, -2.880720493478456e-35
15.8, 3.8169553052006363e-35, -1.5639523308944837e-35, -9.352317455319346e-35, -4.340202271024313e-35, 2.6330580542757497e-36, 5.204682491595486e-35, 1.5922912769892134e-35, -4.947061038075342e-36, 1.0386929984199312e-34, 6.43999572440757e-35, 5.055630391579842e-36, 9.871874105270562e-36, -6.88263450464593e-37, 5.4805284853773647e-36, 2.0529070876501554e-35
15.9, 4.1837118490004843e-35, -7.006119582667717e-36, 7.499631870220998e-36, 1.3357063872315306e-36, 4.9611021037625454e-36, -7.556510747843753e-35, -5.5801465431952583e-36, -1.3937707067154852e-35, 9.04998697826014e-35, -6.385190904797855e-35, 5.224848960557631e-35, 5.440657069559163e-37, -4.433466025490456e-35, -8.3028385177923e-37, 9.447441255531594e-36
16.0, -2.9553772770667325e-35, -1.3430972543457423e-35, -5.108351848295346e-36, -3.756451245873617e-35, -5.0442691316699175e-36, -2.522457445211596e-35, -4.866313279272457e-37, -2.9498199367872873e-35, 6.412009898553284e-35, 1.5223930096318423e-35, -1.086486776164839e-35, -1.374019235453572e-36, -1.3701256079275213e-35, -6.207891046522958e-37, 1.6819721869604208e-35
16.1, 1.2898426279391342e-36, 6.369814588662598e-36, -3.205038404744993e-35, -1.1165066490431295e-36, -6.490945531748094e-37, 6.50122742544217e-36, 6.021691069407895e-36, 6.493834697351724e-36, -1.2989753688085776e-35, 2.491580127533388e-35, 1.0314926022232918e-35, 1.7923680886388097e-35, -2.165503128481453e-35, 1.3345898014909975e-36, 1.580742058479633e-35
16.2, -1.9756630818522523e-35, 5.4716446500792487e-36, 1.6654234557976033e-35, 1.2512780826814142e-35, -9.438336429305665e-37, -1.5954400487775167e-35, 5.410206845926709e-37, -7.095102161307032e-36, -4.618277946956819e-35, 2.821266024747538e-35, 1.9535551494337558e-35, 1.0945568996045418e-35, 5.587852380537112e-35, -1.0483251322618281e-36, -4.100265674657978e-37
16.3, 8.071691312180196e-36, -5.3183886047504974e-36, -2.418065750730895e-35, 3.015044827576469e-35, -6.64306638157397e-36, 1.3368529812138404e-35, -1.6978965605966567e-36, 1.0957674646449031e-35, -1.4487434794303388e-35, 5.383855422450128e-36, 1.528384887861978e-35, 6.507310491507783e-36, -4.309777170571021e-35, -2.8665710259256092e-36, 2.0073510873024935e-35
16.4, -3.106842132770045e-35, -1.3666055713804909e-36, -1.3520771625419505e-35, -3.0311078439421544e-35, 1.4738675890804502e-36, -1.6826307399253062e-35, 4.724076539470592e-36, 5.7996859095464045e-36, -3.327229755350953e-35, 1.8144125152433134e-35, 9.779509202325547e-36, -4.2011840896195344e-36, -1.6148364225117375e-35, 6.5058798660277244e-37, -1.7130742175189113e-35
16.5, -9.056311738614173e-36, 1.2617186245994571e-36, -3.5058035681691894e-36, -3.6456175495361274e-36, 1.799067370459979e-36, -3.943951812754371e-36, -3.552957216613931e-36, -7.426073295232942e-36, 2.400558965740497e-35, 1.0195015181690982e-35, 5.192502867386563e-36, 3.3059975285616724e-36, -9.014789869498244e-37, -1.6764336890653477e-36, -5.1573699623047485e-37
16.6, -9.920622377726002e-36, -3.5876132465357266e-37, -9.463431693824145e-36, 3.822225240962909e-35, 2.5769891665589393e-36, 8.402727580274303e-36, 9.881306928557774e-37, 6.0130549765709595e-36, 1.6806407747758497e-35, -2.138228777103713e-35, -5.350574188721363e-37, 1.9673240473467046e-36, 7.89110915707219e-36, 6.504228249619853e-37, 1.2545330464260828e-35
16.7, -2.1632133135362577e-36, -1.9855749902087615e-36, -1.0625338021211261e-35, 8.688514211233306e-37, 5.162278287122508e-37, 9.988810291613109e-36, 4.165917426870885e-37, -2.386492660563117e-36, -1.5351726823652875e-35, 5.719619733289304e-36, 6.206594178709735e-36, -8.20633410583629e-36, -1.186496220546992e-36, -6.243639236872212e-37, 5.0099015530644267e-36
16.8, 6.323964205136884e-36, -9.272889826532613e-37, -1.86731983696021e-36, -5.762241904603715e-36, 1.6033659465590674e-36, -5.428887557987856e-36, -1.0822681756638874e-37, 7.640790406917161e-37, 1.5684736889665402e-35, -1.247953274172455e-35, 4.768617842526545e-37, 1.9556813147813544e-36, 1.8918458753730486e-35, -3.199983528048788e-37, -1.121676673643827e-36
16.9, 5.9259281401702066e-36, 1.0325908689790193e-36, 7.931783118891401e-36, -4.754178411614203e-36, 1.795531806392494e-36, -1.8655603420862607e-36, 2.963643035633058e-36, 3.915176467732717e-36, -5.373133000788107e-36, 1.3104529397331406e-36, -6.748083887468936e-36, 2.0044569203252348e-36, -6.770124243187928e-36, -3.856163748235397e-37, -1.229144561839697e-36
17.0, -4.1590085526013365e-36, 6.040894599479845e-37, -4.8885595054873596e-36, -8.687202804543253e-37, 1.0662597091640676e-36, -4.9514648638671054e-36, -6.286767361100303e-37, -1.6951859324004983e-36, -4.980095983230608e-36, 5.976983732378545e-36, 5.6295717457558965e-36, -1.2083155853381695e-36, 1.1722484701867753e-35, -3.71368275530279e-37, 1.1788388848982425e-36
17.1, -3.0259214776439005e-36, -1.0507175044441812e-36, -2.9541977089117723e-36, 1.1155154174986234e-35, 1.7298530118686845e-37, 1.0898446751574629e-36, -6.727735857012941e-37, -1.0555672375883169e-36, -1.1302777277876025e-36, 7.244719707320344e-36, 2.3844630333576687e-36, -1.1859419985622379e-37, -3.2399226950330174e-36, -1.4975813695225582e-37, 9.014275193258467e-37
17.2, 5.312941759934959e-37, 3.384926764650678e-37, -4.927489965197133e-36, 4.1843189924968995e-36, -2.617074885421614e-37, -6.057418032996978e-37, -5.986959728104121e-37, -3.250486206771287e-36, 6.552016520038218e-36, -8.92678314027175e-38, -3.045224599022134e-36, 5.251753442908819e-37, -2.489532879209222e-36, 5.049740111020993e-37, 8.988505034077544e-37
17.3, -2.770161407446529e-36, 6.603136228693375e-38, -2.8515238699617795e-36, 6.076749650573798e-36, -6.951756686758123e-37, 6.702027051892239e-36, 3.6530818089005766e-37, 5.925210210432349e-37, 2.6027612884882346e-36, 2.0575389411861188e-36, 3.966299374940778e-37, 2.353127392126276e-36, -5.224950223834751e-36, -3.044833357846643e-37, 1.4970370339740483e-36
17.4, -4.668253649549743e-36, 5.027424388974844e-37, -9.06461532733801e-37, -2.322380211934572e-36, -3.749403321786068e-37, -6.5123016879234725e-37, -3.4141280987634474e-37, 4.961697761546264e-37, 5.114554569317268e-36, -6.522298619631683e-37, -2.07757118723737e-36, -1.610422390428439e-36, 2.2713142244293e-38, 2.538983670193081e-37, -6.11292019529496e-37
17.5, -2.8879082088667243e-36, 6.353351055318003e-38, -2.584684085204294e-36, 3.56404456408438e-36, 4.645239479860688e-37, -4.32761663414104e-37, -3.0833751933787547e-37, 1.646501412919957e-36, -1.1102067356295997e-36, 9.056286004802183e-37, 8.511347819847707e-37, 5.9886157061750415e-37, -3.235254843238023e-36, -9.066574440990832e-38, 1.7559655615989507e-37
17.6, 8.854966540811063e-37, -6.1541811642661764e-37, 2.1713649709972225e-36, 4.331780568465111e-36, -1.9162570421200545e-37, -8.247226586974254e-37, -1.536844333345431e-37, 1.2649916892457788e-37, -2.350227613142561e-38, 7.257919989760477e-37, -9.354022574793952e-38, -9.211285334157218e-37, -6.339543483992687e-37, -1.0418588214029804e-37, -5.5041029106850585e-37
17.7, -1.4084233429870983e-36, 1.2440324444078557e-37, 4.8837003220732845e-37, 1.3743518849554391e-36, -1.272911742398844e-37, -1.0951708836425052e-36, -2.7166327522894314e-37, 1.0201117511768395e-36, 1.1928918906380426e-36, 1.2935425903563726e-36, -7.5626075967646e-37, -1.0901871384011902e-37, -1.0660995997829788e-36, -5.892992059377383e-38, -2.6976729664875344e-37
17.8, 7.793777192247023e-37, -6.873708361216239e-39, 3.804173451635667e-37, 7.010422145182361e-37, -2.7022937850159843e-38, -7.637584584576178e-37, -2.3286571902699026e-37, 7.555094632162772e-38, 1.2389772951077102e-36, -3.1320171866445684e-37, -5.160283553221452e-38, -3.5955138539410314e-37, 2.671488685573709e-36, -6.421952745639687e-38, -8.486523959812448e-37
17.9, 6.823083992094673e-38, 2.183373101884499e-37, -1.0131583515969995e-37, -5.168934003199257e-37, 9.614744618264586e-38, -3.082328575982965e-37, 1.5723911602505917e-37, 5.779101585994731e-37, -2.0279279742186683e-37, -7.07845609236384e-37, 4.182328729300468e-37, 3.517219094436881e-37, -4.729207490839809e-37, -3.501499479072478e-38, 1.0130078378746185e-36
18.0, -7.341283910407318e-37, -1.2547392367772837e-37, -5.424103286136646e-37, 7.650573253664052e-38, 3.1012978120548015e-38, 2.446457531104024e-37, -7.500759214730385e-38, -1.1513645512697076e-38, -5.971157604613709e-37, 3.1322996043269883e-37, -3.0316634071382962e-37, 2.285501260439875e-37, -1.6376272823221243e-38, 4.2414746976039335e-38, 1.1498548706468872e-37
18.1, -4.850069900870259e-37, 1.5330773103588148e-38, 6.229971420500423e-38, 1.339526149993847e-37, -9.94471351471623e-38, -4.565963437038502e-37, 1.7426242338799721e-37, -1.719589110034686e-37, -1.037418194079241e-37, 6.656836478944258e-38, -8.79666927944254e-38, -1.6835814916019986e-37, -1.549977955035299e-36, 1.1095252984725842e-39, -6.873130440862252e-38
18.2, 4.800033356712521e-37, 2.089290212558885e-38, -4.197573650336376e-38, 2.3077313848486884e-37, -1.0899023581512854e-38, -8.532001748272204e-38, 8.824845622738804e-38, 9.149278841837479e-38, 6.739480906923981e-38, 7.209181222095764e-37, 1.0064000455706203e-37, -4.3387752221079553e-38, -5.809135906881872e-38, 1.4060774952106006e-38, 1.1257415073487067e-37
18.3, -3.1155077467963837e-37, -8.606722488379654e-38, -5.90504197136195e-37, 3.683445526215893e-37, -3.183526519025171e-38, 2.028929475662295e-37, -6.484354513673239e-38, -8.916002563102409e-39, -5.2960324555399635e-37, -3.87430381398803e-37, -2.647232105251956e-37, -4.02457223825662e-37, -4.256132520619855e-37, 3.429092237740579e-38, 1.1755880011258842e-37
18.4, 3.748349298649893e-37, -5.708849914888818e-38, 2.1674075977657114e-38, -1.3835950758547996e-37, -4.988370421506401e-39, 1.7325185786334687e-37, 1.1117499737975029e-37, -1.2954098364812274e-38, 6.902212283581076e-37, -6.440235383253234e-38, 3.504949281940263e-37, -3.6294879378451226e-38, 4.792645517319409e-37, 1.7882577700577678e-38, 8.324592857456857e-38
18.5, -7.636170224464573e-38, 3.8322321208975896e-39, -6.580143449326856e-38, -3.0208130433601733e-37, 4.2815134013736594e-38, -4.5888470839608173e-38, -4.2129371540864273e-39, -1.3347710513076766e-37, 2.839649278658185e-37, 7.73083376018358e-38, -8.365152689092953e-38, -2.889393227919722e-38, 2.171330141300417e-37, -2.942085070760483e-38, -1.44436490039819e-37
18.6, -3.3853704957149244e-37, -1.534724746839598e-38, -7.554340882267123e-38, 1.4974864124832632e-37, -1.3708543400508643e-38, 3.019618924515546e-37, -1.0385937531389151e-38, -6.558098877333584e-39, -1.0414692703719205e-38, -1.2888367421154634e-37, -2.303621448821843e-37, -3.475061894577085e-39, 3.715285711907272e-37, -5.90887896269331e-39, 1.0901297779886975e-37
18.7, -3.6378881828394837e-37, -3.487845542784663e-38, 3.372735030466035e-37, -3.9354676875275e-38, 3.319716267349558e-38, -6.486949589602393e-38, -6.611989268833007e-39, 1.3552666195597026e-38, -3.6171283137085877e-37, 1.366960601665878e-37, -6.142134455377911e-38, -7.357232785685732e-39, 3.6117824254907367e-38, 1.9083885338287502e-38, -1.850537172997501e-37
18.8, -2.533896221869378e-38, 2.386841843493979e-38, 1.4542471112814145e-37, 3.117345551695658e-38, -2.0680495950203143e-39, 1.5698586810012886e-37, 1.0643645938296897e-38, -4.387447179090236e-38, -7.090186785134011e-38, 1.0901288693088955e-37, 8.965273226489144e-38, 1.9056452295069164e-38, 1.7931961267429795e-37, -1.4270941231780116e-39, -7.49547796772194e-38
18.9, 7.595728861957645e-38, 8.188746987644989e-38, -1.2472576557041117e-37, -7.173635167568435e-39, 7.694774392436175e-39, 6.150409120823655e-38, 2.9328472047247617e-38, 2.3822230240610937e-38, -3.7473284934397254e-37, -8.021565067695817e-38, -1.6442242976836725e-39, 5.056224836276025e-38, 1.3331620463032637e-37, -3.724394545411128e-39, 5.156076365738812e-41
19.0, 4.8610445038942924e-39, 2.979817942740486e-38, -6.289231087364097e-38, -6.274927445017948e-38, 4.5968691364216415e-40, -1.0034560138805543e-37, -1.344358770425614e-38, -1.8107831472512022e-38, -8.919773413902691e-38, 2.0175714211203717e-37, -1.3587854252999416e-38, 4.782104706674289e-38, 4.260181688684951e-39, 5.290633670799146e-39, 2.3075137560361414e-38
19.1, 5.592103813002325e-38, 1.0918187070609334e-38, -1.1307675800310423e-37, 8.88464902087892e-38, 1.6363307098298367e-39, -7.746352932142188e-38, -3.692495340966618e-39, -3.7370189474834295e-39, -7.055844708627159e-39, 1.9167350417713284e-38, -9.619056303924442e-38, 3.3396508848428966e-38, -3.0965048100623957e-38, 3.1119193702588144e-39, -1.0662735597159475e-38
19.2, 5.866079235345614e-38, 1.4772592682447087e-38, 6.967884049466618e-38, -2.592190757198495e-38, -1.3391529438407231e-39, -1.3191906513681686e-37, 7.222894699627597e-39, -8.843227533620705e-39, -7.208529494224871e-38, 4.943794878259664e-38, -4.0760155493703685e-38, 4.0391565150010787e-38, 6.607844695067964e-38, -8.820915469010758e-40, 3.2639427221494997e-38
19.3, -7.427584678494542e-38, -1.1522068974460375e-38, 2.541731852989601e-38, -4.758604032091014e-38, 1.0724693361524839e-41, -2.847709643331156e-38, -1.663488309483234e-39, 2.1855717094576016e-39, 3.760276848380265e-38, -1.4646507112764524e-39, -2.507602719915068e-39, -6.315573090102833e-39, 1.0829291834272574e-37, -7.807268667944764e-39, -1.2887459479655107e-38
19.4, -1.4988425716535583e-38, 1.812639665275146e-38, -1.2452363429188507e-38, -5.275760825745858e-38, 2.8684238513020082e-39, 9.231479578507698e-39, 2.6377614468094943e-39, 7.193030795958048e-39, -8.517741296612887e-38, -2.1865262207969744e-38, -1.3921475048386027e-38, 4.0547115088212514e-38, 5.961447793005893e-40, 6.579693652824933e-40, 1.0970829021249724e-38
19.5, 2.3446001023371164e-38, -9.694428084713685e-39, -6.356454608586911e-38, 4.813493957174368e-38, 5.134664888001246e-39, -5.050892021688824e-38, 1.3019513087898862e-39, 5.4488603809234646e-39, -5.3464151101549834e-39, 1.1503449841357701e-38, 1.884131511093519e-38, 4.133154073614049e-39, 5.450407763239189e-38, -3.399782600353924e-39, -3.003834960423049e-38
19.6, -6.32290022968518e-38, -2.928461887604712e-39, -2.8571717829004754e-38, -1.910817917675283e-38, -1.4202591472933498e-39, -1.9595424361048526e-40, -5.999648052960859e-39, -7.350596867470166e-39, -1.1459341813869025e-39, 1.2177013571852408e-39, 4.0915303625055524e-38, 3.964593402443008e-40, 2.288001873424377e-38, -2.2072031870940723e-39, 1.5223817160481325e-38
19.7, -6.588647648710363e-38, 7.738535062872467e-39, 6.260490553297727e-39, -4.686970772978476e-39, -8.789774018332274e-40, -1.0601177651906931e-38, -3.018172649865525e-39, 3.0720365618675965e-39, -2.863980421269005e-38, 2.6478021598464084e-38, -7.87405400672937e-39, 1.5511542455822135e-38, 1.9293326732847794e-38, 2.3241757632230594e-40, -8.968072471411281e-39
19.8, -1.7938166400428667e-38, 1.5184419998849837e-39, 1.4278152883838896e-38, 2.9350228184394406e-38, 3.74410295842629e-39, -9.012413348099186e-39, 1.672205991827692e-39, -1.550110555839161e-39, -2.0284489530047584e-38, -8.651108770661408e-39, -9.887120203330776e-39, 5.832023180004521e-39, 6.675442237416099e-39, -1.3839345302325329e-39, 1.2880485859110052e-38
19.9, 1.7388778663211023e-38, 5.7404388690725396e-39, 3.9295844898437444e-39, 2.1490385148869517e-38, -1.136717222085685e-39, 4.9468434705986814e-39, 3.381551004988624e-39, 7.567061824469312e-39, 6.55362210301129e-39, -1.5380058760191612e-40, -1.4058066234409132e-38, 4.7922274138652e-39, 1.2441710258866073e-38, -1.5292289520110583e-40, 9.250114436030382e-39
20.0, 9.845227189345062e-39, -3.6315871017724086e-40, -4.761225637210947e-39, -1.1733747176640754e-38, -1.8418337938410494e-39, -2.8311690442846403e-39, -2.7964219095579847e-39, 3.471242919242609e-39, 9.154961036709437e-39, 1.1389212675394768e-39, 8.012790316000366e-40, -9.487994668764702e-39, -2.0756636307276833e-38, 5.614554664253884e-40, 8.512734016564704e-39
